"legacy_methods","legacy_uri","legacy_name","legacy_handler","legacy_middleware","source_file","source_line","view_candidates","code_signals","flow","side_effect_class","target_match","disposition","task_id"
"GET","/","home","App\Http\Controllers\IndexController@hbrender","web|resetPlLocale|localize|localeSessionRedirect|localizationRedirect|lastModified","app/Http/Controllers/IndexController.php","96","","DB|REDIRECT","implemented foundation","READ_DB","GET|HEAD / [home] || GET|HEAD {locale} [public.localized.home]","PARITY_DONE","APP-005A"
"GET","_debugbar/assets/javascript","debugbar.assets.js","Barryvdh\Debugbar\Controllers\AssetController@js","Barryvdh\Debugbar\Middleware\DebugbarEnabled","vendor/barryvdh/laravel-debugbar/src/Controllers/AssetController.php","14","","","developer endpoints","DEV_READ_OR_WRITE","","SECURITY_REPLACE","SEO-001"
"GET","_debugbar/assets/stylesheets","debugbar.assets.css","Barryvdh\Debugbar\Controllers\AssetController@css","Barryvdh\Debugbar\Middleware\DebugbarEnabled","vendor/barryvdh/laravel-debugbar/src/Controllers/AssetController.php","36","","","developer endpoints","DEV_READ_OR_WRITE","","SECURITY_REPLACE","SEO-001"
"DELETE","_debugbar/cache/{key}/{tags?}","debugbar.cache.delete","Barryvdh\Debugbar\Controllers\CacheController@delete","Barryvdh\Debugbar\Middleware\DebugbarEnabled","vendor/barryvdh/laravel-debugbar/src/Controllers/CacheController.php","13","","","developer endpoints","DEV_READ_OR_WRITE","","SECURITY_REPLACE","SEO-001"
"GET","_debugbar/clockwork/{id}","debugbar.clockwork","Barryvdh\Debugbar\Controllers\OpenHandlerController@clockwork","Barryvdh\Debugbar\Middleware\DebugbarEnabled","vendor/barryvdh/laravel-debugbar/src/Controllers/OpenHandlerController.php","34","","","developer endpoints","DEV_READ_OR_WRITE","","SECURITY_REPLACE","SEO-001"
"GET","_debugbar/open","debugbar.openhandler","Barryvdh\Debugbar\Controllers\OpenHandlerController@handle","Barryvdh\Debugbar\Middleware\DebugbarEnabled","vendor/barryvdh/laravel-debugbar/src/Controllers/OpenHandlerController.php","13","","","developer endpoints","DEV_READ_OR_WRITE","","SECURITY_REPLACE","SEO-001"
"GET","{slug}","page","App\Http\Controllers\StaticPagesController@render_slug_page","web|resetPlLocale|localize|localeSessionRedirect|localizationRedirect|lastModified","app/Http/Controllers/StaticPagesController.php","760","collage|modular-pictures","DB|REDIRECT","public content pages","READ_DB","","MISSING_TARGET","APP-005B-PAGES-01"
"GET","about","about","App\Http\Controllers\PageController@hb_render_about","web|resetPlLocale|localize|localeSessionRedirect|localizationRedirect|lastModified","app/Http/Controllers/PageController.php","146","","","public content pages","READ_DB","","MISSING_TARGET","APP-005B-PAGES-01"
"GET","account","account.index","App\Http\Controllers\AccountController@render","web|resetPlLocale|localize|localeSessionRedirect|localizationRedirect|lastModified|auth","app/Http/Controllers/AccountController.php","39","account","DB|REDIRECT","account and profile","READ_OR_WRITE_DB","","MISSING_TARGET","AUTH-001+SEC-009"
"POST","ajax_change_information","account.ajax_change_information","App\Http\Controllers\AccountController@ajax_change_information","web|resetPlLocale|localize|localeSessionRedirect|localizationRedirect|lastModified|auth","app/Http/Controllers/AccountController.php","365","","","account and profile","READ_OR_WRITE_DB","","MISSING_TARGET","AUTH-001+SEC-009"
"GET","all_styles","all_styles","App\Http\Controllers\PageController@render_all_styles","web|resetPlLocale|localize|localeSessionRedirect|localizationRedirect|lastModified","app/Http/Controllers/PageController.php","285","all_styles","","public content pages","READ_DB","","MISSING_TARGET","APP-005B-PAGES-01"
"POST","all_styles_form","send_all_styles_form","App\Http\Controllers\UserManageController@send_all_styles_form","web|resetPlLocale|localize|localeSessionRedirect|localizationRedirect|lastModified","app/Http/Controllers/UserManageController.php","555","","MAIL|SESSION|REDIRECT","implemented foundation","WRITE_MIXED_GATED","POST all_styles_form [send_all_styles_form] || POST {locale}/all_styles_form [public.localized.send_all_styles_form]","PARITY_DONE","APP-005A-FORM-01"
"GET","arrilot/load-widget","","Arrilot\Widgets\Controllers\WidgetController@showWidget","web","vendor/arrilot/laravel-widgets/src/Controllers/WidgetController.php","19","","","runtime widgets","READ_DB","","MISSING_TARGET","APP-005B-PAGES-01"
"GET","auth/facebook/callback","facebook_callback","App\Http\Controllers\SocialController@facebook_callback","web","app/Http/Controllers/SocialController.php","102","","MODEL_WRITE|EXTERNAL|REDIRECT","social auth","EXTERNAL_AUTH_SESSION","","MISSING_TARGET","AUTH-002"
"GET","auth/facebook/redirect","facebook_redirect","App\Http\Controllers\SocialController@facebook_redirect","web","app/Http/Controllers/SocialController.php","95","","EXTERNAL|REDIRECT","social auth","EXTERNAL_AUTH_SESSION","","MISSING_TARGET","AUTH-002"
"GET","auth/google/callback","google_callback","App\Http\Controllers\SocialController@google_callback","web","app/Http/Controllers/SocialController.php","172","","MODEL_WRITE|EXTERNAL|REDIRECT","social auth","EXTERNAL_AUTH_SESSION","","MISSING_TARGET","AUTH-002"
"GET","auth/google/redirect","google_redirect","App\Http\Controllers\SocialController@google_redirect","web","app/Http/Controllers/SocialController.php","162","","EXTERNAL|REDIRECT","social auth","EXTERNAL_AUTH_SESSION","","MISSING_TARGET","AUTH-002"
"GET","basket","basket.index","App\Http\Controllers\BasketController@render","web|resetPlLocale|localize|localeSessionRedirect|localizationRedirect|lastModified|preventBackHistory","app/Http/Controllers/BasketController.php","1212","basket","DB","basket checkout and order","SESSION_DB_FILE_MAIL_WRITE","","MISSING_TARGET","APP-005B-CHECKOUT-01"
"POST","basket/add","add_item_to_basket","App\Http\Controllers\BasketController@addToBasket","web|resetPlLocale|localize|localeSessionRedirect|localizationRedirect|lastModified","app/Http/Controllers/BasketController.php","1398","","","basket checkout and order","SESSION_DB_FILE_MAIL_WRITE","","MISSING_TARGET","APP-005B-CHECKOUT-01"
"POST","basket/add/construct","add_item_to_basket_construct","App\Http\Controllers\BasketController@addToBasketConstruct","web|resetPlLocale|localize|localeSessionRedirect|localizationRedirect|lastModified","app/Http/Controllers/BasketController.php","2021","","FILE|SESSION","basket checkout and order","SESSION_DB_FILE_MAIL_WRITE","","MISSING_TARGET","APP-005B-CHECKOUT-01"
"POST","basket/add/future_art","add_future_art","App\Http\Controllers\BasketController@addToBasketArt","web|resetPlLocale|localize|localeSessionRedirect|localizationRedirect|lastModified","app/Http/Controllers/BasketController.php","1750","","MODEL_WRITE|FILE|MAIL","basket checkout and order","SESSION_DB_FILE_MAIL_WRITE","","MISSING_TARGET","APP-005B-CHECKOUT-01"
"POST","basket/add/inter","add_item_to_basket_inter","App\Http\Controllers\BasketController@addToBasketInterier","web|resetPlLocale|localize|localeSessionRedirect|localizationRedirect|lastModified","app/Http/Controllers/BasketController.php","1837","","FILE|SESSION","basket checkout and order","SESSION_DB_FILE_MAIL_WRITE","","MISSING_TARGET","APP-005B-CHECKOUT-01"
"POST","basket/add/module","add_item_to_basket_module","App\Http\Controllers\BasketController@addToBasketModule","web|resetPlLocale|localize|localeSessionRedirect|localizationRedirect|lastModified","app/Http/Controllers/BasketController.php","1938","","FILE|SESSION","basket checkout and order","SESSION_DB_FILE_MAIL_WRITE","","MISSING_TARGET","APP-005B-CHECKOUT-01"
"POST","basket/add/portrait","add_item_to_basket_portrait","App\Http\Controllers\BasketController@addToBasketPortrait","web|resetPlLocale|localize|localeSessionRedirect|localizationRedirect|lastModified","app/Http/Controllers/BasketController.php","2194","","","basket checkout and order","SESSION_DB_FILE_MAIL_WRITE","","MISSING_TARGET","APP-005B-CHECKOUT-01"
"POST","basket/add/recommended","basket.add_recommended","App\Http\Controllers\BasketController@addRecommendedToBasket","web|resetPlLocale|localize|localeSessionRedirect|localizationRedirect|lastModified","app/Http/Controllers/BasketController.php","2456","","","basket checkout and order","SESSION_DB_FILE_MAIL_WRITE","","MISSING_TARGET","APP-005B-CHECKOUT-01"
"POST","basket/add-canvas-recommendation","basket.add_canvas_recommendation","App\Http\Controllers\BasketController@addCanvasRecommendation","web|resetPlLocale|localize|localeSessionRedirect|localizationRedirect|lastModified","app/Http/Controllers/BasketController.php","2547","","","basket checkout and order","SESSION_DB_FILE_MAIL_WRITE","","MISSING_TARGET","APP-005B-CHECKOUT-01"
"GET|POST|PUT|PATCH|DELETE|OPTIONS","basket/coupon_use","coupon_use","App\Http\Controllers\BasketController@coupon_use","web|resetPlLocale|localize|localeSessionRedirect|localizationRedirect|lastModified","app/Http/Controllers/BasketController.php","114","","DB|MODEL_WRITE|SESSION","basket checkout and order","SESSION_DB_FILE_MAIL_WRITE","","MISSING_TARGET","APP-005B-CHECKOUT-01"
"POST","basket/remove","remove_item_from_basket","App\Http\Controllers\BasketController@removeFromBasket","web|resetPlLocale|localize|localeSessionRedirect|localizationRedirect|lastModified","app/Http/Controllers/BasketController.php","1433","","SESSION","basket checkout and order","SESSION_DB_FILE_MAIL_WRITE","","MISSING_TARGET","APP-005B-CHECKOUT-01"
"GET|POST|PUT|PATCH|DELETE|OPTIONS","basket/send_gift_card","send_gift_card","App\Http\Controllers\BasketController@send_gift_card","web|resetPlLocale|localize|localeSessionRedirect|localizationRedirect|lastModified","app/Http/Controllers/BasketController.php","2384","","","basket checkout and order","SESSION_DB_FILE_MAIL_WRITE","","MISSING_TARGET","APP-005B-CHECKOUT-01"
"GET","basket/submitbonuses","submit_bonuses","App\Http\Controllers\BasketController@submitBonuses","web|resetPlLocale|localize|localeSessionRedirect|localizationRedirect|lastModified","app/Http/Controllers/BasketController.php","102","","SESSION","unsafe checkout GET mutation","PUBLIC_GET_MIXED_WRITE","","SECURITY_REPLACE","APP-005B-CHECKOUT-01+SEC-009"
"POST","basket/submitbonuses","submit_bonuses","App\Http\Controllers\BasketController@submitBonuses","web|resetPlLocale|localize|localeSessionRedirect|localizationRedirect|lastModified","app/Http/Controllers/BasketController.php","102","","SESSION","basket checkout and order","SESSION_DB_FILE_MAIL_WRITE","","MISSING_TARGET","APP-005B-CHECKOUT-01"
"GET","basket/thanks","basket.thanks","App\Http\Controllers\BasketController@renderThanksPage","web|resetPlLocale|localize|localeSessionRedirect|localizationRedirect|lastModified|preventBackHistory","app/Http/Controllers/BasketController.php","1248","thanks","DB|MODEL_WRITE|SESSION|QUEUE","unsafe checkout GET mutation","PUBLIC_GET_MIXED_WRITE","","SECURITY_REPLACE","APP-005B-CHECKOUT-01+SEC-009"
"POST","basket/update/count","update_count","App\Http\Controllers\BasketController@updateCount","web|resetPlLocale|localize|localeSessionRedirect|localizationRedirect|lastModified","app/Http/Controllers/BasketController.php","1474","","SESSION","basket checkout and order","SESSION_DB_FILE_MAIL_WRITE","","MISSING_TARGET","APP-005B-CHECKOUT-01"
"POST","basket/update_prices","update_prices","App\Http\Controllers\BasketController@update_prices","web|resetPlLocale|localize|localeSessionRedirect|localizationRedirect|lastModified","app/Http/Controllers/BasketController.php","1243","","SESSION","basket checkout and order","SESSION_DB_FILE_MAIL_WRITE","","MISSING_TARGET","APP-005B-CHECKOUT-01"
"GET","blog","blog","App\Http\Controllers\BlogController@blog","web|resetPlLocale|localize|localeSessionRedirect|localizationRedirect|lastModified","app/Http/Controllers/BlogController.php","51","","","public content pages","READ_DB","","MISSING_TARGET","APP-005B-PAGES-01"
"GET","blog/{slug}","blog_inner","App\Http\Controllers\BlogController@blog_article","web|resetPlLocale|localize|localeSessionRedirect|localizationRedirect|lastModified","app/Http/Controllers/BlogController.php","175","","DB|REDIRECT","public content pages","READ_DB","","MISSING_TARGET","APP-005B-PAGES-01"
"GET","blog/-10","","Closure","web","routes/redirect.php","380","","","redirects","READ_REDIRECT","","SECURITY_REPLACE","SEO-003+SEO-004"
"GET","blog/-11","","Closure","web","routes/redirect.php","380","","","redirects","READ_REDIRECT","","SECURITY_REPLACE","SEO-003+SEO-004"
"GET","blog/-12","","Closure","web","routes/redirect.php","380","","","redirects","READ_REDIRECT","","SECURITY_REPLACE","SEO-003+SEO-004"
"GET","blog/-13","","Closure","web","routes/redirect.php","380","","","redirects","READ_REDIRECT","","SECURITY_REPLACE","SEO-003+SEO-004"
"GET","blog/-14","","Closure","web","routes/redirect.php","380","","","redirects","READ_REDIRECT","","SECURITY_REPLACE","SEO-003+SEO-004"
"GET","blog/-15","","Closure","web","routes/redirect.php","380","","","redirects","READ_REDIRECT","","SECURITY_REPLACE","SEO-003+SEO-004"
"GET","blog/-16","","Closure","web","routes/redirect.php","380","","","redirects","READ_REDIRECT","","SECURITY_REPLACE","SEO-003+SEO-004"
"GET","blog/-17","","Closure","web","routes/redirect.php","380","","","redirects","READ_REDIRECT","","SECURITY_REPLACE","SEO-003+SEO-004"
"GET","blog/-18","","Closure","web","routes/redirect.php","380","","","redirects","READ_REDIRECT","","SECURITY_REPLACE","SEO-003+SEO-004"
"GET","blog/-19","","Closure","web","routes/redirect.php","380","","","redirects","READ_REDIRECT","","SECURITY_REPLACE","SEO-003+SEO-004"
"GET","blog/-2","","Closure","web","routes/redirect.php","380","","","redirects","READ_REDIRECT","","SECURITY_REPLACE","SEO-003+SEO-004"
"GET","blog/-20","","Closure","web","routes/redirect.php","380","","","redirects","READ_REDIRECT","","SECURITY_REPLACE","SEO-003+SEO-004"
"GET","blog/-4","","Closure","web","routes/redirect.php","380","","","redirects","READ_REDIRECT","","SECURITY_REPLACE","SEO-003+SEO-004"
"GET","blog/-6","","Closure","web","routes/redirect.php","380","","","redirects","READ_REDIRECT","","SECURITY_REPLACE","SEO-003+SEO-004"
"GET","blog/-9","","Closure","web","routes/redirect.php","380","","","redirects","READ_REDIRECT","","SECURITY_REPLACE","SEO-003+SEO-004"
"GET","blog/art-portrait-canvas-kanvas","","Closure","web","routes/redirect.php","380","","","redirects","READ_REDIRECT","","SECURITY_REPLACE","SEO-003+SEO-004"
"GET","blog/art-portrait-kanvas-art","","Closure","web","routes/redirect.php","380","","","redirects","READ_REDIRECT","","SECURITY_REPLACE","SEO-003+SEO-004"
"GET","blog/art-prezent-dla-bliskich","","Closure","web","routes/redirect.php","380","","","redirects","READ_REDIRECT","","SECURITY_REPLACE","SEO-003+SEO-004"
"GET","blog/augintinio-portretas","","Closure","web","routes/redirect.php","380","","","redirects","READ_REDIRECT","","SECURITY_REPLACE","SEO-003+SEO-004"
"GET","blog/aukstos-kokybės-reprodukcija","","Closure","web","routes/redirect.php","380","","","redirects","READ_REDIRECT","","SECURITY_REPLACE","SEO-003+SEO-004"
"GET","blog/Bagetinis-paveikslų-rėminimas","","Closure","web","routes/redirect.php","380","","","redirects","READ_REDIRECT","","SECURITY_REPLACE","SEO-003+SEO-004"
"GET","blog/bagetnoe-obramlenie-kartin","","Closure","web","routes/redirect.php","380","","","redirects","READ_REDIRECT","","SECURITY_REPLACE","SEO-003+SEO-004"
"GET","blog/Baguette-Rahmen-aus-Gemälden-Relikte-aus-der-Vergangenheit-oder-noch-relevant","","Closure","web","routes/redirect.php","380","","","redirects","READ_REDIRECT","","SECURITY_REPLACE","SEO-003+SEO-004"
"GET","blog/canvas","","Closure","web","routes/redirect.php","380","","","redirects","READ_REDIRECT","","SECURITY_REPLACE","SEO-003+SEO-004"
"GET","blog/canvas-or-photo-painting-transform-your-memories-into-art","","Closure","web","routes/redirect.php","380","","","redirects","READ_REDIRECT","","SECURITY_REPLACE","SEO-003+SEO-004"
"GET","blog/canvas-wall-print","","Closure","web","routes/redirect.php","380","","","redirects","READ_REDIRECT","","SECURITY_REPLACE","SEO-003+SEO-004"
"GET","blog/category/{slug}","blog_category","App\Http\Controllers\BlogController@blog_category","web|resetPlLocale|localize|localeSessionRedirect|localizationRedirect|lastModified","app/Http/Controllers/BlogController.php","107","","","public content pages","READ_DB","","MISSING_TARGET","APP-005B-PAGES-01"
"GET","blog/category/all","blog_category_all","App\Http\Controllers\BlogController@blog_category_all","web|resetPlLocale|localize|localeSessionRedirect|localizationRedirect|lastModified","app/Http/Controllers/BlogController.php","146","","","public content pages","READ_DB","","MISSING_TARGET","APP-005B-PAGES-01"
"GET","blog/collage-mit-kindern-das-beste-geschenk-für-eltern-und-ihre-kinder","","Closure","web","routes/redirect.php","380","","","redirects","READ_REDIRECT","","SECURITY_REPLACE","SEO-003+SEO-004"
"GET","blog/detskij-kollazh-samyj-luchshij-podarok-dlya-roditelej-i-druzej","","Closure","web","routes/redirect.php","380","","","redirects","READ_REDIRECT","","SECURITY_REPLACE","SEO-003+SEO-004"
"GET","blog/digitāla-druka-un-eļļa.","","Closure","web","routes/redirect.php","380","","","redirects","READ_REDIRECT","","SECURITY_REPLACE","SEO-003+SEO-004"
"GET","blog/dovanu-kortele-puiki-dovana","","Closure","web","routes/redirect.php","380","","","redirects","READ_REDIRECT","","SECURITY_REPLACE","SEO-003+SEO-004"
"GET","blog/dovanu-pakuote","","Closure","web","routes/redirect.php","380","","","redirects","READ_REDIRECT","","SECURITY_REPLACE","SEO-003+SEO-004"
"GET","blog/druka-uz-audekla-dāvanā","","Closure","web","routes/redirect.php","380","","","redirects","READ_REDIRECT","","SECURITY_REPLACE","SEO-003+SEO-004"
"GET","blog/druzheskij-sharzh-otlichnyj-sposob-poveselit-druzej-i-znakomyh","","Closure","web","routes/redirect.php","380","","","redirects","READ_REDIRECT","","SECURITY_REPLACE","SEO-003+SEO-004"
"GET","blog/eine-geschenk-karte-ist-ein-gutes-geschenk-für-einen-anlass","","Closure","web","routes/redirect.php","380","","","redirects","READ_REDIRECT","","SECURITY_REPLACE","SEO-003+SEO-004"
"GET","blog/ffff","","Closure","web","routes/redirect.php","380","","","redirects","READ_REDIRECT","","SECURITY_REPLACE","SEO-003+SEO-004"
"GET","blog/foto_uz_kanvas","","Closure","web","routes/redirect.php","380","","","redirects","READ_REDIRECT","","SECURITY_REPLACE","SEO-003+SEO-004"
"GET","blog/fotod-fotosessioonist-õuendil","","Closure","web","routes/redirect.php","380","","","redirects","READ_REDIRECT","","SECURITY_REPLACE","SEO-003+SEO-004"
"GET","blog/fotodrobės","","Closure","web","routes/redirect.php","380","","","redirects","READ_REDIRECT","","SECURITY_REPLACE","SEO-003+SEO-004"
"GET","blog/fotografie-do-portretu","","Closure","web","routes/redirect.php","380","","","redirects","READ_REDIRECT","","SECURITY_REPLACE","SEO-003+SEO-004"
"GET","blog/foto-kanvas","","Closure","web","routes/redirect.php","380","","","redirects","READ_REDIRECT","","SECURITY_REPLACE","SEO-003+SEO-004"
"GET","blog/fotokartina-luchshij-podarok-roditelyam","","Closure","web","routes/redirect.php","380","","","redirects","READ_REDIRECT","","SECURITY_REPLACE","SEO-003+SEO-004"
"GET","blog/fotolõuend","","Closure","web","routes/redirect.php","380","","","redirects","READ_REDIRECT","","SECURITY_REPLACE","SEO-003+SEO-004"
"GET","blog/fotoobraz-jest-najlepszym-prezentem-dla-rodziców","","Closure","web","routes/redirect.php","380","","","redirects","READ_REDIRECT","","SECURITY_REPLACE","SEO-003+SEO-004"
"GET","blog/fotoobraz-na-płótnie-w-prezencie","","Closure","web","routes/redirect.php","380","","","redirects","READ_REDIRECT","","SECURITY_REPLACE","SEO-003+SEO-004"
"GET","blog/fotopaveikslas","","Closure","web","routes/redirect.php","380","","","redirects","READ_REDIRECT","","SECURITY_REPLACE","SEO-003+SEO-004"
"GET","blog/fotopilt-on-parim-kingitus-vanematele","","Closure","web","routes/redirect.php","380","","","redirects","READ_REDIRECT","","SECURITY_REPLACE","SEO-003+SEO-004"
"GET","blog/Fotos auf Leinwand","","Closure","web","routes/redirect.php","380","","","redirects","READ_REDIRECT","","SECURITY_REPLACE","SEO-003+SEO-004"
"GET","blog/freundliche-karikatur-ist-ein-guter-weg-um-spaß-mit-freunden-und-bekannten-zu-haben","","Closure","web","routes/redirect.php","380","","","redirects","READ_REDIRECT","","SECURITY_REPLACE","SEO-003+SEO-004"
"GET","blog/giclee-technology-art","","Closure","web","routes/redirect.php","380","","","redirects","READ_REDIRECT","","SECURITY_REPLACE","SEO-003+SEO-004"
"GET","blog/gift-for_man","","Closure","web","routes/redirect.php","380","","","redirects","READ_REDIRECT","","SECURITY_REPLACE","SEO-003+SEO-004"
"GET","blog/gift-for-mather","","Closure","web","routes/redirect.php","380","","","redirects","READ_REDIRECT","","SECURITY_REPLACE","SEO-003+SEO-004"
"GET","blog/gleznas-uz-audekla-dāvanu-iesaiņojums","","Closure","web","routes/redirect.php","380","","","redirects","READ_REDIRECT","","SECURITY_REPLACE","SEO-003+SEO-004"
"GET","blog/Gleznu-bagetes-ieramešana","","Closure","web","routes/redirect.php","380","","","redirects","READ_REDIRECT","","SECURITY_REPLACE","SEO-003+SEO-004"
"GET","blog/graafilised-portreed-kaasaegse-maailma-kunst","","Closure","web","routes/redirect.php","380","","","redirects","READ_REDIRECT","","SECURITY_REPLACE","SEO-003+SEO-004"
"GET","blog/graficheskie-portrety-iskusstvo-sovremennogo-mira","","Closure","web","routes/redirect.php","380","","","redirects","READ_REDIRECT","","SECURITY_REPLACE","SEO-003+SEO-004"
"GET","blog/grafische-porträts-der-kunst-der-modernen-welt","","Closure","web","routes/redirect.php","380","","","redirects","READ_REDIRECT","","SECURITY_REPLACE","SEO-003+SEO-004"
"GET","blog/Haustierporträt Aristokraten","","Closure","web","routes/redirect.php","380","","","redirects","READ_REDIRECT","","SECURITY_REPLACE","SEO-003+SEO-004"
"GET","blog/ivaizdzio-portretas","","Closure","web","routes/redirect.php","380","","","redirects","READ_REDIRECT","","SECURITY_REPLACE","SEO-003+SEO-004"
"GET","blog/jak-powstaje-portret-graficzny","","Closure","web","routes/redirect.php","380","","","redirects","READ_REDIRECT","","SECURITY_REPLACE","SEO-003+SEO-004"
"GET","blog/kak-risuetsya-graficheskiy-portret","","Closure","web","routes/redirect.php","380","","","redirects","READ_REDIRECT","","SECURITY_REPLACE","SEO-003+SEO-004"
"GET","blog/kanva","","Closure","web","routes/redirect.php","380","","","redirects","READ_REDIRECT","","SECURITY_REPLACE","SEO-003+SEO-004"
"GET","blog/kanvas","","Closure","web","routes/redirect.php","380","","","redirects","READ_REDIRECT","","SECURITY_REPLACE","SEO-003+SEO-004"
"GET","blog/kanvas_ pamatā _pigments_vai_šķīdinātāja_tinte_kura_ir_labāka","","Closure","web","routes/redirect.php","380","","","redirects","READ_REDIRECT","","SECURITY_REPLACE","SEO-003+SEO-004"
"GET","blog/kanvas_apdruka","","Closure","web","routes/redirect.php","380","","","redirects","READ_REDIRECT","","SECURITY_REPLACE","SEO-003+SEO-004"
"GET","blog/kanvas-apdruka-foto","","Closure","web","routes/redirect.php","380","","","redirects","READ_REDIRECT","","SECURITY_REPLACE","SEO-003+SEO-004"
"GET","blog/kanvas-kvalitāte-foto","","Closure","web","routes/redirect.php","380","","","redirects","READ_REDIRECT","","SECURITY_REPLACE","SEO-003+SEO-004"
"GET","blog/kanvas-nice-gift-for","","Closure","web","routes/redirect.php","380","","","redirects","READ_REDIRECT","","SECURITY_REPLACE","SEO-003+SEO-004"
"GET","blog/karikatura-pec-pasutijuma","","Closure","web","routes/redirect.php","380","","","redirects","READ_REDIRECT","","SECURITY_REPLACE","SEO-003+SEO-004"
"GET","blog/karta-podarunkowa","","Closure","web","routes/redirect.php","380","","","redirects","READ_REDIRECT","","SECURITY_REPLACE","SEO-003+SEO-004"
"GET","blog/kartiny-na-osnove-pigmentnyh-ili-solventnyh-chernil-kakie-luchshe","","Closure","web","routes/redirect.php","380","","","redirects","READ_REDIRECT","","SECURITY_REPLACE","SEO-003+SEO-004"
"GET","blog/kinkekaart-on-suurepärane-kingitus-igal-juhul","","Closure","web","routes/redirect.php","380","","","redirects","READ_REDIRECT","","SECURITY_REPLACE","SEO-003+SEO-004"
"GET","blog/kinkepakk","","Closure","web","routes/redirect.php","380","","","redirects","READ_REDIRECT","","SECURITY_REPLACE","SEO-003+SEO-004"
"GET","blog/kolaza–pati-labaka-davana","","Closure","web","routes/redirect.php","380","","","redirects","READ_REDIRECT","","SECURITY_REPLACE","SEO-003+SEO-004"
"GET","blog/kolaże-z-dziećmi-najlepszy-prezent-dla-rodziców-i-ich-dzieci","","Closure","web","routes/redirect.php","380","","","redirects","READ_REDIRECT","","SECURITY_REPLACE","SEO-003+SEO-004"
"GET","blog/Koliažas-ant-drobės","","Closure","web","routes/redirect.php","380","","","redirects","READ_REDIRECT","","SECURITY_REPLACE","SEO-003+SEO-004"
"GET","blog/kollaaž-on-parim-kingitus-vanematele-ja-nende","","Closure","web","routes/redirect.php","380","","","redirects","READ_REDIRECT","","SECURITY_REPLACE","SEO-003+SEO-004"
"GET","blog/kompozycja-z-fotoobrazów","","Closure","web","routes/redirect.php","380","","","redirects","READ_REDIRECT","","SECURITY_REPLACE","SEO-003+SEO-004"
"GET","blog/kuidas-joonistatakse-graafiline-portree","","Closure","web","routes/redirect.php","380","","","redirects","READ_REDIRECT","","SECURITY_REPLACE","SEO-003+SEO-004"
"GET","blog/labaka-davana-vecakiem","","Closure","web","routes/redirect.php","380","","","redirects","READ_REDIRECT","","SECURITY_REPLACE","SEO-003+SEO-004"
"GET","blog/legendaarsete-maalide-reprodutseerimine-lõuendil-kvaliteetselt","","Closure","web","routes/redirect.php","380","","","redirects","READ_REDIRECT","","SECURITY_REPLACE","SEO-003+SEO-004"
"GET","blog/leģendāras-gleznas-reprodukcijas","","Closure","web","routes/redirect.php","380","","","redirects","READ_REDIRECT","","SECURITY_REPLACE","SEO-003+SEO-004"
"GET","blog/looge-digitaalse-printimise-ja-õli-abil-elutruud-maalid","","Closure","web","routes/redirect.php","380","","","redirects","READ_REDIRECT","","SECURITY_REPLACE","SEO-003+SEO-004"
"GET","blog/lustiges-simpsons-stil-porträt-werden-einer-der-helden-des-legendären-cartoons","","Closure","web","routes/redirect.php","380","","","redirects","READ_REDIRECT","","SECURITY_REPLACE","SEO-003+SEO-004"
"GET","blog/maalide-baguette-raamimine","","Closure","web","routes/redirect.php","380","","","redirects","READ_REDIRECT","","SECURITY_REPLACE","SEO-003+SEO-004"
"GET","blog/maalimine-fotost-lõuendile-suurepärane-kingitus","","Closure","web","routes/redirect.php","380","","","redirects","READ_REDIRECT","","SECURITY_REPLACE","SEO-003+SEO-004"
"GET","blog/mājdzīvnieka-portrets","","Closure","web","routes/redirect.php","380","","","redirects","READ_REDIRECT","","SECURITY_REPLACE","SEO-003+SEO-004"
"GET","blog/man-gift","","Closure","web","routes/redirect.php","380","","","redirects","READ_REDIRECT","","SECURITY_REPLACE","SEO-003+SEO-004"
"GET","blog/millised-fotod-sobivad-portree-loomiseks","","Closure","web","routes/redirect.php","380","","","redirects","READ_REDIRECT","","SECURITY_REPLACE","SEO-003+SEO-004"
"GET","blog/modulare-malerei-eine-ungewöhnliche-und-interessante-einrichtungslösung","","Closure","web","routes/redirect.php","380","","","redirects","READ_REDIRECT","","SECURITY_REPLACE","SEO-003+SEO-004"
"GET","blog/Moduliniai-paveikslai","","Closure","web","routes/redirect.php","380","","","redirects","READ_REDIRECT","","SECURITY_REPLACE","SEO-003+SEO-004"
"GET","blog/modulnye-kartiny-neobychnoe-i-interesnoe-reshenie-dlya-interera","","Closure","web","routes/redirect.php","380","","","redirects","READ_REDIRECT","","SECURITY_REPLACE","SEO-003+SEO-004"
"GET","blog/moduļu-kanvas-generators","","Closure","web","routes/redirect.php","380","","","redirects","READ_REDIRECT","","SECURITY_REPLACE","SEO-003+SEO-004"
"GET","blog/moodulmaalid-ebatavaline-ja-huvitav-lahendus-interjööri-jaoks","","Closure","web","routes/redirect.php","380","","","redirects","READ_REDIRECT","","SECURITY_REPLACE","SEO-003+SEO-004"
"GET","blog/naljakas-portree-stiilis-simpsonid-saage-üheks-legendaarse-animasarja-kangelaseks","","Closure","web","routes/redirect.php","380","","","redirects","READ_REDIRECT","","SECURITY_REPLACE","SEO-003+SEO-004"
"GET","blog/obrazy-modułowe","","Closure","web","routes/redirect.php","380","","","redirects","READ_REDIRECT","","SECURITY_REPLACE","SEO-003+SEO-004"
"GET","blog/obrazy-wykonane-farbami","","Closure","web","routes/redirect.php","380","","","redirects","READ_REDIRECT","","SECURITY_REPLACE","SEO-003+SEO-004"
"GET","blog/opakowanie-prezentowe","","Closure","web","routes/redirect.php","380","","","redirects","READ_REDIRECT","","SECURITY_REPLACE","SEO-003+SEO-004"
"GET","blog/painting-artists","","Closure","web","routes/redirect.php","380","","","redirects","READ_REDIRECT","","SECURITY_REPLACE","SEO-003+SEO-004"
"GET","blog/Paveikslas-is-nuotraukos-ant-drobės","","Closure","web","routes/redirect.php","380","","","redirects","READ_REDIRECT","","SECURITY_REPLACE","SEO-003+SEO-004"
"GET","blog/Paveikslas-iš-nuotraukos-ant-drobės","","Closure","web","routes/redirect.php","380","","","redirects","READ_REDIRECT","","SECURITY_REPLACE","SEO-003+SEO-004"
"GET","blog/pet-portrait-on-canvas","","Closure","web","routes/redirect.php","380","","","redirects","READ_REDIRECT","","SECURITY_REPLACE","SEO-003+SEO-004"
"GET","blog/photo-canvas-quality","","Closure","web","routes/redirect.php","380","","","redirects","READ_REDIRECT","","SECURITY_REPLACE","SEO-003+SEO-004"
"GET","blog/photo-canvas-with-high-quality-printing","","Closure","web","routes/redirect.php","380","","","redirects","READ_REDIRECT","","SECURITY_REPLACE","SEO-003+SEO-004"
"GET","blog/photo-recovery-canvas","","Closure","web","routes/redirect.php","380","","","redirects","READ_REDIRECT","","SECURITY_REPLACE","SEO-003+SEO-004"
"GET","blog/Pigment- oder Lösemitteltinte - was ist besser","","Closure","web","routes/redirect.php","380","","","redirects","READ_REDIRECT","","SECURITY_REPLACE","SEO-003+SEO-004"
"GET","blog/pigmentiniai-ar-tirpikliniai-paveikslai","","Closure","web","routes/redirect.php","380","","","redirects","READ_REDIRECT","","SECURITY_REPLACE","SEO-003+SEO-004"
"GET","blog/pigment-või-lahustivärvil-põhinevad-maalid-millised-neist-on-paremad","","Closure","web","routes/redirect.php","380","","","redirects","READ_REDIRECT","","SECURITY_REPLACE","SEO-003+SEO-004"
"GET","blog/Podarochnaya upakovka","","Closure","web","routes/redirect.php","380","","","redirects","READ_REDIRECT","","SECURITY_REPLACE","SEO-003+SEO-004"
"GET","blog/podarochnaya-karta-velikolepnyj-prezent-na-lyuboj-sluchaj","","Closure","web","routes/redirect.php","380","","","redirects","READ_REDIRECT","","SECURITY_REPLACE","SEO-003+SEO-004"
"GET","blog/Podarotschnaja-upakowka","","Closure","web","routes/redirect.php","380","","","redirects","READ_REDIRECT","","SECURITY_REPLACE","SEO-003+SEO-004"
"GET","blog/portraitdrawing","","Closure","web","routes/redirect.php","380","","","redirects","READ_REDIRECT","","SECURITY_REPLACE","SEO-003+SEO-004"
"GET","blog/porträt-in-der-similitude-mehr-als-nur-eine-fotomontage","","Closure","web","routes/redirect.php","380","","","redirects","READ_REDIRECT","","SECURITY_REPLACE","SEO-003+SEO-004"
"GET","blog/porträt-ist-ein-teil-der-seele-auf-der-leinwand-ein-ein paar-worte-über-die-qualität-des-porträts","","Closure","web","routes/redirect.php","380","","","redirects","READ_REDIRECT","","SECURITY_REPLACE","SEO-003+SEO-004"
"GET","blog/portree-on-tükk-hinge-lõuendil","","Closure","web","routes/redirect.php","380","","","redirects","READ_REDIRECT","","SECURITY_REPLACE","SEO-003+SEO-004"
"GET","blog/portree-pildil-on-midagi-enamat-kui-lihtsalt-fotomontaaž","","Closure","web","routes/redirect.php","380","","","redirects","READ_REDIRECT","","SECURITY_REPLACE","SEO-003+SEO-004"
"GET","blog/portree-stiilis-lemmikloomad-aristokraadid","","Closure","web","routes/redirect.php","380","","","redirects","READ_REDIRECT","","SECURITY_REPLACE","SEO-003+SEO-004"
"GET","blog/portret-chastichka-dushi-na-polotne","","Closure","web","routes/redirect.php","380","","","redirects","READ_REDIRECT","","SECURITY_REPLACE","SEO-003+SEO-004"
"GET","blog/portreti-pēc-fotografījas","","Closure","web","routes/redirect.php","380","","","redirects","READ_REDIRECT","","SECURITY_REPLACE","SEO-003+SEO-004"
"GET","blog/portrets","","Closure","web","routes/redirect.php","380","","","redirects","READ_REDIRECT","","SECURITY_REPLACE","SEO-003+SEO-004"
"GET","blog/portrets_vesturiska_kostima","","Closure","web","routes/redirect.php","380","","","redirects","READ_REDIRECT","","SECURITY_REPLACE","SEO-003+SEO-004"
"GET","blog/portrets-pēc-foto – kā-dāvana","","Closure","web","routes/redirect.php","380","","","redirects","READ_REDIRECT","","SECURITY_REPLACE","SEO-003+SEO-004"
"GET","blog/portrets-uz-kanvas -simpsonu-stilā","","Closure","web","routes/redirect.php","380","","","redirects","READ_REDIRECT","","SECURITY_REPLACE","SEO-003+SEO-004"
"GET","blog/portret-to-fragment-duszy-na-płotnie-o-jakości-portretu","","Closure","web","routes/redirect.php","380","","","redirects","READ_REDIRECT","","SECURITY_REPLACE","SEO-003+SEO-004"
"GET","blog/portret-v-obraze-nechto-bolshee-chem-prosto-fotomontazh","","Closure","web","routes/redirect.php","380","","","redirects","READ_REDIRECT","","SECURITY_REPLACE","SEO-003+SEO-004"
"GET","blog/portret-w-stylu-pupila","","Closure","web","routes/redirect.php","380","","","redirects","READ_REDIRECT","","SECURITY_REPLACE","SEO-003+SEO-004"
"GET","blog/portrety-artystyczne","","Closure","web","routes/redirect.php","380","","","redirects","READ_REDIRECT","","SECURITY_REPLACE","SEO-003+SEO-004"
"GET","blog/portrety-graficzne-sztuka-nowoczesności.","","Closure","web","routes/redirect.php","380","","","redirects","READ_REDIRECT","","SECURITY_REPLACE","SEO-003+SEO-004"
"GET","blog/portret-z-charakterem","","Closure","web","routes/redirect.php","380","","","redirects","READ_REDIRECT","","SECURITY_REPLACE","SEO-003+SEO-004"
"GET","blog/quality-print-on-canvas","","Closure","web","routes/redirect.php","380","","","redirects","READ_REDIRECT","","SECURITY_REPLACE","SEO-003+SEO-004"
"GET","blog/ramki-do-obrazów","","Closure","web","routes/redirect.php","380","","","redirects","READ_REDIRECT","","SECURITY_REPLACE","SEO-003+SEO-004"
"GET","blog/Realistische-Bilder-erstellen-mit-Digitaldruck-und-Öl","","Closure","web","routes/redirect.php","380","","","redirects","READ_REDIRECT","","SECURITY_REPLACE","SEO-003+SEO-004"
"GET","blog/reprodukciya-legendarnyh-kartin-na-holste-v-vysokom-kachestve","","Closure","web","routes/redirect.php","380","","","redirects","READ_REDIRECT","","SECURITY_REPLACE","SEO-003+SEO-004"
"GET","blog/reprodukcja-legendarnych-obrazów","","Closure","web","routes/redirect.php","380","","","redirects","READ_REDIRECT","","SECURITY_REPLACE","SEO-003+SEO-004"
"GET","blog/Reproduktion-der-Legendenmalerei-auf-Leinwand-in-hochwertiger-Qualität","","Closure","web","routes/redirect.php","380","","","redirects","READ_REDIRECT","","SECURITY_REPLACE","SEO-003+SEO-004"
"GET","blog/sarzas-karikaturas","","Closure","web","routes/redirect.php","380","","","redirects","READ_REDIRECT","","SECURITY_REPLACE","SEO-003+SEO-004"
"GET","blog/sarzas-karykatura","","Closure","web","routes/redirect.php","380","","","redirects","READ_REDIRECT","","SECURITY_REPLACE","SEO-003+SEO-004"
"GET","blog/simpsonu-stiliaus-portretas","","Closure","web","routes/redirect.php","380","","","redirects","READ_REDIRECT","","SECURITY_REPLACE","SEO-003+SEO-004"
"GET","blog/sõbralik-koomiks-on-suurepärane-viis-sõprade-ja-tuttavate-lõbustamiseks","","Closure","web","routes/redirect.php","380","","","redirects","READ_REDIRECT","","SECURITY_REPLACE","SEO-003+SEO-004"
"GET","blog/sozdanie-realistichnyh-kartin-pri-pomoshchi-cifrovoj-pechati-i-masla","","Closure","web","routes/redirect.php","380","","","redirects","READ_REDIRECT","","SECURITY_REPLACE","SEO-003+SEO-004"
"GET","blog/tworzenie-realistycznych-obrazów-za-pomocą-wydruków-cyfrowych-i-olejów","","Closure","web","routes/redirect.php","380","","","redirects","READ_REDIRECT","","SECURITY_REPLACE","SEO-003+SEO-004"
"GET","blog/wspólna-karykatura-to-świetny-sposób-na-przyjemną-zabawę-z-przyjaciółmi-i-znajomymi","","Closure","web","routes/redirect.php","380","","","redirects","READ_REDIRECT","","SECURITY_REPLACE","SEO-003+SEO-004"
"GET","blog/zabavnyj-portret-v-stile-simpsony-stan-odnim-iz-geroev-legendarnogo-multseriala","","Closure","web","routes/redirect.php","380","","","redirects","READ_REDIRECT","","SECURITY_REPLACE","SEO-003+SEO-004"
"GET","blog/zabawny-portret-w-stylu","","Closure","web","routes/redirect.php","380","","","redirects","READ_REDIRECT","","SECURITY_REPLACE","SEO-003+SEO-004"
"GET","blog/zdjęcia-na-płótnie","","Closure","web","routes/redirect.php","380","","","redirects","READ_REDIRECT","","SECURITY_REPLACE","SEO-003+SEO-004"
"GET","blog_article/{slug}","blog_article","App\Http\Controllers\BlogController@blog_article","web|resetPlLocale|localize|localeSessionRedirect|localizationRedirect|lastModified","app/Http/Controllers/BlogController.php","175","","DB|REDIRECT","public content pages","READ_DB","","MISSING_TARGET","APP-005B-PAGES-01"
"GET","canvas","","Closure","web","routes/redirect.php","380","","","redirects","READ_REDIRECT","","SECURITY_REPLACE","SEO-003+SEO-004"
"GET","cart","cart.index","App\Http\Controllers\BasketController@cart","web|resetPlLocale|localize|localeSessionRedirect|localizationRedirect|lastModified|preventBackHistory","app/Http/Controllers/BasketController.php","844","","DB|SESSION","basket checkout and order","SESSION_DB_FILE_MAIL_WRITE","","MISSING_TARGET","APP-005B-CHECKOUT-01"
"POST","cart/add-recommended","cart.add.recommended","App\Http\Controllers\BasketController@addRecommendedItem","web|resetPlLocale|localize|localeSessionRedirect|localizationRedirect|lastModified|preventBackHistory","app/Http/Controllers/BasketController.php","1607","","","basket checkout and order","SESSION_DB_FILE_MAIL_WRITE","","MISSING_TARGET","APP-005B-CHECKOUT-01"
"GET","cart/clear_coupon","clearcart","App\Http\Controllers\BasketController@clearcart","web|resetPlLocale|localize|localeSessionRedirect|localizationRedirect|lastModified|preventBackHistory","app/Http/Controllers/BasketController.php","177","","MODEL_WRITE|SESSION","unsafe checkout GET mutation","PUBLIC_GET_MIXED_WRITE","","SECURITY_REPLACE","APP-005B-CHECKOUT-01+SEC-009"
"GET","cart/data","cart.step2","App\Http\Controllers\BasketController@cart_step2","web|resetPlLocale|localize|localeSessionRedirect|localizationRedirect|lastModified|preventBackHistory","app/Http/Controllers/BasketController.php","917","","DB|SESSION|REDIRECT","basket checkout and order","SESSION_DB_FILE_MAIL_WRITE","","MISSING_TARGET","APP-005B-CHECKOUT-01"
"POST","cart/delimage","delimage","App\Http\Controllers\BasketController@delimage","web|resetPlLocale|localize|localeSessionRedirect|localizationRedirect|lastModified|preventBackHistory","app/Http/Controllers/BasketController.php","72","","SESSION","basket checkout and order","SESSION_DB_FILE_MAIL_WRITE","","MISSING_TARGET","APP-005B-CHECKOUT-01"
"GET","cart/delivery","cart.step3","App\Http\Controllers\BasketController@cart_step3","web|resetPlLocale|localize|localeSessionRedirect|localizationRedirect|lastModified|preventBackHistory","app/Http/Controllers/BasketController.php","1018","","DB|REDIRECT","basket checkout and order","SESSION_DB_FILE_MAIL_WRITE","","MISSING_TARGET","APP-005B-CHECKOUT-01"
"GET","cart/payment","cart.step4","App\Http\Controllers\BasketController@cart_step4","web|resetPlLocale|localize|localeSessionRedirect|localizationRedirect|lastModified|preventBackHistory","app/Http/Controllers/BasketController.php","1095","","DB|SESSION|REDIRECT","basket checkout and order","SESSION_DB_FILE_MAIL_WRITE","","MISSING_TARGET","APP-005B-CHECKOUT-01"
"GET","cart/recover/{redirect}/{token}","cart.recover","App\Http\Controllers\AbandonedCartController@processRecovery","web|resetPlLocale|localize|localeSessionRedirect|localizationRedirect|lastModified","app/Http/Controllers/AbandonedCartController.php","16","","MODEL_WRITE|REDIRECT","basket checkout and order","SESSION_DB_FILE_MAIL_WRITE","","MISSING_TARGET","APP-005B-CHECKOUT-01"
"POST","cart/replace-size","cart.replace.size","App\Http\Controllers\BasketController@replaceItemSize","web|resetPlLocale|localize|localeSessionRedirect|localizationRedirect|lastModified|preventBackHistory","app/Http/Controllers/BasketController.php","1511","","SESSION","basket checkout and order","SESSION_DB_FILE_MAIL_WRITE","","MISSING_TARGET","APP-005B-CHECKOUT-01"
"POST","cart/set_email","cart.set-email","App\Http\Controllers\AbandonedCartController@setEmail","web|resetPlLocale|localize|localeSessionRedirect|localizationRedirect|lastModified","app/Http/Controllers/AbandonedCartController.php","49","","SESSION|REDIRECT","basket checkout and order","SESSION_DB_FILE_MAIL_WRITE","","MISSING_TARGET","APP-005B-CHECKOUT-01"
"POST","cart/setcoupon","setcoupon","App\Http\Controllers\BasketController@setcoupon","web|resetPlLocale|localize|localeSessionRedirect|localizationRedirect|lastModified|preventBackHistory","app/Http/Controllers/BasketController.php","308","","SESSION","basket checkout and order","SESSION_DB_FILE_MAIL_WRITE","","MISSING_TARGET","APP-005B-CHECKOUT-01"
"POST","cart/setdelivery","setdelivery","App\Http\Controllers\BasketController@setdelivery","web|resetPlLocale|localize|localeSessionRedirect|localizationRedirect|lastModified|preventBackHistory","app/Http/Controllers/BasketController.php","321","","SESSION","basket checkout and order","SESSION_DB_FILE_MAIL_WRITE","","MISSING_TARGET","APP-005B-CHECKOUT-01"
"POST","cart/setmaking","setmaking","App\Http\Controllers\BasketController@setmaking","web|resetPlLocale|localize|localeSessionRedirect|localizationRedirect|lastModified|preventBackHistory","app/Http/Controllers/BasketController.php","255","","SESSION","basket checkout and order","SESSION_DB_FILE_MAIL_WRITE","","MISSING_TARGET","APP-005B-CHECKOUT-01"
"POST","cart/setpay","setpay","App\Http\Controllers\BasketController@setpay","web|resetPlLocale|localize|localeSessionRedirect|localizationRedirect|lastModified|preventBackHistory","app/Http/Controllers/BasketController.php","624","","","basket checkout and order","SESSION_DB_FILE_MAIL_WRITE","","MISSING_TARGET","APP-005B-CHECKOUT-01"
"POST","cart/setuser","setuser","App\Http\Controllers\BasketController@setuser","web|resetPlLocale|localize|localeSessionRedirect|localizationRedirect|lastModified|preventBackHistory","app/Http/Controllers/BasketController.php","496","","MODEL_WRITE|MAIL|SESSION","basket checkout and order","SESSION_DB_FILE_MAIL_WRITE","","MISSING_TARGET","APP-005B-CHECKOUT-01"
"POST","cart/updateimg","updateimg","App\Http\Controllers\BasketController@updateimg","web|resetPlLocale|localize|localeSessionRedirect|localizationRedirect|lastModified|preventBackHistory","app/Http/Controllers/BasketController.php","198","","SESSION","basket checkout and order","SESSION_DB_FILE_MAIL_WRITE","","MISSING_TARGET","APP-005B-CHECKOUT-01"
"GET","change_delivery_phones","change_delivery_phones","App\Http\Controllers\MyController@change_delivery_phones","web|resetPlLocale|localize|localeSessionRedirect|localizationRedirect|lastModified","app/Http/Controllers/MyController.php","33","","MODEL_WRITE","public content pages","READ_DB","","MISSING_TARGET","APP-005B-PAGES-01"
"GET","change_phones","change_phones","App\Http\Controllers\MyController@change_phones","web|resetPlLocale|localize|localeSessionRedirect|localizationRedirect|lastModified","app/Http/Controllers/MyController.php","19","","MODEL_WRITE","public content pages","READ_DB","","MISSING_TARGET","APP-005B-PAGES-01"
"GET","collage","collage","App\Http\Controllers\PortraitPageController@hbcollage","web|resetPlLocale|localize|localeSessionRedirect|localizationRedirect|lastModified","app/Http/Controllers/PortraitPageController.php","657","","DB","product generators","READ_DB_SESSION","","MISSING_TARGET","CAT-002"
"GET","collage-constructor","collage_constructor.index","App\Http\Controllers\StaticPagesController@render_collage_constructor","web|resetPlLocale|localize|localeSessionRedirect|localizationRedirect|lastModified","app/Http/Controllers/StaticPagesController.php","688","collage-constructor","","product generators","READ_DB_SESSION","","MISSING_TARGET","CAT-002"
"GET","collage-js","collage_js.index","App\Http\Controllers\PortraitPageController@collage_js","web|resetPlLocale|localize|localeSessionRedirect|localizationRedirect|lastModified","app/Http/Controllers/PortraitPageController.php","815","","","product generators","READ_DB_SESSION","","MISSING_TARGET","CAT-002"
"GET","condition","condition","App\Http\Controllers\Pages\ConditionController@index","web|resetPlLocale|localize|localeSessionRedirect|localizationRedirect|lastModified","app/Http/Controllers/Pages/ConditionController.php","23","","","implemented foundation","READ_DB","GET|HEAD condition [condition] || GET|HEAD {locale}/condition [public.localized.condition]","PARITY_DONE","APP-005A"
"POST","custom_login_ajax","custom_login_ajax","App\Http\Controllers\UserManageController@custom_login_ajax","web|resetPlLocale|localize|localeSessionRedirect|localizationRedirect|lastModified","app/Http/Controllers/UserManageController.php","61","","SESSION","implemented foundation","WRITE_MIXED_GATED","POST custom_login_ajax [custom_login_ajax] || POST {locale}/custom_login_ajax [public.localized.custom_login_ajax]","PARITY_DONE","APP-005A"
"POST","custom_register_ajax","custom_register_ajax","App\Http\Controllers\UserManageController@custom_register_ajax","web|resetPlLocale|localize|localeSessionRedirect|localizationRedirect|lastModified","app/Http/Controllers/UserManageController.php","38","","MODEL_WRITE|MAIL|SESSION","implemented foundation","WRITE_MIXED_GATED","POST custom_register_ajax [custom_register_ajax] || POST {locale}/custom_register_ajax [public.localized.custom_register_ajax]","PARITY_DONE","APP-005A"
"GET","de/blog/-10","","Closure","web","routes/redirect.php","388","","","redirects","READ_REDIRECT","","SECURITY_REPLACE","SEO-003+SEO-004"
"GET","de/blog/-11","","Closure","web","routes/redirect.php","388","","","redirects","READ_REDIRECT","","SECURITY_REPLACE","SEO-003+SEO-004"
"GET","de/blog/-12","","Closure","web","routes/redirect.php","388","","","redirects","READ_REDIRECT","","SECURITY_REPLACE","SEO-003+SEO-004"
"GET","de/blog/-13","","Closure","web","routes/redirect.php","388","","","redirects","READ_REDIRECT","","SECURITY_REPLACE","SEO-003+SEO-004"
"GET","de/blog/-14","","Closure","web","routes/redirect.php","388","","","redirects","READ_REDIRECT","","SECURITY_REPLACE","SEO-003+SEO-004"
"GET","de/blog/-15","","Closure","web","routes/redirect.php","388","","","redirects","READ_REDIRECT","","SECURITY_REPLACE","SEO-003+SEO-004"
"GET","de/blog/-16","","Closure","web","routes/redirect.php","388","","","redirects","READ_REDIRECT","","SECURITY_REPLACE","SEO-003+SEO-004"
"GET","de/blog/-17","","Closure","web","routes/redirect.php","388","","","redirects","READ_REDIRECT","","SECURITY_REPLACE","SEO-003+SEO-004"
"GET","de/blog/-18","","Closure","web","routes/redirect.php","388","","","redirects","READ_REDIRECT","","SECURITY_REPLACE","SEO-003+SEO-004"
"GET","de/blog/-19","","Closure","web","routes/redirect.php","388","","","redirects","READ_REDIRECT","","SECURITY_REPLACE","SEO-003+SEO-004"
"GET","de/blog/-2","","Closure","web","routes/redirect.php","388","","","redirects","READ_REDIRECT","","SECURITY_REPLACE","SEO-003+SEO-004"
"GET","de/blog/-20","","Closure","web","routes/redirect.php","388","","","redirects","READ_REDIRECT","","SECURITY_REPLACE","SEO-003+SEO-004"
"GET","de/blog/-4","","Closure","web","routes/redirect.php","388","","","redirects","READ_REDIRECT","","SECURITY_REPLACE","SEO-003+SEO-004"
"GET","de/blog/-6","","Closure","web","routes/redirect.php","388","","","redirects","READ_REDIRECT","","SECURITY_REPLACE","SEO-003+SEO-004"
"GET","de/blog/-9","","Closure","web","routes/redirect.php","388","","","redirects","READ_REDIRECT","","SECURITY_REPLACE","SEO-003+SEO-004"
"GET","de/blog/art-portrait-canvas-kanvas","","Closure","web","routes/redirect.php","388","","","redirects","READ_REDIRECT","","SECURITY_REPLACE","SEO-003+SEO-004"
"GET","de/blog/art-portrait-kanvas-art","","Closure","web","routes/redirect.php","388","","","redirects","READ_REDIRECT","","SECURITY_REPLACE","SEO-003+SEO-004"
"GET","de/blog/art-prezent-dla-bliskich","","Closure","web","routes/redirect.php","388","","","redirects","READ_REDIRECT","","SECURITY_REPLACE","SEO-003+SEO-004"
"GET","de/blog/augintinio-portretas","","Closure","web","routes/redirect.php","388","","","redirects","READ_REDIRECT","","SECURITY_REPLACE","SEO-003+SEO-004"
"GET","de/blog/aukstos-kokybės-reprodukcija","","Closure","web","routes/redirect.php","388","","","redirects","READ_REDIRECT","","SECURITY_REPLACE","SEO-003+SEO-004"
"GET","de/blog/Bagetinis-paveikslų-rėminimas","","Closure","web","routes/redirect.php","388","","","redirects","READ_REDIRECT","","SECURITY_REPLACE","SEO-003+SEO-004"
"GET","de/blog/bagetnoe-obramlenie-kartin","","Closure","web","routes/redirect.php","388","","","redirects","READ_REDIRECT","","SECURITY_REPLACE","SEO-003+SEO-004"
"GET","de/blog/Baguette-Rahmen-aus-Gemälden-Relikte-aus-der-Vergangenheit-oder-noch-relevant","","Closure","web","routes/redirect.php","388","","","redirects","READ_REDIRECT","","SECURITY_REPLACE","SEO-003+SEO-004"
"GET","de/blog/canvas","","Closure","web","routes/redirect.php","388","","","redirects","READ_REDIRECT","","SECURITY_REPLACE","SEO-003+SEO-004"
"GET","de/blog/canvas-or-photo-painting-transform-your-memories-into-art","","Closure","web","routes/redirect.php","388","","","redirects","READ_REDIRECT","","SECURITY_REPLACE","SEO-003+SEO-004"
"GET","de/blog/canvas-wall-print","","Closure","web","routes/redirect.php","388","","","redirects","READ_REDIRECT","","SECURITY_REPLACE","SEO-003+SEO-004"
"GET","de/blog/collage-mit-kindern-das-beste-geschenk-für-eltern-und-ihre-kinder","","Closure","web","routes/redirect.php","388","","","redirects","READ_REDIRECT","","SECURITY_REPLACE","SEO-003+SEO-004"
"GET","de/blog/detskij-kollazh-samyj-luchshij-podarok-dlya-roditelej-i-druzej","","Closure","web","routes/redirect.php","388","","","redirects","READ_REDIRECT","","SECURITY_REPLACE","SEO-003+SEO-004"
"GET","de/blog/digitāla-druka-un-eļļa.","","Closure","web","routes/redirect.php","388","","","redirects","READ_REDIRECT","","SECURITY_REPLACE","SEO-003+SEO-004"
"GET","de/blog/dovanu-kortele-puiki-dovana","","Closure","web","routes/redirect.php","388","","","redirects","READ_REDIRECT","","SECURITY_REPLACE","SEO-003+SEO-004"
"GET","de/blog/dovanu-pakuote","","Closure","web","routes/redirect.php","388","","","redirects","READ_REDIRECT","","SECURITY_REPLACE","SEO-003+SEO-004"
"GET","de/blog/druka-uz-audekla-dāvanā","","Closure","web","routes/redirect.php","388","","","redirects","READ_REDIRECT","","SECURITY_REPLACE","SEO-003+SEO-004"
"GET","de/blog/druzheskij-sharzh-otlichnyj-sposob-poveselit-druzej-i-znakomyh","","Closure","web","routes/redirect.php","388","","","redirects","READ_REDIRECT","","SECURITY_REPLACE","SEO-003+SEO-004"
"GET","de/blog/eine-geschenk-karte-ist-ein-gutes-geschenk-für-einen-anlass","","Closure","web","routes/redirect.php","388","","","redirects","READ_REDIRECT","","SECURITY_REPLACE","SEO-003+SEO-004"
"GET","de/blog/ffff","","Closure","web","routes/redirect.php","388","","","redirects","READ_REDIRECT","","SECURITY_REPLACE","SEO-003+SEO-004"
"GET","de/blog/foto_uz_kanvas","","Closure","web","routes/redirect.php","388","","","redirects","READ_REDIRECT","","SECURITY_REPLACE","SEO-003+SEO-004"
"GET","de/blog/fotod-fotosessioonist-õuendil","","Closure","web","routes/redirect.php","388","","","redirects","READ_REDIRECT","","SECURITY_REPLACE","SEO-003+SEO-004"
"GET","de/blog/fotodrobės","","Closure","web","routes/redirect.php","388","","","redirects","READ_REDIRECT","","SECURITY_REPLACE","SEO-003+SEO-004"
"GET","de/blog/fotografie-do-portretu","","Closure","web","routes/redirect.php","388","","","redirects","READ_REDIRECT","","SECURITY_REPLACE","SEO-003+SEO-004"
"GET","de/blog/foto-kanvas","","Closure","web","routes/redirect.php","388","","","redirects","READ_REDIRECT","","SECURITY_REPLACE","SEO-003+SEO-004"
"GET","de/blog/fotokartina-luchshij-podarok-roditelyam","","Closure","web","routes/redirect.php","388","","","redirects","READ_REDIRECT","","SECURITY_REPLACE","SEO-003+SEO-004"
"GET","de/blog/fotolõuend","","Closure","web","routes/redirect.php","388","","","redirects","READ_REDIRECT","","SECURITY_REPLACE","SEO-003+SEO-004"
"GET","de/blog/fotoobraz-jest-najlepszym-prezentem-dla-rodziców","","Closure","web","routes/redirect.php","388","","","redirects","READ_REDIRECT","","SECURITY_REPLACE","SEO-003+SEO-004"
"GET","de/blog/fotoobraz-na-płótnie-w-prezencie","","Closure","web","routes/redirect.php","388","","","redirects","READ_REDIRECT","","SECURITY_REPLACE","SEO-003+SEO-004"
"GET","de/blog/fotopaveikslas","","Closure","web","routes/redirect.php","388","","","redirects","READ_REDIRECT","","SECURITY_REPLACE","SEO-003+SEO-004"
"GET","de/blog/fotopilt-on-parim-kingitus-vanematele","","Closure","web","routes/redirect.php","388","","","redirects","READ_REDIRECT","","SECURITY_REPLACE","SEO-003+SEO-004"
"GET","de/blog/Fotos auf Leinwand","","Closure","web","routes/redirect.php","388","","","redirects","READ_REDIRECT","","SECURITY_REPLACE","SEO-003+SEO-004"
"GET","de/blog/freundliche-karikatur-ist-ein-guter-weg-um-spaß-mit-freunden-und-bekannten-zu-haben","","Closure","web","routes/redirect.php","388","","","redirects","READ_REDIRECT","","SECURITY_REPLACE","SEO-003+SEO-004"
"GET","de/blog/giclee-technology-art","","Closure","web","routes/redirect.php","388","","","redirects","READ_REDIRECT","","SECURITY_REPLACE","SEO-003+SEO-004"
"GET","de/blog/gift-for_man","","Closure","web","routes/redirect.php","388","","","redirects","READ_REDIRECT","","SECURITY_REPLACE","SEO-003+SEO-004"
"GET","de/blog/gift-for-mather","","Closure","web","routes/redirect.php","388","","","redirects","READ_REDIRECT","","SECURITY_REPLACE","SEO-003+SEO-004"
"GET","de/blog/gleznas-uz-audekla-dāvanu-iesaiņojums","","Closure","web","routes/redirect.php","388","","","redirects","READ_REDIRECT","","SECURITY_REPLACE","SEO-003+SEO-004"
"GET","de/blog/Gleznu-bagetes-ieramešana","","Closure","web","routes/redirect.php","388","","","redirects","READ_REDIRECT","","SECURITY_REPLACE","SEO-003+SEO-004"
"GET","de/blog/graafilised-portreed-kaasaegse-maailma-kunst","","Closure","web","routes/redirect.php","388","","","redirects","READ_REDIRECT","","SECURITY_REPLACE","SEO-003+SEO-004"
"GET","de/blog/graficheskie-portrety-iskusstvo-sovremennogo-mira","","Closure","web","routes/redirect.php","388","","","redirects","READ_REDIRECT","","SECURITY_REPLACE","SEO-003+SEO-004"
"GET","de/blog/grafische-porträts-der-kunst-der-modernen-welt","","Closure","web","routes/redirect.php","388","","","redirects","READ_REDIRECT","","SECURITY_REPLACE","SEO-003+SEO-004"
"GET","de/blog/Haustierporträt Aristokraten","","Closure","web","routes/redirect.php","388","","","redirects","READ_REDIRECT","","SECURITY_REPLACE","SEO-003+SEO-004"
"GET","de/blog/ivaizdzio-portretas","","Closure","web","routes/redirect.php","388","","","redirects","READ_REDIRECT","","SECURITY_REPLACE","SEO-003+SEO-004"
"GET","de/blog/jak-powstaje-portret-graficzny","","Closure","web","routes/redirect.php","388","","","redirects","READ_REDIRECT","","SECURITY_REPLACE","SEO-003+SEO-004"
"GET","de/blog/kak-risuetsya-graficheskiy-portret","","Closure","web","routes/redirect.php","388","","","redirects","READ_REDIRECT","","SECURITY_REPLACE","SEO-003+SEO-004"
"GET","de/blog/kanva","","Closure","web","routes/redirect.php","388","","","redirects","READ_REDIRECT","","SECURITY_REPLACE","SEO-003+SEO-004"
"GET","de/blog/kanvas","","Closure","web","routes/redirect.php","388","","","redirects","READ_REDIRECT","","SECURITY_REPLACE","SEO-003+SEO-004"
"GET","de/blog/kanvas_ pamatā _pigments_vai_šķīdinātāja_tinte_kura_ir_labāka","","Closure","web","routes/redirect.php","388","","","redirects","READ_REDIRECT","","SECURITY_REPLACE","SEO-003+SEO-004"
"GET","de/blog/kanvas_apdruka","","Closure","web","routes/redirect.php","388","","","redirects","READ_REDIRECT","","SECURITY_REPLACE","SEO-003+SEO-004"
"GET","de/blog/kanvas-apdruka-foto","","Closure","web","routes/redirect.php","388","","","redirects","READ_REDIRECT","","SECURITY_REPLACE","SEO-003+SEO-004"
"GET","de/blog/kanvas-kvalitāte-foto","","Closure","web","routes/redirect.php","388","","","redirects","READ_REDIRECT","","SECURITY_REPLACE","SEO-003+SEO-004"
"GET","de/blog/kanvas-nice-gift-for","","Closure","web","routes/redirect.php","388","","","redirects","READ_REDIRECT","","SECURITY_REPLACE","SEO-003+SEO-004"
"GET","de/blog/karikatura-pec-pasutijuma","","Closure","web","routes/redirect.php","388","","","redirects","READ_REDIRECT","","SECURITY_REPLACE","SEO-003+SEO-004"
"GET","de/blog/karta-podarunkowa","","Closure","web","routes/redirect.php","388","","","redirects","READ_REDIRECT","","SECURITY_REPLACE","SEO-003+SEO-004"
"GET","de/blog/kartiny-na-osnove-pigmentnyh-ili-solventnyh-chernil-kakie-luchshe","","Closure","web","routes/redirect.php","388","","","redirects","READ_REDIRECT","","SECURITY_REPLACE","SEO-003+SEO-004"
"GET","de/blog/kinkekaart-on-suurepärane-kingitus-igal-juhul","","Closure","web","routes/redirect.php","388","","","redirects","READ_REDIRECT","","SECURITY_REPLACE","SEO-003+SEO-004"
"GET","de/blog/kinkepakk","","Closure","web","routes/redirect.php","388","","","redirects","READ_REDIRECT","","SECURITY_REPLACE","SEO-003+SEO-004"
"GET","de/blog/kolaza–pati-labaka-davana","","Closure","web","routes/redirect.php","388","","","redirects","READ_REDIRECT","","SECURITY_REPLACE","SEO-003+SEO-004"
"GET","de/blog/kolaże-z-dziećmi-najlepszy-prezent-dla-rodziców-i-ich-dzieci","","Closure","web","routes/redirect.php","388","","","redirects","READ_REDIRECT","","SECURITY_REPLACE","SEO-003+SEO-004"
"GET","de/blog/Koliažas-ant-drobės","","Closure","web","routes/redirect.php","388","","","redirects","READ_REDIRECT","","SECURITY_REPLACE","SEO-003+SEO-004"
"GET","de/blog/kollaaž-on-parim-kingitus-vanematele-ja-nende","","Closure","web","routes/redirect.php","388","","","redirects","READ_REDIRECT","","SECURITY_REPLACE","SEO-003+SEO-004"
"GET","de/blog/kompozycja-z-fotoobrazów","","Closure","web","routes/redirect.php","388","","","redirects","READ_REDIRECT","","SECURITY_REPLACE","SEO-003+SEO-004"
"GET","de/blog/kuidas-joonistatakse-graafiline-portree","","Closure","web","routes/redirect.php","388","","","redirects","READ_REDIRECT","","SECURITY_REPLACE","SEO-003+SEO-004"
"GET","de/blog/labaka-davana-vecakiem","","Closure","web","routes/redirect.php","388","","","redirects","READ_REDIRECT","","SECURITY_REPLACE","SEO-003+SEO-004"
"GET","de/blog/legendaarsete-maalide-reprodutseerimine-lõuendil-kvaliteetselt","","Closure","web","routes/redirect.php","388","","","redirects","READ_REDIRECT","","SECURITY_REPLACE","SEO-003+SEO-004"
"GET","de/blog/leģendāras-gleznas-reprodukcijas","","Closure","web","routes/redirect.php","388","","","redirects","READ_REDIRECT","","SECURITY_REPLACE","SEO-003+SEO-004"
"GET","de/blog/looge-digitaalse-printimise-ja-õli-abil-elutruud-maalid","","Closure","web","routes/redirect.php","388","","","redirects","READ_REDIRECT","","SECURITY_REPLACE","SEO-003+SEO-004"
"GET","de/blog/lustiges-simpsons-stil-porträt-werden-einer-der-helden-des-legendären-cartoons","","Closure","web","routes/redirect.php","388","","","redirects","READ_REDIRECT","","SECURITY_REPLACE","SEO-003+SEO-004"
"GET","de/blog/maalide-baguette-raamimine","","Closure","web","routes/redirect.php","388","","","redirects","READ_REDIRECT","","SECURITY_REPLACE","SEO-003+SEO-004"
"GET","de/blog/maalimine-fotost-lõuendile-suurepärane-kingitus","","Closure","web","routes/redirect.php","388","","","redirects","READ_REDIRECT","","SECURITY_REPLACE","SEO-003+SEO-004"
"GET","de/blog/mājdzīvnieka-portrets","","Closure","web","routes/redirect.php","388","","","redirects","READ_REDIRECT","","SECURITY_REPLACE","SEO-003+SEO-004"
"GET","de/blog/man-gift","","Closure","web","routes/redirect.php","388","","","redirects","READ_REDIRECT","","SECURITY_REPLACE","SEO-003+SEO-004"
"GET","de/blog/millised-fotod-sobivad-portree-loomiseks","","Closure","web","routes/redirect.php","388","","","redirects","READ_REDIRECT","","SECURITY_REPLACE","SEO-003+SEO-004"
"GET","de/blog/modulare-malerei-eine-ungewöhnliche-und-interessante-einrichtungslösung","","Closure","web","routes/redirect.php","388","","","redirects","READ_REDIRECT","","SECURITY_REPLACE","SEO-003+SEO-004"
"GET","de/blog/Moduliniai-paveikslai","","Closure","web","routes/redirect.php","388","","","redirects","READ_REDIRECT","","SECURITY_REPLACE","SEO-003+SEO-004"
"GET","de/blog/modulnye-kartiny-neobychnoe-i-interesnoe-reshenie-dlya-interera","","Closure","web","routes/redirect.php","388","","","redirects","READ_REDIRECT","","SECURITY_REPLACE","SEO-003+SEO-004"
"GET","de/blog/moduļu-kanvas-generators","","Closure","web","routes/redirect.php","388","","","redirects","READ_REDIRECT","","SECURITY_REPLACE","SEO-003+SEO-004"
"GET","de/blog/moodulmaalid-ebatavaline-ja-huvitav-lahendus-interjööri-jaoks","","Closure","web","routes/redirect.php","388","","","redirects","READ_REDIRECT","","SECURITY_REPLACE","SEO-003+SEO-004"
"GET","de/blog/naljakas-portree-stiilis-simpsonid-saage-üheks-legendaarse-animasarja-kangelaseks","","Closure","web","routes/redirect.php","388","","","redirects","READ_REDIRECT","","SECURITY_REPLACE","SEO-003+SEO-004"
"GET","de/blog/obrazy-modułowe","","Closure","web","routes/redirect.php","388","","","redirects","READ_REDIRECT","","SECURITY_REPLACE","SEO-003+SEO-004"
"GET","de/blog/obrazy-wykonane-farbami","","Closure","web","routes/redirect.php","388","","","redirects","READ_REDIRECT","","SECURITY_REPLACE","SEO-003+SEO-004"
"GET","de/blog/opakowanie-prezentowe","","Closure","web","routes/redirect.php","388","","","redirects","READ_REDIRECT","","SECURITY_REPLACE","SEO-003+SEO-004"
"GET","de/blog/painting-artists","","Closure","web","routes/redirect.php","388","","","redirects","READ_REDIRECT","","SECURITY_REPLACE","SEO-003+SEO-004"
"GET","de/blog/Paveikslas-is-nuotraukos-ant-drobės","","Closure","web","routes/redirect.php","388","","","redirects","READ_REDIRECT","","SECURITY_REPLACE","SEO-003+SEO-004"
"GET","de/blog/Paveikslas-iš-nuotraukos-ant-drobės","","Closure","web","routes/redirect.php","388","","","redirects","READ_REDIRECT","","SECURITY_REPLACE","SEO-003+SEO-004"
"GET","de/blog/pet-portrait-on-canvas","","Closure","web","routes/redirect.php","388","","","redirects","READ_REDIRECT","","SECURITY_REPLACE","SEO-003+SEO-004"
"GET","de/blog/photo-canvas-quality","","Closure","web","routes/redirect.php","388","","","redirects","READ_REDIRECT","","SECURITY_REPLACE","SEO-003+SEO-004"
"GET","de/blog/photo-canvas-with-high-quality-printing","","Closure","web","routes/redirect.php","388","","","redirects","READ_REDIRECT","","SECURITY_REPLACE","SEO-003+SEO-004"
"GET","de/blog/photo-recovery-canvas","","Closure","web","routes/redirect.php","388","","","redirects","READ_REDIRECT","","SECURITY_REPLACE","SEO-003+SEO-004"
"GET","de/blog/Pigment- oder Lösemitteltinte - was ist besser","","Closure","web","routes/redirect.php","388","","","redirects","READ_REDIRECT","","SECURITY_REPLACE","SEO-003+SEO-004"
"GET","de/blog/pigmentiniai-ar-tirpikliniai-paveikslai","","Closure","web","routes/redirect.php","388","","","redirects","READ_REDIRECT","","SECURITY_REPLACE","SEO-003+SEO-004"
"GET","de/blog/pigment-või-lahustivärvil-põhinevad-maalid-millised-neist-on-paremad","","Closure","web","routes/redirect.php","388","","","redirects","READ_REDIRECT","","SECURITY_REPLACE","SEO-003+SEO-004"
"GET","de/blog/Podarochnaya upakovka","","Closure","web","routes/redirect.php","388","","","redirects","READ_REDIRECT","","SECURITY_REPLACE","SEO-003+SEO-004"
"GET","de/blog/podarochnaya-karta-velikolepnyj-prezent-na-lyuboj-sluchaj","","Closure","web","routes/redirect.php","388","","","redirects","READ_REDIRECT","","SECURITY_REPLACE","SEO-003+SEO-004"
"GET","de/blog/Podarotschnaja-upakowka","","Closure","web","routes/redirect.php","388","","","redirects","READ_REDIRECT","","SECURITY_REPLACE","SEO-003+SEO-004"
"GET","de/blog/portraitdrawing","","Closure","web","routes/redirect.php","388","","","redirects","READ_REDIRECT","","SECURITY_REPLACE","SEO-003+SEO-004"
"GET","de/blog/porträt-in-der-similitude-mehr-als-nur-eine-fotomontage","","Closure","web","routes/redirect.php","388","","","redirects","READ_REDIRECT","","SECURITY_REPLACE","SEO-003+SEO-004"
"GET","de/blog/porträt-ist-ein-teil-der-seele-auf-der-leinwand-ein-ein paar-worte-über-die-qualität-des-porträts","","Closure","web","routes/redirect.php","388","","","redirects","READ_REDIRECT","","SECURITY_REPLACE","SEO-003+SEO-004"
"GET","de/blog/portree-on-tükk-hinge-lõuendil","","Closure","web","routes/redirect.php","388","","","redirects","READ_REDIRECT","","SECURITY_REPLACE","SEO-003+SEO-004"
"GET","de/blog/portree-pildil-on-midagi-enamat-kui-lihtsalt-fotomontaaž","","Closure","web","routes/redirect.php","388","","","redirects","READ_REDIRECT","","SECURITY_REPLACE","SEO-003+SEO-004"
"GET","de/blog/portree-stiilis-lemmikloomad-aristokraadid","","Closure","web","routes/redirect.php","388","","","redirects","READ_REDIRECT","","SECURITY_REPLACE","SEO-003+SEO-004"
"GET","de/blog/portret-chastichka-dushi-na-polotne","","Closure","web","routes/redirect.php","388","","","redirects","READ_REDIRECT","","SECURITY_REPLACE","SEO-003+SEO-004"
"GET","de/blog/portreti-pēc-fotografījas","","Closure","web","routes/redirect.php","388","","","redirects","READ_REDIRECT","","SECURITY_REPLACE","SEO-003+SEO-004"
"GET","de/blog/portrets","","Closure","web","routes/redirect.php","388","","","redirects","READ_REDIRECT","","SECURITY_REPLACE","SEO-003+SEO-004"
"GET","de/blog/portrets_vesturiska_kostima","","Closure","web","routes/redirect.php","388","","","redirects","READ_REDIRECT","","SECURITY_REPLACE","SEO-003+SEO-004"
"GET","de/blog/portrets-pēc-foto – kā-dāvana","","Closure","web","routes/redirect.php","388","","","redirects","READ_REDIRECT","","SECURITY_REPLACE","SEO-003+SEO-004"
"GET","de/blog/portrets-uz-kanvas -simpsonu-stilā","","Closure","web","routes/redirect.php","388","","","redirects","READ_REDIRECT","","SECURITY_REPLACE","SEO-003+SEO-004"
"GET","de/blog/portret-to-fragment-duszy-na-płotnie-o-jakości-portretu","","Closure","web","routes/redirect.php","388","","","redirects","READ_REDIRECT","","SECURITY_REPLACE","SEO-003+SEO-004"
"GET","de/blog/portret-v-obraze-nechto-bolshee-chem-prosto-fotomontazh","","Closure","web","routes/redirect.php","388","","","redirects","READ_REDIRECT","","SECURITY_REPLACE","SEO-003+SEO-004"
"GET","de/blog/portret-w-stylu-pupila","","Closure","web","routes/redirect.php","388","","","redirects","READ_REDIRECT","","SECURITY_REPLACE","SEO-003+SEO-004"
"GET","de/blog/portrety-artystyczne","","Closure","web","routes/redirect.php","388","","","redirects","READ_REDIRECT","","SECURITY_REPLACE","SEO-003+SEO-004"
"GET","de/blog/portrety-graficzne-sztuka-nowoczesności.","","Closure","web","routes/redirect.php","388","","","redirects","READ_REDIRECT","","SECURITY_REPLACE","SEO-003+SEO-004"
"GET","de/blog/portret-z-charakterem","","Closure","web","routes/redirect.php","388","","","redirects","READ_REDIRECT","","SECURITY_REPLACE","SEO-003+SEO-004"
"GET","de/blog/quality-print-on-canvas","","Closure","web","routes/redirect.php","388","","","redirects","READ_REDIRECT","","SECURITY_REPLACE","SEO-003+SEO-004"
"GET","de/blog/ramki-do-obrazów","","Closure","web","routes/redirect.php","388","","","redirects","READ_REDIRECT","","SECURITY_REPLACE","SEO-003+SEO-004"
"GET","de/blog/Realistische-Bilder-erstellen-mit-Digitaldruck-und-Öl","","Closure","web","routes/redirect.php","388","","","redirects","READ_REDIRECT","","SECURITY_REPLACE","SEO-003+SEO-004"
"GET","de/blog/reprodukciya-legendarnyh-kartin-na-holste-v-vysokom-kachestve","","Closure","web","routes/redirect.php","388","","","redirects","READ_REDIRECT","","SECURITY_REPLACE","SEO-003+SEO-004"
"GET","de/blog/reprodukcja-legendarnych-obrazów","","Closure","web","routes/redirect.php","388","","","redirects","READ_REDIRECT","","SECURITY_REPLACE","SEO-003+SEO-004"
"GET","de/blog/Reproduktion-der-Legendenmalerei-auf-Leinwand-in-hochwertiger-Qualität","","Closure","web","routes/redirect.php","388","","","redirects","READ_REDIRECT","","SECURITY_REPLACE","SEO-003+SEO-004"
"GET","de/blog/sarzas-karikaturas","","Closure","web","routes/redirect.php","388","","","redirects","READ_REDIRECT","","SECURITY_REPLACE","SEO-003+SEO-004"
"GET","de/blog/sarzas-karykatura","","Closure","web","routes/redirect.php","388","","","redirects","READ_REDIRECT","","SECURITY_REPLACE","SEO-003+SEO-004"
"GET","de/blog/simpsonu-stiliaus-portretas","","Closure","web","routes/redirect.php","388","","","redirects","READ_REDIRECT","","SECURITY_REPLACE","SEO-003+SEO-004"
"GET","de/blog/sõbralik-koomiks-on-suurepärane-viis-sõprade-ja-tuttavate-lõbustamiseks","","Closure","web","routes/redirect.php","388","","","redirects","READ_REDIRECT","","SECURITY_REPLACE","SEO-003+SEO-004"
"GET","de/blog/sozdanie-realistichnyh-kartin-pri-pomoshchi-cifrovoj-pechati-i-masla","","Closure","web","routes/redirect.php","388","","","redirects","READ_REDIRECT","","SECURITY_REPLACE","SEO-003+SEO-004"
"GET","de/blog/tworzenie-realistycznych-obrazów-za-pomocą-wydruków-cyfrowych-i-olejów","","Closure","web","routes/redirect.php","388","","","redirects","READ_REDIRECT","","SECURITY_REPLACE","SEO-003+SEO-004"
"GET","de/blog/wspólna-karykatura-to-świetny-sposób-na-przyjemną-zabawę-z-przyjaciółmi-i-znajomymi","","Closure","web","routes/redirect.php","388","","","redirects","READ_REDIRECT","","SECURITY_REPLACE","SEO-003+SEO-004"
"GET","de/blog/zabavnyj-portret-v-stile-simpsony-stan-odnim-iz-geroev-legendarnogo-multseriala","","Closure","web","routes/redirect.php","388","","","redirects","READ_REDIRECT","","SECURITY_REPLACE","SEO-003+SEO-004"
"GET","de/blog/zabawny-portret-w-stylu","","Closure","web","routes/redirect.php","388","","","redirects","READ_REDIRECT","","SECURITY_REPLACE","SEO-003+SEO-004"
"GET","de/blog/zdjęcia-na-płótnie","","Closure","web","routes/redirect.php","388","","","redirects","READ_REDIRECT","","SECURITY_REPLACE","SEO-003+SEO-004"
"GET","de/canvas","","Closure","web","routes/redirect.php","388","","","redirects","READ_REDIRECT","","SECURITY_REPLACE","SEO-003+SEO-004"
"GET","de/gallery/oil-pictures","","Closure","web","routes/redirect.php","388","","","redirects","READ_REDIRECT","","SECURITY_REPLACE","SEO-003+SEO-004"
"GET","de/graphic-portrait/classic-portrait","","Closure","web","routes/redirect.php","388","","","redirects","READ_REDIRECT","","SECURITY_REPLACE","SEO-003+SEO-004"
"GET","de/graphic-portrait/classic-portrait/buy","","Closure","web","routes/redirect.php","388","","","redirects","READ_REDIRECT","","SECURITY_REPLACE","SEO-003+SEO-004"
"GET","de/graphic-portrait/color-and-black-and-white-photos","","Closure","web","routes/redirect.php","388","","","redirects","READ_REDIRECT","","SECURITY_REPLACE","SEO-003+SEO-004"
"GET","de/graphic-portrait/customs-royal-portraits","","Closure","web","routes/redirect.php","388","","","redirects","READ_REDIRECT","","SECURITY_REPLACE","SEO-003+SEO-004"
"GET","de/graphic-portrait/Doppelbelichtung-Portrait","","Closure","web","routes/redirect.php","388","","","redirects","READ_REDIRECT","","SECURITY_REPLACE","SEO-003+SEO-004"
"GET","de/graphic-portrait/double-exposition-portrait","","Closure","web","routes/redirect.php","388","","","redirects","READ_REDIRECT","","SECURITY_REPLACE","SEO-003+SEO-004"
"GET","de/graphic-portrait/dream-art-portrait","","Closure","web","routes/redirect.php","388","","","redirects","READ_REDIRECT","","SECURITY_REPLACE","SEO-003+SEO-004"
"GET","de/graphic-portrait/Farb- und Schwarz-Weiß-Fotos","","Closure","web","routes/redirect.php","388","","","redirects","READ_REDIRECT","","SECURITY_REPLACE","SEO-003+SEO-004"
"GET","de/graphic-portrait/foto-korekcja","","Closure","web","routes/redirect.php","388","","","redirects","READ_REDIRECT","","SECURITY_REPLACE","SEO-003+SEO-004"
"GET","de/graphic-portrait/Fotokorrektur","","Closure","web","routes/redirect.php","388","","","redirects","READ_REDIRECT","","SECURITY_REPLACE","SEO-003+SEO-004"
"GET","de/graphic-portrait/Fotowiederherstellung","","Closure","web","routes/redirect.php","388","","","redirects","READ_REDIRECT","","SECURITY_REPLACE","SEO-003+SEO-004"
"GET","de/graphic-portrait/Grafik-Porträt","","Closure","web","routes/redirect.php","388","","","redirects","READ_REDIRECT","","SECURITY_REPLACE","SEO-003+SEO-004"
"GET","de/graphic-portrait/graphic-portrait","","Closure","web","routes/redirect.php","388","","","redirects","READ_REDIRECT","","SECURITY_REPLACE","SEO-003+SEO-004"
"GET","de/graphic-portrait/graphic-portrait/buy","","Closure","web","routes/redirect.php","388","","","redirects","READ_REDIRECT","","SECURITY_REPLACE","SEO-003+SEO-004"
"GET","de/graphic-portrait/karikatur-porträt","","Closure","web","routes/redirect.php","388","","","redirects","READ_REDIRECT","","SECURITY_REPLACE","SEO-003+SEO-004"
"GET","de/graphic-portrait/kolorowe-czarno-białe-zdjęcie","","Closure","web","routes/redirect.php","388","","","redirects","READ_REDIRECT","","SECURITY_REPLACE","SEO-003+SEO-004"
"GET","de/graphic-portrait/Liebe ist Porträt","","Closure","web","routes/redirect.php","388","","","redirects","READ_REDIRECT","","SECURITY_REPLACE","SEO-003+SEO-004"
"GET","de/graphic-portrait/love-isportrait","","Closure","web","routes/redirect.php","388","","","redirects","READ_REDIRECT","","SECURITY_REPLACE","SEO-003+SEO-004"
"GET","de/graphic-portrait/love-is-portrait","","Closure","web","routes/redirect.php","388","","","redirects","READ_REDIRECT","","SECURITY_REPLACE","SEO-003+SEO-004"
"GET","de/graphic-portrait/Low Poly Portrait","","Closure","web","routes/redirect.php","388","","","redirects","READ_REDIRECT","","SECURITY_REPLACE","SEO-003+SEO-004"
"GET","de/graphic-portrait/low-poly-portrait","","Closure","web","routes/redirect.php","388","","","redirects","READ_REDIRECT","","SECURITY_REPLACE","SEO-003+SEO-004"
"GET","de/graphic-portrait/low-poly-portret","","Closure","web","routes/redirect.php","388","","","redirects","READ_REDIRECT","","SECURITY_REPLACE","SEO-003+SEO-004"
"GET","de/graphic-portrait/modulnaya-kartina-pavliny","","Closure","web","routes/redirect.php","388","","","redirects","READ_REDIRECT","","SECURITY_REPLACE","SEO-003+SEO-004"
"GET","de/graphic-portrait/murciano-portrait","","Closure","web","routes/redirect.php","388","","","redirects","READ_REDIRECT","","SECURITY_REPLACE","SEO-003+SEO-004"
"GET","de/graphic-portrait/murkisches Porträt","","Closure","web","routes/redirect.php","388","","","redirects","READ_REDIRECT","","SECURITY_REPLACE","SEO-003+SEO-004"
"GET","de/graphic-portrait/odnawianie-zdjęć","","Closure","web","routes/redirect.php","388","","","redirects","READ_REDIRECT","","SECURITY_REPLACE","SEO-003+SEO-004"
"GET","de/graphic-portrait/photo-correction","","Closure","web","routes/redirect.php","388","","","redirects","READ_REDIRECT","","SECURITY_REPLACE","SEO-003+SEO-004"
"GET","de/graphic-portrait/photo-recovery","","Closure","web","routes/redirect.php","388","","","redirects","READ_REDIRECT","","SECURITY_REPLACE","SEO-003+SEO-004"
"GET","de/graphic-portrait/pop-art-portrait","","Closure","web","routes/redirect.php","388","","","redirects","READ_REDIRECT","","SECURITY_REPLACE","SEO-003+SEO-004"
"GET","de/graphic-portrait/pop-art-portrait/buy","","Closure","web","routes/redirect.php","388","","","redirects","READ_REDIRECT","","SECURITY_REPLACE","SEO-003+SEO-004"
"GET","de/graphic-portrait/portrait-beauty-art","","Closure","web","routes/redirect.php","388","","","redirects","READ_REDIRECT","","SECURITY_REPLACE","SEO-003+SEO-004"
"GET","de/graphic-portrait/portrait-beauty-art/buy","","Closure","web","routes/redirect.php","388","","","redirects","READ_REDIRECT","","SECURITY_REPLACE","SEO-003+SEO-004"
"GET","de/graphic-portrait/portrait-caricature","","Closure","web","routes/redirect.php","388","","","redirects","READ_REDIRECT","","SECURITY_REPLACE","SEO-003+SEO-004"
"GET","de/graphic-portrait/portrait-caricature/buy","","Closure","web","routes/redirect.php","388","","","redirects","READ_REDIRECT","","SECURITY_REPLACE","SEO-003+SEO-004"
"GET","de/graphic-portrait/portrait-colorization","","Closure","web","routes/redirect.php","388","","","redirects","READ_REDIRECT","","SECURITY_REPLACE","SEO-003+SEO-004"
"GET","de/graphic-portrait/portrait-compliment","","Closure","web","routes/redirect.php","388","","","redirects","READ_REDIRECT","","SECURITY_REPLACE","SEO-003+SEO-004"
"GET","de/graphic-portrait/portrait-double-exposure","","Closure","web","routes/redirect.php","388","","","redirects","READ_REDIRECT","","SECURITY_REPLACE","SEO-003+SEO-004"
"GET","de/graphic-portrait/portrait-dream-art","","Closure","web","routes/redirect.php","388","","","redirects","READ_REDIRECT","","SECURITY_REPLACE","SEO-003+SEO-004"
"GET","de/graphic-portrait/portrait-dream-art/buy","","Closure","web","routes/redirect.php","388","","","redirects","READ_REDIRECT","","SECURITY_REPLACE","SEO-003+SEO-004"
"GET","de/graphic-portrait/portrait-in-image","","Closure","web","routes/redirect.php","388","","","redirects","READ_REDIRECT","","SECURITY_REPLACE","SEO-003+SEO-004"
"GET","de/graphic-portrait/portrait-in-the-image","","Closure","web","routes/redirect.php","388","","","redirects","READ_REDIRECT","","SECURITY_REPLACE","SEO-003+SEO-004"
"GET","de/graphic-portrait/portrait-made-from-words","","Closure","web","routes/redirect.php","388","","","redirects","READ_REDIRECT","","SECURITY_REPLACE","SEO-003+SEO-004"
"GET","de/graphic-portrait/portrait-of-love-is","","Closure","web","routes/redirect.php","388","","","redirects","READ_REDIRECT","","SECURITY_REPLACE","SEO-003+SEO-004"
"GET","de/graphic-portrait/portrait-of-murciano","","Closure","web","routes/redirect.php","388","","","redirects","READ_REDIRECT","","SECURITY_REPLACE","SEO-003+SEO-004"
"GET","de/graphic-portrait/portrait-pop-art","","Closure","web","routes/redirect.php","388","","","redirects","READ_REDIRECT","","SECURITY_REPLACE","SEO-003+SEO-004"
"GET","de/graphic-portrait/portrait-retouch","","Closure","web","routes/redirect.php","388","","","redirects","READ_REDIRECT","","SECURITY_REPLACE","SEO-003+SEO-004"
"GET","de/graphic-portrait/portrait-spancaricaturespan","","Closure","web","routes/redirect.php","388","","","redirects","READ_REDIRECT","","SECURITY_REPLACE","SEO-003+SEO-004"
"GET","de/graphic-portrait/portrait-spanclassicspan","","Closure","web","routes/redirect.php","388","","","redirects","READ_REDIRECT","","SECURITY_REPLACE","SEO-003+SEO-004"
"GET","de/graphic-portrait/Porträt-aus-Wörtern","","Closure","web","routes/redirect.php","388","","","redirects","READ_REDIRECT","","SECURITY_REPLACE","SEO-003+SEO-004"
"GET","de/graphic-portrait/portret-beauty-art","","Closure","web","routes/redirect.php","388","","","redirects","READ_REDIRECT","","SECURITY_REPLACE","SEO-003+SEO-004"
"GET","de/graphic-portrait/portret-karykatura","","Closure","web","routes/redirect.php","388","","","redirects","READ_REDIRECT","","SECURITY_REPLACE","SEO-003+SEO-004"
"GET","de/graphic-portrait/portret-murchiano","","Closure","web","routes/redirect.php","388","","","redirects","READ_REDIRECT","","SECURITY_REPLACE","SEO-003+SEO-004"
"GET","de/graphic-portrait/portret-pop-art","","Closure","web","routes/redirect.php","388","","","redirects","READ_REDIRECT","","SECURITY_REPLACE","SEO-003+SEO-004"
"GET","de/graphic-portrait/portret-stylizowany","","Closure","web","routes/redirect.php","388","","","redirects","READ_REDIRECT","","SECURITY_REPLACE","SEO-003+SEO-004"
"GET","de/graphic-portrait/Portret-w-stylu-Love-is","","Closure","web","routes/redirect.php","388","","","redirects","READ_REDIRECT","","SECURITY_REPLACE","SEO-003+SEO-004"
"GET","de/graphic-portrait/portret-ze-słów","","Closure","web","routes/redirect.php","388","","","redirects","READ_REDIRECT","","SECURITY_REPLACE","SEO-003+SEO-004"
"GET","de/graphic-portrait/portret-z-podwójną-ekspozycją","","Closure","web","routes/redirect.php","388","","","redirects","READ_REDIRECT","","SECURITY_REPLACE","SEO-003+SEO-004"
"GET","de/graphic-portrait/simpsons-portrait","","Closure","web","routes/redirect.php","388","","","redirects","READ_REDIRECT","","SECURITY_REPLACE","SEO-003+SEO-004"
"GET","de/graphic-portrait/spanartspan-portraits","","Closure","web","routes/redirect.php","388","","","redirects","READ_REDIRECT","","SECURITY_REPLACE","SEO-003+SEO-004"
"GET","de/graphic-portrait/spanpaintingsspan","","Closure","web","routes/redirect.php","388","","","redirects","READ_REDIRECT","","SECURITY_REPLACE","SEO-003+SEO-004"
"GET","de/graphic-portrait/spanpetspanportrait","","Closure","web","routes/redirect.php","388","","","redirects","READ_REDIRECT","","SECURITY_REPLACE","SEO-003+SEO-004"
"GET","de/graphic-portrait/vintage-portrait","","Closure","web","routes/redirect.php","388","","","redirects","READ_REDIRECT","","SECURITY_REPLACE","SEO-003+SEO-004"
"GET","de/modular-pictures","","Closure","web","routes/redirect.php","388","","","redirects","READ_REDIRECT","","SECURITY_REPLACE","SEO-003+SEO-004"
"GET","de/new/caricature/athlete_caricatures","","Closure","web","routes/redirect.php","388","","","redirects","READ_REDIRECT","","SECURITY_REPLACE","SEO-003+SEO-004"
"GET","de/new/caricature/black_and_white_caricatures","","Closure","web","routes/redirect.php","388","","","redirects","READ_REDIRECT","","SECURITY_REPLACE","SEO-003+SEO-004"
"GET","de/new/caricature/caricature_for_birthday","","Closure","web","routes/redirect.php","388","","","redirects","READ_REDIRECT","","SECURITY_REPLACE","SEO-003+SEO-004"
"GET","de/new/caricature/family_caricature","","Closure","web","routes/redirect.php","388","","","redirects","READ_REDIRECT","","SECURITY_REPLACE","SEO-003+SEO-004"
"GET","de/new/caricature/group_caricatures","","Closure","web","routes/redirect.php","388","","","redirects","READ_REDIRECT","","SECURITY_REPLACE","SEO-003+SEO-004"
"GET","de/new/caricature/portrait-in-image","","Closure","web","routes/redirect.php","388","","","redirects","READ_REDIRECT","","SECURITY_REPLACE","SEO-003+SEO-004"
"GET","de/new/caricature/portrait-in-the-image","","Closure","web","routes/redirect.php","388","","","redirects","READ_REDIRECT","","SECURITY_REPLACE","SEO-003+SEO-004"
"GET","de/new/caricature/portret-stylizowany","","Closure","web","routes/redirect.php","388","","","redirects","READ_REDIRECT","","SECURITY_REPLACE","SEO-003+SEO-004"
"GET","de/new/caricature/spancaricaturespan-for-birthday","","Closure","web","routes/redirect.php","388","","","redirects","READ_REDIRECT","","SECURITY_REPLACE","SEO-003+SEO-004"
"GET","de/new/caricature/wedding_caricature","","Closure","web","routes/redirect.php","388","","","redirects","READ_REDIRECT","","SECURITY_REPLACE","SEO-003+SEO-004"
"GET","de/new/caricature/сaricature_for_сolleagues","","Closure","web","routes/redirect.php","388","","","redirects","READ_REDIRECT","","SECURITY_REPLACE","SEO-003+SEO-004"
"GET","de/new/graphic-portrait/-988","","Closure","web","routes/redirect.php","388","","","redirects","READ_REDIRECT","","SECURITY_REPLACE","SEO-003+SEO-004"
"GET","de/new/graphic-portrait/classic-portrait","","Closure","web","routes/redirect.php","388","","","redirects","READ_REDIRECT","","SECURITY_REPLACE","SEO-003+SEO-004"
"GET","de/new/graphic-portrait/customs-royal-portraits","","Closure","web","routes/redirect.php","388","","","redirects","READ_REDIRECT","","SECURITY_REPLACE","SEO-003+SEO-004"
"GET","de/new/graphic-portrait/Grafik-Porträt","","Closure","web","routes/redirect.php","388","","","redirects","READ_REDIRECT","","SECURITY_REPLACE","SEO-003+SEO-004"
"GET","de/new/graphic-portrait/karikatur-porträt","","Closure","web","routes/redirect.php","388","","","redirects","READ_REDIRECT","","SECURITY_REPLACE","SEO-003+SEO-004"
"GET","de/new/graphic-portrait/klasisks-portrets","","Closure","web","routes/redirect.php","388","","","redirects","READ_REDIRECT","","SECURITY_REPLACE","SEO-003+SEO-004"
"GET","de/new/graphic-portrait/portrait-beauty-art/buy","","Closure","web","routes/redirect.php","388","","","redirects","READ_REDIRECT","","SECURITY_REPLACE","SEO-003+SEO-004"
"GET","de/new/graphic-portrait/portrait-caricature","","Closure","web","routes/redirect.php","388","","","redirects","READ_REDIRECT","","SECURITY_REPLACE","SEO-003+SEO-004"
"GET","de/new/graphic-portrait/portrait-Dream-Art","","Closure","web","routes/redirect.php","388","","","redirects","READ_REDIRECT","","SECURITY_REPLACE","SEO-003+SEO-004"
"GET","de/new/graphic-portrait/portrait-dream-art/buy","","Closure","web","routes/redirect.php","388","","","redirects","READ_REDIRECT","","SECURITY_REPLACE","SEO-003+SEO-004"
"GET","de/new/graphic-portrait/portrait-pop-art","","Closure","web","routes/redirect.php","388","","","redirects","READ_REDIRECT","","SECURITY_REPLACE","SEO-003+SEO-004"
"GET","de/new/graphic-portrait/portrait-spancaricaturespan","","Closure","web","routes/redirect.php","388","","","redirects","READ_REDIRECT","","SECURITY_REPLACE","SEO-003+SEO-004"
"GET","de/new/graphic-portrait/portrait-spanclassicspan","","Closure","web","routes/redirect.php","388","","","redirects","READ_REDIRECT","","SECURITY_REPLACE","SEO-003+SEO-004"
"GET","de/new/graphic-portrait/portret-beauty-art","","Closure","web","routes/redirect.php","388","","","redirects","READ_REDIRECT","","SECURITY_REPLACE","SEO-003+SEO-004"
"GET","de/new/graphic-portrait/portret-dream-art","","Closure","web","routes/redirect.php","388","","","redirects","READ_REDIRECT","","SECURITY_REPLACE","SEO-003+SEO-004"
"GET","de/new/graphic-portrait/portret-graficzny","","Closure","web","routes/redirect.php","388","","","redirects","READ_REDIRECT","","SECURITY_REPLACE","SEO-003+SEO-004"
"GET","de/new/graphic-portrait/portret-karykatura","","Closure","web","routes/redirect.php","388","","","redirects","READ_REDIRECT","","SECURITY_REPLACE","SEO-003+SEO-004"
"GET","de/new/graphic-portrait/simposons-custums","","Closure","web","routes/redirect.php","388","","","redirects","READ_REDIRECT","","SECURITY_REPLACE","SEO-003+SEO-004"
"GET","de/new/graphic-portrait/simpsons-portrait","","Closure","web","routes/redirect.php","388","","","redirects","READ_REDIRECT","","SECURITY_REPLACE","SEO-003+SEO-004"
"GET","de/new/graphic-portrait/spanartspan-portraits","","Closure","web","routes/redirect.php","388","","","redirects","READ_REDIRECT","","SECURITY_REPLACE","SEO-003+SEO-004"
"GET","de/new/graphic-portrait/spanbeauty-art-span-portree","","Closure","web","routes/redirect.php","388","","","redirects","READ_REDIRECT","","SECURITY_REPLACE","SEO-003+SEO-004"
"GET","de/new/graphic-portrait/spanpaintingsspan","","Closure","web","routes/redirect.php","388","","","redirects","READ_REDIRECT","","SECURITY_REPLACE","SEO-003+SEO-004"
"GET","de/new/graphic-portrait/spanpetspanportrait","","Closure","web","routes/redirect.php","388","","","redirects","READ_REDIRECT","","SECURITY_REPLACE","SEO-003+SEO-004"
"GET","de/new/graphic-portrait/süßes Kunstportrait","","Closure","web","routes/redirect.php","388","","","redirects","READ_REDIRECT","","SECURITY_REPLACE","SEO-003+SEO-004"
"GET","de/new/graphic-portrait/traum-kunst-porträt","","Closure","web","routes/redirect.php","388","","","redirects","READ_REDIRECT","","SECURITY_REPLACE","SEO-003+SEO-004"
"GET","de/oil-portrait","","Closure","web","routes/redirect.php","388","","","redirects","READ_REDIRECT","","SECURITY_REPLACE","SEO-003+SEO-004"
"GET","de/page/faq","","Closure","web","routes/redirect.php","388","","","redirects","READ_REDIRECT","","SECURITY_REPLACE","SEO-003+SEO-004"
"GET","de/photo","","Closure","web","routes/redirect.php","388","","","redirects","READ_REDIRECT","","SECURITY_REPLACE","SEO-003+SEO-004"
"GET","ee/blog/-10","","Closure","web","routes/redirect.php","388","","","redirects","READ_REDIRECT","","SECURITY_REPLACE","SEO-003+SEO-004"
"GET","ee/blog/-11","","Closure","web","routes/redirect.php","388","","","redirects","READ_REDIRECT","","SECURITY_REPLACE","SEO-003+SEO-004"
"GET","ee/blog/-12","","Closure","web","routes/redirect.php","388","","","redirects","READ_REDIRECT","","SECURITY_REPLACE","SEO-003+SEO-004"
"GET","ee/blog/-13","","Closure","web","routes/redirect.php","388","","","redirects","READ_REDIRECT","","SECURITY_REPLACE","SEO-003+SEO-004"
"GET","ee/blog/-14","","Closure","web","routes/redirect.php","388","","","redirects","READ_REDIRECT","","SECURITY_REPLACE","SEO-003+SEO-004"
"GET","ee/blog/-15","","Closure","web","routes/redirect.php","388","","","redirects","READ_REDIRECT","","SECURITY_REPLACE","SEO-003+SEO-004"
"GET","ee/blog/-16","","Closure","web","routes/redirect.php","388","","","redirects","READ_REDIRECT","","SECURITY_REPLACE","SEO-003+SEO-004"
"GET","ee/blog/-17","","Closure","web","routes/redirect.php","388","","","redirects","READ_REDIRECT","","SECURITY_REPLACE","SEO-003+SEO-004"
"GET","ee/blog/-18","","Closure","web","routes/redirect.php","388","","","redirects","READ_REDIRECT","","SECURITY_REPLACE","SEO-003+SEO-004"
"GET","ee/blog/-19","","Closure","web","routes/redirect.php","388","","","redirects","READ_REDIRECT","","SECURITY_REPLACE","SEO-003+SEO-004"
"GET","ee/blog/-2","","Closure","web","routes/redirect.php","388","","","redirects","READ_REDIRECT","","SECURITY_REPLACE","SEO-003+SEO-004"
"GET","ee/blog/-20","","Closure","web","routes/redirect.php","388","","","redirects","READ_REDIRECT","","SECURITY_REPLACE","SEO-003+SEO-004"
"GET","ee/blog/-4","","Closure","web","routes/redirect.php","388","","","redirects","READ_REDIRECT","","SECURITY_REPLACE","SEO-003+SEO-004"
"GET","ee/blog/-6","","Closure","web","routes/redirect.php","388","","","redirects","READ_REDIRECT","","SECURITY_REPLACE","SEO-003+SEO-004"
"GET","ee/blog/-9","","Closure","web","routes/redirect.php","388","","","redirects","READ_REDIRECT","","SECURITY_REPLACE","SEO-003+SEO-004"
"GET","ee/blog/art-portrait-canvas-kanvas","","Closure","web","routes/redirect.php","388","","","redirects","READ_REDIRECT","","SECURITY_REPLACE","SEO-003+SEO-004"
"GET","ee/blog/art-portrait-kanvas-art","","Closure","web","routes/redirect.php","388","","","redirects","READ_REDIRECT","","SECURITY_REPLACE","SEO-003+SEO-004"
"GET","ee/blog/art-prezent-dla-bliskich","","Closure","web","routes/redirect.php","388","","","redirects","READ_REDIRECT","","SECURITY_REPLACE","SEO-003+SEO-004"
"GET","ee/blog/augintinio-portretas","","Closure","web","routes/redirect.php","388","","","redirects","READ_REDIRECT","","SECURITY_REPLACE","SEO-003+SEO-004"
"GET","ee/blog/aukstos-kokybės-reprodukcija","","Closure","web","routes/redirect.php","388","","","redirects","READ_REDIRECT","","SECURITY_REPLACE","SEO-003+SEO-004"
"GET","ee/blog/Bagetinis-paveikslų-rėminimas","","Closure","web","routes/redirect.php","388","","","redirects","READ_REDIRECT","","SECURITY_REPLACE","SEO-003+SEO-004"
"GET","ee/blog/bagetnoe-obramlenie-kartin","","Closure","web","routes/redirect.php","388","","","redirects","READ_REDIRECT","","SECURITY_REPLACE","SEO-003+SEO-004"
"GET","ee/blog/Baguette-Rahmen-aus-Gemälden-Relikte-aus-der-Vergangenheit-oder-noch-relevant","","Closure","web","routes/redirect.php","388","","","redirects","READ_REDIRECT","","SECURITY_REPLACE","SEO-003+SEO-004"
"GET","ee/blog/canvas","","Closure","web","routes/redirect.php","388","","","redirects","READ_REDIRECT","","SECURITY_REPLACE","SEO-003+SEO-004"
"GET","ee/blog/canvas-or-photo-painting-transform-your-memories-into-art","","Closure","web","routes/redirect.php","388","","","redirects","READ_REDIRECT","","SECURITY_REPLACE","SEO-003+SEO-004"
"GET","ee/blog/canvas-wall-print","","Closure","web","routes/redirect.php","388","","","redirects","READ_REDIRECT","","SECURITY_REPLACE","SEO-003+SEO-004"
"GET","ee/blog/collage-mit-kindern-das-beste-geschenk-für-eltern-und-ihre-kinder","","Closure","web","routes/redirect.php","388","","","redirects","READ_REDIRECT","","SECURITY_REPLACE","SEO-003+SEO-004"
"GET","ee/blog/detskij-kollazh-samyj-luchshij-podarok-dlya-roditelej-i-druzej","","Closure","web","routes/redirect.php","388","","","redirects","READ_REDIRECT","","SECURITY_REPLACE","SEO-003+SEO-004"
"GET","ee/blog/digitāla-druka-un-eļļa.","","Closure","web","routes/redirect.php","388","","","redirects","READ_REDIRECT","","SECURITY_REPLACE","SEO-003+SEO-004"
"GET","ee/blog/dovanu-kortele-puiki-dovana","","Closure","web","routes/redirect.php","388","","","redirects","READ_REDIRECT","","SECURITY_REPLACE","SEO-003+SEO-004"
"GET","ee/blog/dovanu-pakuote","","Closure","web","routes/redirect.php","388","","","redirects","READ_REDIRECT","","SECURITY_REPLACE","SEO-003+SEO-004"
"GET","ee/blog/druka-uz-audekla-dāvanā","","Closure","web","routes/redirect.php","388","","","redirects","READ_REDIRECT","","SECURITY_REPLACE","SEO-003+SEO-004"
"GET","ee/blog/druzheskij-sharzh-otlichnyj-sposob-poveselit-druzej-i-znakomyh","","Closure","web","routes/redirect.php","388","","","redirects","READ_REDIRECT","","SECURITY_REPLACE","SEO-003+SEO-004"
"GET","ee/blog/eine-geschenk-karte-ist-ein-gutes-geschenk-für-einen-anlass","","Closure","web","routes/redirect.php","388","","","redirects","READ_REDIRECT","","SECURITY_REPLACE","SEO-003+SEO-004"
"GET","ee/blog/ffff","","Closure","web","routes/redirect.php","388","","","redirects","READ_REDIRECT","","SECURITY_REPLACE","SEO-003+SEO-004"
"GET","ee/blog/foto_uz_kanvas","","Closure","web","routes/redirect.php","388","","","redirects","READ_REDIRECT","","SECURITY_REPLACE","SEO-003+SEO-004"
"GET","ee/blog/fotod-fotosessioonist-õuendil","","Closure","web","routes/redirect.php","388","","","redirects","READ_REDIRECT","","SECURITY_REPLACE","SEO-003+SEO-004"
"GET","ee/blog/fotodrobės","","Closure","web","routes/redirect.php","388","","","redirects","READ_REDIRECT","","SECURITY_REPLACE","SEO-003+SEO-004"
"GET","ee/blog/fotografie-do-portretu","","Closure","web","routes/redirect.php","388","","","redirects","READ_REDIRECT","","SECURITY_REPLACE","SEO-003+SEO-004"
"GET","ee/blog/foto-kanvas","","Closure","web","routes/redirect.php","388","","","redirects","READ_REDIRECT","","SECURITY_REPLACE","SEO-003+SEO-004"
"GET","ee/blog/fotokartina-luchshij-podarok-roditelyam","","Closure","web","routes/redirect.php","388","","","redirects","READ_REDIRECT","","SECURITY_REPLACE","SEO-003+SEO-004"
"GET","ee/blog/fotolõuend","","Closure","web","routes/redirect.php","388","","","redirects","READ_REDIRECT","","SECURITY_REPLACE","SEO-003+SEO-004"
"GET","ee/blog/fotoobraz-jest-najlepszym-prezentem-dla-rodziców","","Closure","web","routes/redirect.php","388","","","redirects","READ_REDIRECT","","SECURITY_REPLACE","SEO-003+SEO-004"
"GET","ee/blog/fotoobraz-na-płótnie-w-prezencie","","Closure","web","routes/redirect.php","388","","","redirects","READ_REDIRECT","","SECURITY_REPLACE","SEO-003+SEO-004"
"GET","ee/blog/fotopaveikslas","","Closure","web","routes/redirect.php","388","","","redirects","READ_REDIRECT","","SECURITY_REPLACE","SEO-003+SEO-004"
"GET","ee/blog/fotopilt-on-parim-kingitus-vanematele","","Closure","web","routes/redirect.php","388","","","redirects","READ_REDIRECT","","SECURITY_REPLACE","SEO-003+SEO-004"
"GET","ee/blog/Fotos auf Leinwand","","Closure","web","routes/redirect.php","388","","","redirects","READ_REDIRECT","","SECURITY_REPLACE","SEO-003+SEO-004"
"GET","ee/blog/freundliche-karikatur-ist-ein-guter-weg-um-spaß-mit-freunden-und-bekannten-zu-haben","","Closure","web","routes/redirect.php","388","","","redirects","READ_REDIRECT","","SECURITY_REPLACE","SEO-003+SEO-004"
"GET","ee/blog/giclee-technology-art","","Closure","web","routes/redirect.php","388","","","redirects","READ_REDIRECT","","SECURITY_REPLACE","SEO-003+SEO-004"
"GET","ee/blog/gift-for_man","","Closure","web","routes/redirect.php","388","","","redirects","READ_REDIRECT","","SECURITY_REPLACE","SEO-003+SEO-004"
"GET","ee/blog/gift-for-mather","","Closure","web","routes/redirect.php","388","","","redirects","READ_REDIRECT","","SECURITY_REPLACE","SEO-003+SEO-004"
"GET","ee/blog/gleznas-uz-audekla-dāvanu-iesaiņojums","","Closure","web","routes/redirect.php","388","","","redirects","READ_REDIRECT","","SECURITY_REPLACE","SEO-003+SEO-004"
"GET","ee/blog/Gleznu-bagetes-ieramešana","","Closure","web","routes/redirect.php","388","","","redirects","READ_REDIRECT","","SECURITY_REPLACE","SEO-003+SEO-004"
"GET","ee/blog/graafilised-portreed-kaasaegse-maailma-kunst","","Closure","web","routes/redirect.php","388","","","redirects","READ_REDIRECT","","SECURITY_REPLACE","SEO-003+SEO-004"
"GET","ee/blog/graficheskie-portrety-iskusstvo-sovremennogo-mira","","Closure","web","routes/redirect.php","388","","","redirects","READ_REDIRECT","","SECURITY_REPLACE","SEO-003+SEO-004"
"GET","ee/blog/grafische-porträts-der-kunst-der-modernen-welt","","Closure","web","routes/redirect.php","388","","","redirects","READ_REDIRECT","","SECURITY_REPLACE","SEO-003+SEO-004"
"GET","ee/blog/Haustierporträt Aristokraten","","Closure","web","routes/redirect.php","388","","","redirects","READ_REDIRECT","","SECURITY_REPLACE","SEO-003+SEO-004"
"GET","ee/blog/ivaizdzio-portretas","","Closure","web","routes/redirect.php","388","","","redirects","READ_REDIRECT","","SECURITY_REPLACE","SEO-003+SEO-004"
"GET","ee/blog/jak-powstaje-portret-graficzny","","Closure","web","routes/redirect.php","388","","","redirects","READ_REDIRECT","","SECURITY_REPLACE","SEO-003+SEO-004"
"GET","ee/blog/kak-risuetsya-graficheskiy-portret","","Closure","web","routes/redirect.php","388","","","redirects","READ_REDIRECT","","SECURITY_REPLACE","SEO-003+SEO-004"
"GET","ee/blog/kanva","","Closure","web","routes/redirect.php","388","","","redirects","READ_REDIRECT","","SECURITY_REPLACE","SEO-003+SEO-004"
"GET","ee/blog/kanvas","","Closure","web","routes/redirect.php","388","","","redirects","READ_REDIRECT","","SECURITY_REPLACE","SEO-003+SEO-004"
"GET","ee/blog/kanvas_ pamatā _pigments_vai_šķīdinātāja_tinte_kura_ir_labāka","","Closure","web","routes/redirect.php","388","","","redirects","READ_REDIRECT","","SECURITY_REPLACE","SEO-003+SEO-004"
"GET","ee/blog/kanvas_apdruka","","Closure","web","routes/redirect.php","388","","","redirects","READ_REDIRECT","","SECURITY_REPLACE","SEO-003+SEO-004"
"GET","ee/blog/kanvas-apdruka-foto","","Closure","web","routes/redirect.php","388","","","redirects","READ_REDIRECT","","SECURITY_REPLACE","SEO-003+SEO-004"
"GET","ee/blog/kanvas-kvalitāte-foto","","Closure","web","routes/redirect.php","388","","","redirects","READ_REDIRECT","","SECURITY_REPLACE","SEO-003+SEO-004"
"GET","ee/blog/kanvas-nice-gift-for","","Closure","web","routes/redirect.php","388","","","redirects","READ_REDIRECT","","SECURITY_REPLACE","SEO-003+SEO-004"
"GET","ee/blog/karikatura-pec-pasutijuma","","Closure","web","routes/redirect.php","388","","","redirects","READ_REDIRECT","","SECURITY_REPLACE","SEO-003+SEO-004"
"GET","ee/blog/karta-podarunkowa","","Closure","web","routes/redirect.php","388","","","redirects","READ_REDIRECT","","SECURITY_REPLACE","SEO-003+SEO-004"
"GET","ee/blog/kartiny-na-osnove-pigmentnyh-ili-solventnyh-chernil-kakie-luchshe","","Closure","web","routes/redirect.php","388","","","redirects","READ_REDIRECT","","SECURITY_REPLACE","SEO-003+SEO-004"
"GET","ee/blog/kinkekaart-on-suurepärane-kingitus-igal-juhul","","Closure","web","routes/redirect.php","388","","","redirects","READ_REDIRECT","","SECURITY_REPLACE","SEO-003+SEO-004"
"GET","ee/blog/kinkepakk","","Closure","web","routes/redirect.php","388","","","redirects","READ_REDIRECT","","SECURITY_REPLACE","SEO-003+SEO-004"
"GET","ee/blog/kolaza–pati-labaka-davana","","Closure","web","routes/redirect.php","388","","","redirects","READ_REDIRECT","","SECURITY_REPLACE","SEO-003+SEO-004"
"GET","ee/blog/kolaże-z-dziećmi-najlepszy-prezent-dla-rodziców-i-ich-dzieci","","Closure","web","routes/redirect.php","388","","","redirects","READ_REDIRECT","","SECURITY_REPLACE","SEO-003+SEO-004"
"GET","ee/blog/Koliažas-ant-drobės","","Closure","web","routes/redirect.php","388","","","redirects","READ_REDIRECT","","SECURITY_REPLACE","SEO-003+SEO-004"
"GET","ee/blog/kollaaž-on-parim-kingitus-vanematele-ja-nende","","Closure","web","routes/redirect.php","388","","","redirects","READ_REDIRECT","","SECURITY_REPLACE","SEO-003+SEO-004"
"GET","ee/blog/kompozycja-z-fotoobrazów","","Closure","web","routes/redirect.php","388","","","redirects","READ_REDIRECT","","SECURITY_REPLACE","SEO-003+SEO-004"
"GET","ee/blog/kuidas-joonistatakse-graafiline-portree","","Closure","web","routes/redirect.php","388","","","redirects","READ_REDIRECT","","SECURITY_REPLACE","SEO-003+SEO-004"
"GET","ee/blog/labaka-davana-vecakiem","","Closure","web","routes/redirect.php","388","","","redirects","READ_REDIRECT","","SECURITY_REPLACE","SEO-003+SEO-004"
"GET","ee/blog/legendaarsete-maalide-reprodutseerimine-lõuendil-kvaliteetselt","","Closure","web","routes/redirect.php","388","","","redirects","READ_REDIRECT","","SECURITY_REPLACE","SEO-003+SEO-004"
"GET","ee/blog/leģendāras-gleznas-reprodukcijas","","Closure","web","routes/redirect.php","388","","","redirects","READ_REDIRECT","","SECURITY_REPLACE","SEO-003+SEO-004"
"GET","ee/blog/looge-digitaalse-printimise-ja-õli-abil-elutruud-maalid","","Closure","web","routes/redirect.php","388","","","redirects","READ_REDIRECT","","SECURITY_REPLACE","SEO-003+SEO-004"
"GET","ee/blog/lustiges-simpsons-stil-porträt-werden-einer-der-helden-des-legendären-cartoons","","Closure","web","routes/redirect.php","388","","","redirects","READ_REDIRECT","","SECURITY_REPLACE","SEO-003+SEO-004"
"GET","ee/blog/maalide-baguette-raamimine","","Closure","web","routes/redirect.php","388","","","redirects","READ_REDIRECT","","SECURITY_REPLACE","SEO-003+SEO-004"
"GET","ee/blog/maalimine-fotost-lõuendile-suurepärane-kingitus","","Closure","web","routes/redirect.php","388","","","redirects","READ_REDIRECT","","SECURITY_REPLACE","SEO-003+SEO-004"
"GET","ee/blog/mājdzīvnieka-portrets","","Closure","web","routes/redirect.php","388","","","redirects","READ_REDIRECT","","SECURITY_REPLACE","SEO-003+SEO-004"
"GET","ee/blog/man-gift","","Closure","web","routes/redirect.php","388","","","redirects","READ_REDIRECT","","SECURITY_REPLACE","SEO-003+SEO-004"
"GET","ee/blog/millised-fotod-sobivad-portree-loomiseks","","Closure","web","routes/redirect.php","388","","","redirects","READ_REDIRECT","","SECURITY_REPLACE","SEO-003+SEO-004"
"GET","ee/blog/modulare-malerei-eine-ungewöhnliche-und-interessante-einrichtungslösung","","Closure","web","routes/redirect.php","388","","","redirects","READ_REDIRECT","","SECURITY_REPLACE","SEO-003+SEO-004"
"GET","ee/blog/Moduliniai-paveikslai","","Closure","web","routes/redirect.php","388","","","redirects","READ_REDIRECT","","SECURITY_REPLACE","SEO-003+SEO-004"
"GET","ee/blog/modulnye-kartiny-neobychnoe-i-interesnoe-reshenie-dlya-interera","","Closure","web","routes/redirect.php","388","","","redirects","READ_REDIRECT","","SECURITY_REPLACE","SEO-003+SEO-004"
"GET","ee/blog/moduļu-kanvas-generators","","Closure","web","routes/redirect.php","388","","","redirects","READ_REDIRECT","","SECURITY_REPLACE","SEO-003+SEO-004"
"GET","ee/blog/moodulmaalid-ebatavaline-ja-huvitav-lahendus-interjööri-jaoks","","Closure","web","routes/redirect.php","388","","","redirects","READ_REDIRECT","","SECURITY_REPLACE","SEO-003+SEO-004"
"GET","ee/blog/naljakas-portree-stiilis-simpsonid-saage-üheks-legendaarse-animasarja-kangelaseks","","Closure","web","routes/redirect.php","388","","","redirects","READ_REDIRECT","","SECURITY_REPLACE","SEO-003+SEO-004"
"GET","ee/blog/obrazy-modułowe","","Closure","web","routes/redirect.php","388","","","redirects","READ_REDIRECT","","SECURITY_REPLACE","SEO-003+SEO-004"
"GET","ee/blog/obrazy-wykonane-farbami","","Closure","web","routes/redirect.php","388","","","redirects","READ_REDIRECT","","SECURITY_REPLACE","SEO-003+SEO-004"
"GET","ee/blog/opakowanie-prezentowe","","Closure","web","routes/redirect.php","388","","","redirects","READ_REDIRECT","","SECURITY_REPLACE","SEO-003+SEO-004"
"GET","ee/blog/painting-artists","","Closure","web","routes/redirect.php","388","","","redirects","READ_REDIRECT","","SECURITY_REPLACE","SEO-003+SEO-004"
"GET","ee/blog/Paveikslas-is-nuotraukos-ant-drobės","","Closure","web","routes/redirect.php","388","","","redirects","READ_REDIRECT","","SECURITY_REPLACE","SEO-003+SEO-004"
"GET","ee/blog/Paveikslas-iš-nuotraukos-ant-drobės","","Closure","web","routes/redirect.php","388","","","redirects","READ_REDIRECT","","SECURITY_REPLACE","SEO-003+SEO-004"
"GET","ee/blog/pet-portrait-on-canvas","","Closure","web","routes/redirect.php","388","","","redirects","READ_REDIRECT","","SECURITY_REPLACE","SEO-003+SEO-004"
"GET","ee/blog/photo-canvas-quality","","Closure","web","routes/redirect.php","388","","","redirects","READ_REDIRECT","","SECURITY_REPLACE","SEO-003+SEO-004"
"GET","ee/blog/photo-canvas-with-high-quality-printing","","Closure","web","routes/redirect.php","388","","","redirects","READ_REDIRECT","","SECURITY_REPLACE","SEO-003+SEO-004"
"GET","ee/blog/photo-recovery-canvas","","Closure","web","routes/redirect.php","388","","","redirects","READ_REDIRECT","","SECURITY_REPLACE","SEO-003+SEO-004"
"GET","ee/blog/Pigment- oder Lösemitteltinte - was ist besser","","Closure","web","routes/redirect.php","388","","","redirects","READ_REDIRECT","","SECURITY_REPLACE","SEO-003+SEO-004"
"GET","ee/blog/pigmentiniai-ar-tirpikliniai-paveikslai","","Closure","web","routes/redirect.php","388","","","redirects","READ_REDIRECT","","SECURITY_REPLACE","SEO-003+SEO-004"
"GET","ee/blog/pigment-või-lahustivärvil-põhinevad-maalid-millised-neist-on-paremad","","Closure","web","routes/redirect.php","388","","","redirects","READ_REDIRECT","","SECURITY_REPLACE","SEO-003+SEO-004"
"GET","ee/blog/Podarochnaya upakovka","","Closure","web","routes/redirect.php","388","","","redirects","READ_REDIRECT","","SECURITY_REPLACE","SEO-003+SEO-004"
"GET","ee/blog/podarochnaya-karta-velikolepnyj-prezent-na-lyuboj-sluchaj","","Closure","web","routes/redirect.php","388","","","redirects","READ_REDIRECT","","SECURITY_REPLACE","SEO-003+SEO-004"
"GET","ee/blog/Podarotschnaja-upakowka","","Closure","web","routes/redirect.php","388","","","redirects","READ_REDIRECT","","SECURITY_REPLACE","SEO-003+SEO-004"
"GET","ee/blog/portraitdrawing","","Closure","web","routes/redirect.php","388","","","redirects","READ_REDIRECT","","SECURITY_REPLACE","SEO-003+SEO-004"
"GET","ee/blog/porträt-in-der-similitude-mehr-als-nur-eine-fotomontage","","Closure","web","routes/redirect.php","388","","","redirects","READ_REDIRECT","","SECURITY_REPLACE","SEO-003+SEO-004"
"GET","ee/blog/porträt-ist-ein-teil-der-seele-auf-der-leinwand-ein-ein paar-worte-über-die-qualität-des-porträts","","Closure","web","routes/redirect.php","388","","","redirects","READ_REDIRECT","","SECURITY_REPLACE","SEO-003+SEO-004"
"GET","ee/blog/portree-on-tükk-hinge-lõuendil","","Closure","web","routes/redirect.php","388","","","redirects","READ_REDIRECT","","SECURITY_REPLACE","SEO-003+SEO-004"
"GET","ee/blog/portree-pildil-on-midagi-enamat-kui-lihtsalt-fotomontaaž","","Closure","web","routes/redirect.php","388","","","redirects","READ_REDIRECT","","SECURITY_REPLACE","SEO-003+SEO-004"
"GET","ee/blog/portree-stiilis-lemmikloomad-aristokraadid","","Closure","web","routes/redirect.php","388","","","redirects","READ_REDIRECT","","SECURITY_REPLACE","SEO-003+SEO-004"
"GET","ee/blog/portret-chastichka-dushi-na-polotne","","Closure","web","routes/redirect.php","388","","","redirects","READ_REDIRECT","","SECURITY_REPLACE","SEO-003+SEO-004"
"GET","ee/blog/portreti-pēc-fotografījas","","Closure","web","routes/redirect.php","388","","","redirects","READ_REDIRECT","","SECURITY_REPLACE","SEO-003+SEO-004"
"GET","ee/blog/portrets","","Closure","web","routes/redirect.php","388","","","redirects","READ_REDIRECT","","SECURITY_REPLACE","SEO-003+SEO-004"
"GET","ee/blog/portrets_vesturiska_kostima","","Closure","web","routes/redirect.php","388","","","redirects","READ_REDIRECT","","SECURITY_REPLACE","SEO-003+SEO-004"
"GET","ee/blog/portrets-pēc-foto – kā-dāvana","","Closure","web","routes/redirect.php","388","","","redirects","READ_REDIRECT","","SECURITY_REPLACE","SEO-003+SEO-004"
"GET","ee/blog/portrets-uz-kanvas -simpsonu-stilā","","Closure","web","routes/redirect.php","388","","","redirects","READ_REDIRECT","","SECURITY_REPLACE","SEO-003+SEO-004"
"GET","ee/blog/portret-to-fragment-duszy-na-płotnie-o-jakości-portretu","","Closure","web","routes/redirect.php","388","","","redirects","READ_REDIRECT","","SECURITY_REPLACE","SEO-003+SEO-004"
"GET","ee/blog/portret-v-obraze-nechto-bolshee-chem-prosto-fotomontazh","","Closure","web","routes/redirect.php","388","","","redirects","READ_REDIRECT","","SECURITY_REPLACE","SEO-003+SEO-004"
"GET","ee/blog/portret-w-stylu-pupila","","Closure","web","routes/redirect.php","388","","","redirects","READ_REDIRECT","","SECURITY_REPLACE","SEO-003+SEO-004"
"GET","ee/blog/portrety-artystyczne","","Closure","web","routes/redirect.php","388","","","redirects","READ_REDIRECT","","SECURITY_REPLACE","SEO-003+SEO-004"
"GET","ee/blog/portrety-graficzne-sztuka-nowoczesności.","","Closure","web","routes/redirect.php","388","","","redirects","READ_REDIRECT","","SECURITY_REPLACE","SEO-003+SEO-004"
"GET","ee/blog/portret-z-charakterem","","Closure","web","routes/redirect.php","388","","","redirects","READ_REDIRECT","","SECURITY_REPLACE","SEO-003+SEO-004"
"GET","ee/blog/quality-print-on-canvas","","Closure","web","routes/redirect.php","388","","","redirects","READ_REDIRECT","","SECURITY_REPLACE","SEO-003+SEO-004"
"GET","ee/blog/ramki-do-obrazów","","Closure","web","routes/redirect.php","388","","","redirects","READ_REDIRECT","","SECURITY_REPLACE","SEO-003+SEO-004"
"GET","ee/blog/Realistische-Bilder-erstellen-mit-Digitaldruck-und-Öl","","Closure","web","routes/redirect.php","388","","","redirects","READ_REDIRECT","","SECURITY_REPLACE","SEO-003+SEO-004"
"GET","ee/blog/reprodukciya-legendarnyh-kartin-na-holste-v-vysokom-kachestve","","Closure","web","routes/redirect.php","388","","","redirects","READ_REDIRECT","","SECURITY_REPLACE","SEO-003+SEO-004"
"GET","ee/blog/reprodukcja-legendarnych-obrazów","","Closure","web","routes/redirect.php","388","","","redirects","READ_REDIRECT","","SECURITY_REPLACE","SEO-003+SEO-004"
"GET","ee/blog/Reproduktion-der-Legendenmalerei-auf-Leinwand-in-hochwertiger-Qualität","","Closure","web","routes/redirect.php","388","","","redirects","READ_REDIRECT","","SECURITY_REPLACE","SEO-003+SEO-004"
"GET","ee/blog/sarzas-karikaturas","","Closure","web","routes/redirect.php","388","","","redirects","READ_REDIRECT","","SECURITY_REPLACE","SEO-003+SEO-004"
"GET","ee/blog/sarzas-karykatura","","Closure","web","routes/redirect.php","388","","","redirects","READ_REDIRECT","","SECURITY_REPLACE","SEO-003+SEO-004"
"GET","ee/blog/simpsonu-stiliaus-portretas","","Closure","web","routes/redirect.php","388","","","redirects","READ_REDIRECT","","SECURITY_REPLACE","SEO-003+SEO-004"
"GET","ee/blog/sõbralik-koomiks-on-suurepärane-viis-sõprade-ja-tuttavate-lõbustamiseks","","Closure","web","routes/redirect.php","388","","","redirects","READ_REDIRECT","","SECURITY_REPLACE","SEO-003+SEO-004"
"GET","ee/blog/sozdanie-realistichnyh-kartin-pri-pomoshchi-cifrovoj-pechati-i-masla","","Closure","web","routes/redirect.php","388","","","redirects","READ_REDIRECT","","SECURITY_REPLACE","SEO-003+SEO-004"
"GET","ee/blog/tworzenie-realistycznych-obrazów-za-pomocą-wydruków-cyfrowych-i-olejów","","Closure","web","routes/redirect.php","388","","","redirects","READ_REDIRECT","","SECURITY_REPLACE","SEO-003+SEO-004"
"GET","ee/blog/wspólna-karykatura-to-świetny-sposób-na-przyjemną-zabawę-z-przyjaciółmi-i-znajomymi","","Closure","web","routes/redirect.php","388","","","redirects","READ_REDIRECT","","SECURITY_REPLACE","SEO-003+SEO-004"
"GET","ee/blog/zabavnyj-portret-v-stile-simpsony-stan-odnim-iz-geroev-legendarnogo-multseriala","","Closure","web","routes/redirect.php","388","","","redirects","READ_REDIRECT","","SECURITY_REPLACE","SEO-003+SEO-004"
"GET","ee/blog/zabawny-portret-w-stylu","","Closure","web","routes/redirect.php","388","","","redirects","READ_REDIRECT","","SECURITY_REPLACE","SEO-003+SEO-004"
"GET","ee/blog/zdjęcia-na-płótnie","","Closure","web","routes/redirect.php","388","","","redirects","READ_REDIRECT","","SECURITY_REPLACE","SEO-003+SEO-004"
"GET","ee/canvas","","Closure","web","routes/redirect.php","388","","","redirects","READ_REDIRECT","","SECURITY_REPLACE","SEO-003+SEO-004"
"GET","ee/gallery/oil-pictures","","Closure","web","routes/redirect.php","388","","","redirects","READ_REDIRECT","","SECURITY_REPLACE","SEO-003+SEO-004"
"GET","ee/graphic-portrait/classic-portrait","","Closure","web","routes/redirect.php","388","","","redirects","READ_REDIRECT","","SECURITY_REPLACE","SEO-003+SEO-004"
"GET","ee/graphic-portrait/classic-portrait/buy","","Closure","web","routes/redirect.php","388","","","redirects","READ_REDIRECT","","SECURITY_REPLACE","SEO-003+SEO-004"
"GET","ee/graphic-portrait/color-and-black-and-white-photos","","Closure","web","routes/redirect.php","388","","","redirects","READ_REDIRECT","","SECURITY_REPLACE","SEO-003+SEO-004"
"GET","ee/graphic-portrait/customs-royal-portraits","","Closure","web","routes/redirect.php","388","","","redirects","READ_REDIRECT","","SECURITY_REPLACE","SEO-003+SEO-004"
"GET","ee/graphic-portrait/Doppelbelichtung-Portrait","","Closure","web","routes/redirect.php","388","","","redirects","READ_REDIRECT","","SECURITY_REPLACE","SEO-003+SEO-004"
"GET","ee/graphic-portrait/double-exposition-portrait","","Closure","web","routes/redirect.php","388","","","redirects","READ_REDIRECT","","SECURITY_REPLACE","SEO-003+SEO-004"
"GET","ee/graphic-portrait/dream-art-portrait","","Closure","web","routes/redirect.php","388","","","redirects","READ_REDIRECT","","SECURITY_REPLACE","SEO-003+SEO-004"
"GET","ee/graphic-portrait/Farb- und Schwarz-Weiß-Fotos","","Closure","web","routes/redirect.php","388","","","redirects","READ_REDIRECT","","SECURITY_REPLACE","SEO-003+SEO-004"
"GET","ee/graphic-portrait/foto-korekcja","","Closure","web","routes/redirect.php","388","","","redirects","READ_REDIRECT","","SECURITY_REPLACE","SEO-003+SEO-004"
"GET","ee/graphic-portrait/Fotokorrektur","","Closure","web","routes/redirect.php","388","","","redirects","READ_REDIRECT","","SECURITY_REPLACE","SEO-003+SEO-004"
"GET","ee/graphic-portrait/Fotowiederherstellung","","Closure","web","routes/redirect.php","388","","","redirects","READ_REDIRECT","","SECURITY_REPLACE","SEO-003+SEO-004"
"GET","ee/graphic-portrait/Grafik-Porträt","","Closure","web","routes/redirect.php","388","","","redirects","READ_REDIRECT","","SECURITY_REPLACE","SEO-003+SEO-004"
"GET","ee/graphic-portrait/graphic-portrait","","Closure","web","routes/redirect.php","388","","","redirects","READ_REDIRECT","","SECURITY_REPLACE","SEO-003+SEO-004"
"GET","ee/graphic-portrait/graphic-portrait/buy","","Closure","web","routes/redirect.php","388","","","redirects","READ_REDIRECT","","SECURITY_REPLACE","SEO-003+SEO-004"
"GET","ee/graphic-portrait/karikatur-porträt","","Closure","web","routes/redirect.php","388","","","redirects","READ_REDIRECT","","SECURITY_REPLACE","SEO-003+SEO-004"
"GET","ee/graphic-portrait/kolorowe-czarno-białe-zdjęcie","","Closure","web","routes/redirect.php","388","","","redirects","READ_REDIRECT","","SECURITY_REPLACE","SEO-003+SEO-004"
"GET","ee/graphic-portrait/Liebe ist Porträt","","Closure","web","routes/redirect.php","388","","","redirects","READ_REDIRECT","","SECURITY_REPLACE","SEO-003+SEO-004"
"GET","ee/graphic-portrait/love-isportrait","","Closure","web","routes/redirect.php","388","","","redirects","READ_REDIRECT","","SECURITY_REPLACE","SEO-003+SEO-004"
"GET","ee/graphic-portrait/love-is-portrait","","Closure","web","routes/redirect.php","388","","","redirects","READ_REDIRECT","","SECURITY_REPLACE","SEO-003+SEO-004"
"GET","ee/graphic-portrait/Low Poly Portrait","","Closure","web","routes/redirect.php","388","","","redirects","READ_REDIRECT","","SECURITY_REPLACE","SEO-003+SEO-004"
"GET","ee/graphic-portrait/low-poly-portrait","","Closure","web","routes/redirect.php","388","","","redirects","READ_REDIRECT","","SECURITY_REPLACE","SEO-003+SEO-004"
"GET","ee/graphic-portrait/low-poly-portret","","Closure","web","routes/redirect.php","388","","","redirects","READ_REDIRECT","","SECURITY_REPLACE","SEO-003+SEO-004"
"GET","ee/graphic-portrait/modulnaya-kartina-pavliny","","Closure","web","routes/redirect.php","388","","","redirects","READ_REDIRECT","","SECURITY_REPLACE","SEO-003+SEO-004"
"GET","ee/graphic-portrait/murciano-portrait","","Closure","web","routes/redirect.php","388","","","redirects","READ_REDIRECT","","SECURITY_REPLACE","SEO-003+SEO-004"
"GET","ee/graphic-portrait/murkisches Porträt","","Closure","web","routes/redirect.php","388","","","redirects","READ_REDIRECT","","SECURITY_REPLACE","SEO-003+SEO-004"
"GET","ee/graphic-portrait/odnawianie-zdjęć","","Closure","web","routes/redirect.php","388","","","redirects","READ_REDIRECT","","SECURITY_REPLACE","SEO-003+SEO-004"
"GET","ee/graphic-portrait/photo-correction","","Closure","web","routes/redirect.php","388","","","redirects","READ_REDIRECT","","SECURITY_REPLACE","SEO-003+SEO-004"
"GET","ee/graphic-portrait/photo-recovery","","Closure","web","routes/redirect.php","388","","","redirects","READ_REDIRECT","","SECURITY_REPLACE","SEO-003+SEO-004"
"GET","ee/graphic-portrait/pop-art-portrait","","Closure","web","routes/redirect.php","388","","","redirects","READ_REDIRECT","","SECURITY_REPLACE","SEO-003+SEO-004"
"GET","ee/graphic-portrait/pop-art-portrait/buy","","Closure","web","routes/redirect.php","388","","","redirects","READ_REDIRECT","","SECURITY_REPLACE","SEO-003+SEO-004"
"GET","ee/graphic-portrait/portrait-beauty-art","","Closure","web","routes/redirect.php","388","","","redirects","READ_REDIRECT","","SECURITY_REPLACE","SEO-003+SEO-004"
"GET","ee/graphic-portrait/portrait-beauty-art/buy","","Closure","web","routes/redirect.php","388","","","redirects","READ_REDIRECT","","SECURITY_REPLACE","SEO-003+SEO-004"
"GET","ee/graphic-portrait/portrait-caricature","","Closure","web","routes/redirect.php","388","","","redirects","READ_REDIRECT","","SECURITY_REPLACE","SEO-003+SEO-004"
"GET","ee/graphic-portrait/portrait-caricature/buy","","Closure","web","routes/redirect.php","388","","","redirects","READ_REDIRECT","","SECURITY_REPLACE","SEO-003+SEO-004"
"GET","ee/graphic-portrait/portrait-colorization","","Closure","web","routes/redirect.php","388","","","redirects","READ_REDIRECT","","SECURITY_REPLACE","SEO-003+SEO-004"
"GET","ee/graphic-portrait/portrait-compliment","","Closure","web","routes/redirect.php","388","","","redirects","READ_REDIRECT","","SECURITY_REPLACE","SEO-003+SEO-004"
"GET","ee/graphic-portrait/portrait-double-exposure","","Closure","web","routes/redirect.php","388","","","redirects","READ_REDIRECT","","SECURITY_REPLACE","SEO-003+SEO-004"
"GET","ee/graphic-portrait/portrait-dream-art","","Closure","web","routes/redirect.php","388","","","redirects","READ_REDIRECT","","SECURITY_REPLACE","SEO-003+SEO-004"
"GET","ee/graphic-portrait/portrait-dream-art/buy","","Closure","web","routes/redirect.php","388","","","redirects","READ_REDIRECT","","SECURITY_REPLACE","SEO-003+SEO-004"
"GET","ee/graphic-portrait/portrait-in-image","","Closure","web","routes/redirect.php","388","","","redirects","READ_REDIRECT","","SECURITY_REPLACE","SEO-003+SEO-004"
"GET","ee/graphic-portrait/portrait-in-the-image","","Closure","web","routes/redirect.php","388","","","redirects","READ_REDIRECT","","SECURITY_REPLACE","SEO-003+SEO-004"
"GET","ee/graphic-portrait/portrait-made-from-words","","Closure","web","routes/redirect.php","388","","","redirects","READ_REDIRECT","","SECURITY_REPLACE","SEO-003+SEO-004"
"GET","ee/graphic-portrait/portrait-of-love-is","","Closure","web","routes/redirect.php","388","","","redirects","READ_REDIRECT","","SECURITY_REPLACE","SEO-003+SEO-004"
"GET","ee/graphic-portrait/portrait-of-murciano","","Closure","web","routes/redirect.php","388","","","redirects","READ_REDIRECT","","SECURITY_REPLACE","SEO-003+SEO-004"
"GET","ee/graphic-portrait/portrait-pop-art","","Closure","web","routes/redirect.php","388","","","redirects","READ_REDIRECT","","SECURITY_REPLACE","SEO-003+SEO-004"
"GET","ee/graphic-portrait/portrait-retouch","","Closure","web","routes/redirect.php","388","","","redirects","READ_REDIRECT","","SECURITY_REPLACE","SEO-003+SEO-004"
"GET","ee/graphic-portrait/portrait-spancaricaturespan","","Closure","web","routes/redirect.php","388","","","redirects","READ_REDIRECT","","SECURITY_REPLACE","SEO-003+SEO-004"
"GET","ee/graphic-portrait/portrait-spanclassicspan","","Closure","web","routes/redirect.php","388","","","redirects","READ_REDIRECT","","SECURITY_REPLACE","SEO-003+SEO-004"
"GET","ee/graphic-portrait/Porträt-aus-Wörtern","","Closure","web","routes/redirect.php","388","","","redirects","READ_REDIRECT","","SECURITY_REPLACE","SEO-003+SEO-004"
"GET","ee/graphic-portrait/portret-beauty-art","","Closure","web","routes/redirect.php","388","","","redirects","READ_REDIRECT","","SECURITY_REPLACE","SEO-003+SEO-004"
"GET","ee/graphic-portrait/portret-karykatura","","Closure","web","routes/redirect.php","388","","","redirects","READ_REDIRECT","","SECURITY_REPLACE","SEO-003+SEO-004"
"GET","ee/graphic-portrait/portret-murchiano","","Closure","web","routes/redirect.php","388","","","redirects","READ_REDIRECT","","SECURITY_REPLACE","SEO-003+SEO-004"
"GET","ee/graphic-portrait/portret-pop-art","","Closure","web","routes/redirect.php","388","","","redirects","READ_REDIRECT","","SECURITY_REPLACE","SEO-003+SEO-004"
"GET","ee/graphic-portrait/portret-stylizowany","","Closure","web","routes/redirect.php","388","","","redirects","READ_REDIRECT","","SECURITY_REPLACE","SEO-003+SEO-004"
"GET","ee/graphic-portrait/Portret-w-stylu-Love-is","","Closure","web","routes/redirect.php","388","","","redirects","READ_REDIRECT","","SECURITY_REPLACE","SEO-003+SEO-004"
"GET","ee/graphic-portrait/portret-ze-słów","","Closure","web","routes/redirect.php","388","","","redirects","READ_REDIRECT","","SECURITY_REPLACE","SEO-003+SEO-004"
"GET","ee/graphic-portrait/portret-z-podwójną-ekspozycją","","Closure","web","routes/redirect.php","388","","","redirects","READ_REDIRECT","","SECURITY_REPLACE","SEO-003+SEO-004"
"GET","ee/graphic-portrait/simpsons-portrait","","Closure","web","routes/redirect.php","388","","","redirects","READ_REDIRECT","","SECURITY_REPLACE","SEO-003+SEO-004"
"GET","ee/graphic-portrait/spanartspan-portraits","","Closure","web","routes/redirect.php","388","","","redirects","READ_REDIRECT","","SECURITY_REPLACE","SEO-003+SEO-004"
"GET","ee/graphic-portrait/spanpaintingsspan","","Closure","web","routes/redirect.php","388","","","redirects","READ_REDIRECT","","SECURITY_REPLACE","SEO-003+SEO-004"
"GET","ee/graphic-portrait/spanpetspanportrait","","Closure","web","routes/redirect.php","388","","","redirects","READ_REDIRECT","","SECURITY_REPLACE","SEO-003+SEO-004"
"GET","ee/graphic-portrait/vintage-portrait","","Closure","web","routes/redirect.php","388","","","redirects","READ_REDIRECT","","SECURITY_REPLACE","SEO-003+SEO-004"
"GET","ee/modular-pictures","","Closure","web","routes/redirect.php","388","","","redirects","READ_REDIRECT","","SECURITY_REPLACE","SEO-003+SEO-004"
"GET","ee/new/caricature/athlete_caricatures","","Closure","web","routes/redirect.php","388","","","redirects","READ_REDIRECT","","SECURITY_REPLACE","SEO-003+SEO-004"
"GET","ee/new/caricature/black_and_white_caricatures","","Closure","web","routes/redirect.php","388","","","redirects","READ_REDIRECT","","SECURITY_REPLACE","SEO-003+SEO-004"
"GET","ee/new/caricature/caricature_for_birthday","","Closure","web","routes/redirect.php","388","","","redirects","READ_REDIRECT","","SECURITY_REPLACE","SEO-003+SEO-004"
"GET","ee/new/caricature/family_caricature","","Closure","web","routes/redirect.php","388","","","redirects","READ_REDIRECT","","SECURITY_REPLACE","SEO-003+SEO-004"
"GET","ee/new/caricature/group_caricatures","","Closure","web","routes/redirect.php","388","","","redirects","READ_REDIRECT","","SECURITY_REPLACE","SEO-003+SEO-004"
"GET","ee/new/caricature/portrait-in-image","","Closure","web","routes/redirect.php","388","","","redirects","READ_REDIRECT","","SECURITY_REPLACE","SEO-003+SEO-004"
"GET","ee/new/caricature/portrait-in-the-image","","Closure","web","routes/redirect.php","388","","","redirects","READ_REDIRECT","","SECURITY_REPLACE","SEO-003+SEO-004"
"GET","ee/new/caricature/portret-stylizowany","","Closure","web","routes/redirect.php","388","","","redirects","READ_REDIRECT","","SECURITY_REPLACE","SEO-003+SEO-004"
"GET","ee/new/caricature/spancaricaturespan-for-birthday","","Closure","web","routes/redirect.php","388","","","redirects","READ_REDIRECT","","SECURITY_REPLACE","SEO-003+SEO-004"
"GET","ee/new/caricature/wedding_caricature","","Closure","web","routes/redirect.php","388","","","redirects","READ_REDIRECT","","SECURITY_REPLACE","SEO-003+SEO-004"
"GET","ee/new/caricature/сaricature_for_сolleagues","","Closure","web","routes/redirect.php","388","","","redirects","READ_REDIRECT","","SECURITY_REPLACE","SEO-003+SEO-004"
"GET","ee/new/graphic-portrait/-988","","Closure","web","routes/redirect.php","388","","","redirects","READ_REDIRECT","","SECURITY_REPLACE","SEO-003+SEO-004"
"GET","ee/new/graphic-portrait/classic-portrait","","Closure","web","routes/redirect.php","388","","","redirects","READ_REDIRECT","","SECURITY_REPLACE","SEO-003+SEO-004"
"GET","ee/new/graphic-portrait/customs-royal-portraits","","Closure","web","routes/redirect.php","388","","","redirects","READ_REDIRECT","","SECURITY_REPLACE","SEO-003+SEO-004"
"GET","ee/new/graphic-portrait/Grafik-Porträt","","Closure","web","routes/redirect.php","388","","","redirects","READ_REDIRECT","","SECURITY_REPLACE","SEO-003+SEO-004"
"GET","ee/new/graphic-portrait/karikatur-porträt","","Closure","web","routes/redirect.php","388","","","redirects","READ_REDIRECT","","SECURITY_REPLACE","SEO-003+SEO-004"
"GET","ee/new/graphic-portrait/klasisks-portrets","","Closure","web","routes/redirect.php","388","","","redirects","READ_REDIRECT","","SECURITY_REPLACE","SEO-003+SEO-004"
"GET","ee/new/graphic-portrait/portrait-beauty-art/buy","","Closure","web","routes/redirect.php","388","","","redirects","READ_REDIRECT","","SECURITY_REPLACE","SEO-003+SEO-004"
"GET","ee/new/graphic-portrait/portrait-caricature","","Closure","web","routes/redirect.php","388","","","redirects","READ_REDIRECT","","SECURITY_REPLACE","SEO-003+SEO-004"
"GET","ee/new/graphic-portrait/portrait-Dream-Art","","Closure","web","routes/redirect.php","388","","","redirects","READ_REDIRECT","","SECURITY_REPLACE","SEO-003+SEO-004"
"GET","ee/new/graphic-portrait/portrait-dream-art/buy","","Closure","web","routes/redirect.php","388","","","redirects","READ_REDIRECT","","SECURITY_REPLACE","SEO-003+SEO-004"
"GET","ee/new/graphic-portrait/portrait-pop-art","","Closure","web","routes/redirect.php","388","","","redirects","READ_REDIRECT","","SECURITY_REPLACE","SEO-003+SEO-004"
"GET","ee/new/graphic-portrait/portrait-spancaricaturespan","","Closure","web","routes/redirect.php","388","","","redirects","READ_REDIRECT","","SECURITY_REPLACE","SEO-003+SEO-004"
"GET","ee/new/graphic-portrait/portrait-spanclassicspan","","Closure","web","routes/redirect.php","388","","","redirects","READ_REDIRECT","","SECURITY_REPLACE","SEO-003+SEO-004"
"GET","ee/new/graphic-portrait/portret-beauty-art","","Closure","web","routes/redirect.php","388","","","redirects","READ_REDIRECT","","SECURITY_REPLACE","SEO-003+SEO-004"
"GET","ee/new/graphic-portrait/portret-dream-art","","Closure","web","routes/redirect.php","388","","","redirects","READ_REDIRECT","","SECURITY_REPLACE","SEO-003+SEO-004"
"GET","ee/new/graphic-portrait/portret-graficzny","","Closure","web","routes/redirect.php","388","","","redirects","READ_REDIRECT","","SECURITY_REPLACE","SEO-003+SEO-004"
"GET","ee/new/graphic-portrait/portret-karykatura","","Closure","web","routes/redirect.php","388","","","redirects","READ_REDIRECT","","SECURITY_REPLACE","SEO-003+SEO-004"
"GET","ee/new/graphic-portrait/simposons-custums","","Closure","web","routes/redirect.php","388","","","redirects","READ_REDIRECT","","SECURITY_REPLACE","SEO-003+SEO-004"
"GET","ee/new/graphic-portrait/simpsons-portrait","","Closure","web","routes/redirect.php","388","","","redirects","READ_REDIRECT","","SECURITY_REPLACE","SEO-003+SEO-004"
"GET","ee/new/graphic-portrait/spanartspan-portraits","","Closure","web","routes/redirect.php","388","","","redirects","READ_REDIRECT","","SECURITY_REPLACE","SEO-003+SEO-004"
"GET","ee/new/graphic-portrait/spanbeauty-art-span-portree","","Closure","web","routes/redirect.php","388","","","redirects","READ_REDIRECT","","SECURITY_REPLACE","SEO-003+SEO-004"
"GET","ee/new/graphic-portrait/spanpaintingsspan","","Closure","web","routes/redirect.php","388","","","redirects","READ_REDIRECT","","SECURITY_REPLACE","SEO-003+SEO-004"
"GET","ee/new/graphic-portrait/spanpetspanportrait","","Closure","web","routes/redirect.php","388","","","redirects","READ_REDIRECT","","SECURITY_REPLACE","SEO-003+SEO-004"
"GET","ee/new/graphic-portrait/süßes Kunstportrait","","Closure","web","routes/redirect.php","388","","","redirects","READ_REDIRECT","","SECURITY_REPLACE","SEO-003+SEO-004"
"GET","ee/new/graphic-portrait/traum-kunst-porträt","","Closure","web","routes/redirect.php","388","","","redirects","READ_REDIRECT","","SECURITY_REPLACE","SEO-003+SEO-004"
"GET","ee/oil-portrait","","Closure","web","routes/redirect.php","388","","","redirects","READ_REDIRECT","","SECURITY_REPLACE","SEO-003+SEO-004"
"GET","ee/page/faq","","Closure","web","routes/redirect.php","388","","","redirects","READ_REDIRECT","","SECURITY_REPLACE","SEO-003+SEO-004"
"GET","ee/photo","","Closure","web","routes/redirect.php","388","","","redirects","READ_REDIRECT","","SECURITY_REPLACE","SEO-003+SEO-004"
"GET","ee-google-ads.xml","google.ads.ee","App\Http\Controllers\AdvertisingController@google_ee","web|resetPlLocale|localize|localeSessionRedirect|localizationRedirect|lastModified","app/Http/Controllers/AdvertisingController.php","184","","DB","public content pages","READ_DB","","MISSING_TARGET","APP-005B-PAGES-01"
"GET","en/blog/-10","","Closure","web","routes/redirect.php","388","","","redirects","READ_REDIRECT","","SECURITY_REPLACE","SEO-003+SEO-004"
"GET","en/blog/-11","","Closure","web","routes/redirect.php","388","","","redirects","READ_REDIRECT","","SECURITY_REPLACE","SEO-003+SEO-004"
"GET","en/blog/-12","","Closure","web","routes/redirect.php","388","","","redirects","READ_REDIRECT","","SECURITY_REPLACE","SEO-003+SEO-004"
"GET","en/blog/-13","","Closure","web","routes/redirect.php","388","","","redirects","READ_REDIRECT","","SECURITY_REPLACE","SEO-003+SEO-004"
"GET","en/blog/-14","","Closure","web","routes/redirect.php","388","","","redirects","READ_REDIRECT","","SECURITY_REPLACE","SEO-003+SEO-004"
"GET","en/blog/-15","","Closure","web","routes/redirect.php","388","","","redirects","READ_REDIRECT","","SECURITY_REPLACE","SEO-003+SEO-004"
"GET","en/blog/-16","","Closure","web","routes/redirect.php","388","","","redirects","READ_REDIRECT","","SECURITY_REPLACE","SEO-003+SEO-004"
"GET","en/blog/-17","","Closure","web","routes/redirect.php","388","","","redirects","READ_REDIRECT","","SECURITY_REPLACE","SEO-003+SEO-004"
"GET","en/blog/-18","","Closure","web","routes/redirect.php","388","","","redirects","READ_REDIRECT","","SECURITY_REPLACE","SEO-003+SEO-004"
"GET","en/blog/-19","","Closure","web","routes/redirect.php","388","","","redirects","READ_REDIRECT","","SECURITY_REPLACE","SEO-003+SEO-004"
"GET","en/blog/-2","","Closure","web","routes/redirect.php","388","","","redirects","READ_REDIRECT","","SECURITY_REPLACE","SEO-003+SEO-004"
"GET","en/blog/-20","","Closure","web","routes/redirect.php","388","","","redirects","READ_REDIRECT","","SECURITY_REPLACE","SEO-003+SEO-004"
"GET","en/blog/-4","","Closure","web","routes/redirect.php","388","","","redirects","READ_REDIRECT","","SECURITY_REPLACE","SEO-003+SEO-004"
"GET","en/blog/-6","","Closure","web","routes/redirect.php","388","","","redirects","READ_REDIRECT","","SECURITY_REPLACE","SEO-003+SEO-004"
"GET","en/blog/-9","","Closure","web","routes/redirect.php","388","","","redirects","READ_REDIRECT","","SECURITY_REPLACE","SEO-003+SEO-004"
"GET","en/blog/art-portrait-canvas-kanvas","","Closure","web","routes/redirect.php","388","","","redirects","READ_REDIRECT","","SECURITY_REPLACE","SEO-003+SEO-004"
"GET","en/blog/art-portrait-kanvas-art","","Closure","web","routes/redirect.php","388","","","redirects","READ_REDIRECT","","SECURITY_REPLACE","SEO-003+SEO-004"
"GET","en/blog/art-prezent-dla-bliskich","","Closure","web","routes/redirect.php","388","","","redirects","READ_REDIRECT","","SECURITY_REPLACE","SEO-003+SEO-004"
"GET","en/blog/augintinio-portretas","","Closure","web","routes/redirect.php","388","","","redirects","READ_REDIRECT","","SECURITY_REPLACE","SEO-003+SEO-004"
"GET","en/blog/aukstos-kokybės-reprodukcija","","Closure","web","routes/redirect.php","388","","","redirects","READ_REDIRECT","","SECURITY_REPLACE","SEO-003+SEO-004"
"GET","en/blog/Bagetinis-paveikslų-rėminimas","","Closure","web","routes/redirect.php","388","","","redirects","READ_REDIRECT","","SECURITY_REPLACE","SEO-003+SEO-004"
"GET","en/blog/bagetnoe-obramlenie-kartin","","Closure","web","routes/redirect.php","388","","","redirects","READ_REDIRECT","","SECURITY_REPLACE","SEO-003+SEO-004"
"GET","en/blog/Baguette-Rahmen-aus-Gemälden-Relikte-aus-der-Vergangenheit-oder-noch-relevant","","Closure","web","routes/redirect.php","388","","","redirects","READ_REDIRECT","","SECURITY_REPLACE","SEO-003+SEO-004"
"GET","en/blog/canvas","","Closure","web","routes/redirect.php","388","","","redirects","READ_REDIRECT","","SECURITY_REPLACE","SEO-003+SEO-004"
"GET","en/blog/canvas-or-photo-painting-transform-your-memories-into-art","","Closure","web","routes/redirect.php","388","","","redirects","READ_REDIRECT","","SECURITY_REPLACE","SEO-003+SEO-004"
"GET","en/blog/canvas-wall-print","","Closure","web","routes/redirect.php","388","","","redirects","READ_REDIRECT","","SECURITY_REPLACE","SEO-003+SEO-004"
"GET","en/blog/collage-mit-kindern-das-beste-geschenk-für-eltern-und-ihre-kinder","","Closure","web","routes/redirect.php","388","","","redirects","READ_REDIRECT","","SECURITY_REPLACE","SEO-003+SEO-004"
"GET","en/blog/detskij-kollazh-samyj-luchshij-podarok-dlya-roditelej-i-druzej","","Closure","web","routes/redirect.php","388","","","redirects","READ_REDIRECT","","SECURITY_REPLACE","SEO-003+SEO-004"
"GET","en/blog/digitāla-druka-un-eļļa.","","Closure","web","routes/redirect.php","388","","","redirects","READ_REDIRECT","","SECURITY_REPLACE","SEO-003+SEO-004"
"GET","en/blog/dovanu-kortele-puiki-dovana","","Closure","web","routes/redirect.php","388","","","redirects","READ_REDIRECT","","SECURITY_REPLACE","SEO-003+SEO-004"
"GET","en/blog/dovanu-pakuote","","Closure","web","routes/redirect.php","388","","","redirects","READ_REDIRECT","","SECURITY_REPLACE","SEO-003+SEO-004"
"GET","en/blog/druka-uz-audekla-dāvanā","","Closure","web","routes/redirect.php","388","","","redirects","READ_REDIRECT","","SECURITY_REPLACE","SEO-003+SEO-004"
"GET","en/blog/druzheskij-sharzh-otlichnyj-sposob-poveselit-druzej-i-znakomyh","","Closure","web","routes/redirect.php","388","","","redirects","READ_REDIRECT","","SECURITY_REPLACE","SEO-003+SEO-004"
"GET","en/blog/eine-geschenk-karte-ist-ein-gutes-geschenk-für-einen-anlass","","Closure","web","routes/redirect.php","388","","","redirects","READ_REDIRECT","","SECURITY_REPLACE","SEO-003+SEO-004"
"GET","en/blog/ffff","","Closure","web","routes/redirect.php","388","","","redirects","READ_REDIRECT","","SECURITY_REPLACE","SEO-003+SEO-004"
"GET","en/blog/foto_uz_kanvas","","Closure","web","routes/redirect.php","388","","","redirects","READ_REDIRECT","","SECURITY_REPLACE","SEO-003+SEO-004"
"GET","en/blog/fotod-fotosessioonist-õuendil","","Closure","web","routes/redirect.php","388","","","redirects","READ_REDIRECT","","SECURITY_REPLACE","SEO-003+SEO-004"
"GET","en/blog/fotodrobės","","Closure","web","routes/redirect.php","388","","","redirects","READ_REDIRECT","","SECURITY_REPLACE","SEO-003+SEO-004"
"GET","en/blog/fotografie-do-portretu","","Closure","web","routes/redirect.php","388","","","redirects","READ_REDIRECT","","SECURITY_REPLACE","SEO-003+SEO-004"
"GET","en/blog/foto-kanvas","","Closure","web","routes/redirect.php","388","","","redirects","READ_REDIRECT","","SECURITY_REPLACE","SEO-003+SEO-004"
"GET","en/blog/fotokartina-luchshij-podarok-roditelyam","","Closure","web","routes/redirect.php","388","","","redirects","READ_REDIRECT","","SECURITY_REPLACE","SEO-003+SEO-004"
"GET","en/blog/fotolõuend","","Closure","web","routes/redirect.php","388","","","redirects","READ_REDIRECT","","SECURITY_REPLACE","SEO-003+SEO-004"
"GET","en/blog/fotoobraz-jest-najlepszym-prezentem-dla-rodziców","","Closure","web","routes/redirect.php","388","","","redirects","READ_REDIRECT","","SECURITY_REPLACE","SEO-003+SEO-004"
"GET","en/blog/fotoobraz-na-płótnie-w-prezencie","","Closure","web","routes/redirect.php","388","","","redirects","READ_REDIRECT","","SECURITY_REPLACE","SEO-003+SEO-004"
"GET","en/blog/fotopaveikslas","","Closure","web","routes/redirect.php","388","","","redirects","READ_REDIRECT","","SECURITY_REPLACE","SEO-003+SEO-004"
"GET","en/blog/fotopilt-on-parim-kingitus-vanematele","","Closure","web","routes/redirect.php","388","","","redirects","READ_REDIRECT","","SECURITY_REPLACE","SEO-003+SEO-004"
"GET","en/blog/Fotos auf Leinwand","","Closure","web","routes/redirect.php","388","","","redirects","READ_REDIRECT","","SECURITY_REPLACE","SEO-003+SEO-004"
"GET","en/blog/freundliche-karikatur-ist-ein-guter-weg-um-spaß-mit-freunden-und-bekannten-zu-haben","","Closure","web","routes/redirect.php","388","","","redirects","READ_REDIRECT","","SECURITY_REPLACE","SEO-003+SEO-004"
"GET","en/blog/giclee-technology-art","","Closure","web","routes/redirect.php","388","","","redirects","READ_REDIRECT","","SECURITY_REPLACE","SEO-003+SEO-004"
"GET","en/blog/gift-for_man","","Closure","web","routes/redirect.php","388","","","redirects","READ_REDIRECT","","SECURITY_REPLACE","SEO-003+SEO-004"
"GET","en/blog/gift-for-mather","","Closure","web","routes/redirect.php","388","","","redirects","READ_REDIRECT","","SECURITY_REPLACE","SEO-003+SEO-004"
"GET","en/blog/gleznas-uz-audekla-dāvanu-iesaiņojums","","Closure","web","routes/redirect.php","388","","","redirects","READ_REDIRECT","","SECURITY_REPLACE","SEO-003+SEO-004"
"GET","en/blog/Gleznu-bagetes-ieramešana","","Closure","web","routes/redirect.php","388","","","redirects","READ_REDIRECT","","SECURITY_REPLACE","SEO-003+SEO-004"
"GET","en/blog/graafilised-portreed-kaasaegse-maailma-kunst","","Closure","web","routes/redirect.php","388","","","redirects","READ_REDIRECT","","SECURITY_REPLACE","SEO-003+SEO-004"
"GET","en/blog/graficheskie-portrety-iskusstvo-sovremennogo-mira","","Closure","web","routes/redirect.php","388","","","redirects","READ_REDIRECT","","SECURITY_REPLACE","SEO-003+SEO-004"
"GET","en/blog/grafische-porträts-der-kunst-der-modernen-welt","","Closure","web","routes/redirect.php","388","","","redirects","READ_REDIRECT","","SECURITY_REPLACE","SEO-003+SEO-004"
"GET","en/blog/Haustierporträt Aristokraten","","Closure","web","routes/redirect.php","388","","","redirects","READ_REDIRECT","","SECURITY_REPLACE","SEO-003+SEO-004"
"GET","en/blog/ivaizdzio-portretas","","Closure","web","routes/redirect.php","388","","","redirects","READ_REDIRECT","","SECURITY_REPLACE","SEO-003+SEO-004"
"GET","en/blog/jak-powstaje-portret-graficzny","","Closure","web","routes/redirect.php","388","","","redirects","READ_REDIRECT","","SECURITY_REPLACE","SEO-003+SEO-004"
"GET","en/blog/kak-risuetsya-graficheskiy-portret","","Closure","web","routes/redirect.php","388","","","redirects","READ_REDIRECT","","SECURITY_REPLACE","SEO-003+SEO-004"
"GET","en/blog/kanva","","Closure","web","routes/redirect.php","388","","","redirects","READ_REDIRECT","","SECURITY_REPLACE","SEO-003+SEO-004"
"GET","en/blog/kanvas","","Closure","web","routes/redirect.php","388","","","redirects","READ_REDIRECT","","SECURITY_REPLACE","SEO-003+SEO-004"
"GET","en/blog/kanvas_ pamatā _pigments_vai_šķīdinātāja_tinte_kura_ir_labāka","","Closure","web","routes/redirect.php","388","","","redirects","READ_REDIRECT","","SECURITY_REPLACE","SEO-003+SEO-004"
"GET","en/blog/kanvas_apdruka","","Closure","web","routes/redirect.php","388","","","redirects","READ_REDIRECT","","SECURITY_REPLACE","SEO-003+SEO-004"
"GET","en/blog/kanvas-apdruka-foto","","Closure","web","routes/redirect.php","388","","","redirects","READ_REDIRECT","","SECURITY_REPLACE","SEO-003+SEO-004"
"GET","en/blog/kanvas-kvalitāte-foto","","Closure","web","routes/redirect.php","388","","","redirects","READ_REDIRECT","","SECURITY_REPLACE","SEO-003+SEO-004"
"GET","en/blog/kanvas-nice-gift-for","","Closure","web","routes/redirect.php","388","","","redirects","READ_REDIRECT","","SECURITY_REPLACE","SEO-003+SEO-004"
"GET","en/blog/karikatura-pec-pasutijuma","","Closure","web","routes/redirect.php","388","","","redirects","READ_REDIRECT","","SECURITY_REPLACE","SEO-003+SEO-004"
"GET","en/blog/karta-podarunkowa","","Closure","web","routes/redirect.php","388","","","redirects","READ_REDIRECT","","SECURITY_REPLACE","SEO-003+SEO-004"
"GET","en/blog/kartiny-na-osnove-pigmentnyh-ili-solventnyh-chernil-kakie-luchshe","","Closure","web","routes/redirect.php","388","","","redirects","READ_REDIRECT","","SECURITY_REPLACE","SEO-003+SEO-004"
"GET","en/blog/kinkekaart-on-suurepärane-kingitus-igal-juhul","","Closure","web","routes/redirect.php","388","","","redirects","READ_REDIRECT","","SECURITY_REPLACE","SEO-003+SEO-004"
"GET","en/blog/kinkepakk","","Closure","web","routes/redirect.php","388","","","redirects","READ_REDIRECT","","SECURITY_REPLACE","SEO-003+SEO-004"
"GET","en/blog/kolaza–pati-labaka-davana","","Closure","web","routes/redirect.php","388","","","redirects","READ_REDIRECT","","SECURITY_REPLACE","SEO-003+SEO-004"
"GET","en/blog/kolaże-z-dziećmi-najlepszy-prezent-dla-rodziców-i-ich-dzieci","","Closure","web","routes/redirect.php","388","","","redirects","READ_REDIRECT","","SECURITY_REPLACE","SEO-003+SEO-004"
"GET","en/blog/Koliažas-ant-drobės","","Closure","web","routes/redirect.php","388","","","redirects","READ_REDIRECT","","SECURITY_REPLACE","SEO-003+SEO-004"
"GET","en/blog/kollaaž-on-parim-kingitus-vanematele-ja-nende","","Closure","web","routes/redirect.php","388","","","redirects","READ_REDIRECT","","SECURITY_REPLACE","SEO-003+SEO-004"
"GET","en/blog/kompozycja-z-fotoobrazów","","Closure","web","routes/redirect.php","388","","","redirects","READ_REDIRECT","","SECURITY_REPLACE","SEO-003+SEO-004"
"GET","en/blog/kuidas-joonistatakse-graafiline-portree","","Closure","web","routes/redirect.php","388","","","redirects","READ_REDIRECT","","SECURITY_REPLACE","SEO-003+SEO-004"
"GET","en/blog/labaka-davana-vecakiem","","Closure","web","routes/redirect.php","388","","","redirects","READ_REDIRECT","","SECURITY_REPLACE","SEO-003+SEO-004"
"GET","en/blog/legendaarsete-maalide-reprodutseerimine-lõuendil-kvaliteetselt","","Closure","web","routes/redirect.php","388","","","redirects","READ_REDIRECT","","SECURITY_REPLACE","SEO-003+SEO-004"
"GET","en/blog/leģendāras-gleznas-reprodukcijas","","Closure","web","routes/redirect.php","388","","","redirects","READ_REDIRECT","","SECURITY_REPLACE","SEO-003+SEO-004"
"GET","en/blog/looge-digitaalse-printimise-ja-õli-abil-elutruud-maalid","","Closure","web","routes/redirect.php","388","","","redirects","READ_REDIRECT","","SECURITY_REPLACE","SEO-003+SEO-004"
"GET","en/blog/lustiges-simpsons-stil-porträt-werden-einer-der-helden-des-legendären-cartoons","","Closure","web","routes/redirect.php","388","","","redirects","READ_REDIRECT","","SECURITY_REPLACE","SEO-003+SEO-004"
"GET","en/blog/maalide-baguette-raamimine","","Closure","web","routes/redirect.php","388","","","redirects","READ_REDIRECT","","SECURITY_REPLACE","SEO-003+SEO-004"
"GET","en/blog/maalimine-fotost-lõuendile-suurepärane-kingitus","","Closure","web","routes/redirect.php","388","","","redirects","READ_REDIRECT","","SECURITY_REPLACE","SEO-003+SEO-004"
"GET","en/blog/mājdzīvnieka-portrets","","Closure","web","routes/redirect.php","388","","","redirects","READ_REDIRECT","","SECURITY_REPLACE","SEO-003+SEO-004"
"GET","en/blog/man-gift","","Closure","web","routes/redirect.php","388","","","redirects","READ_REDIRECT","","SECURITY_REPLACE","SEO-003+SEO-004"
"GET","en/blog/millised-fotod-sobivad-portree-loomiseks","","Closure","web","routes/redirect.php","388","","","redirects","READ_REDIRECT","","SECURITY_REPLACE","SEO-003+SEO-004"
"GET","en/blog/modulare-malerei-eine-ungewöhnliche-und-interessante-einrichtungslösung","","Closure","web","routes/redirect.php","388","","","redirects","READ_REDIRECT","","SECURITY_REPLACE","SEO-003+SEO-004"
"GET","en/blog/Moduliniai-paveikslai","","Closure","web","routes/redirect.php","388","","","redirects","READ_REDIRECT","","SECURITY_REPLACE","SEO-003+SEO-004"
"GET","en/blog/modulnye-kartiny-neobychnoe-i-interesnoe-reshenie-dlya-interera","","Closure","web","routes/redirect.php","388","","","redirects","READ_REDIRECT","","SECURITY_REPLACE","SEO-003+SEO-004"
"GET","en/blog/moduļu-kanvas-generators","","Closure","web","routes/redirect.php","388","","","redirects","READ_REDIRECT","","SECURITY_REPLACE","SEO-003+SEO-004"
"GET","en/blog/moodulmaalid-ebatavaline-ja-huvitav-lahendus-interjööri-jaoks","","Closure","web","routes/redirect.php","388","","","redirects","READ_REDIRECT","","SECURITY_REPLACE","SEO-003+SEO-004"
"GET","en/blog/naljakas-portree-stiilis-simpsonid-saage-üheks-legendaarse-animasarja-kangelaseks","","Closure","web","routes/redirect.php","388","","","redirects","READ_REDIRECT","","SECURITY_REPLACE","SEO-003+SEO-004"
"GET","en/blog/obrazy-modułowe","","Closure","web","routes/redirect.php","388","","","redirects","READ_REDIRECT","","SECURITY_REPLACE","SEO-003+SEO-004"
"GET","en/blog/obrazy-wykonane-farbami","","Closure","web","routes/redirect.php","388","","","redirects","READ_REDIRECT","","SECURITY_REPLACE","SEO-003+SEO-004"
"GET","en/blog/opakowanie-prezentowe","","Closure","web","routes/redirect.php","388","","","redirects","READ_REDIRECT","","SECURITY_REPLACE","SEO-003+SEO-004"
"GET","en/blog/painting-artists","","Closure","web","routes/redirect.php","388","","","redirects","READ_REDIRECT","","SECURITY_REPLACE","SEO-003+SEO-004"
"GET","en/blog/Paveikslas-is-nuotraukos-ant-drobės","","Closure","web","routes/redirect.php","388","","","redirects","READ_REDIRECT","","SECURITY_REPLACE","SEO-003+SEO-004"
"GET","en/blog/Paveikslas-iš-nuotraukos-ant-drobės","","Closure","web","routes/redirect.php","388","","","redirects","READ_REDIRECT","","SECURITY_REPLACE","SEO-003+SEO-004"
"GET","en/blog/pet-portrait-on-canvas","","Closure","web","routes/redirect.php","388","","","redirects","READ_REDIRECT","","SECURITY_REPLACE","SEO-003+SEO-004"
"GET","en/blog/photo-canvas-quality","","Closure","web","routes/redirect.php","388","","","redirects","READ_REDIRECT","","SECURITY_REPLACE","SEO-003+SEO-004"
"GET","en/blog/photo-canvas-with-high-quality-printing","","Closure","web","routes/redirect.php","388","","","redirects","READ_REDIRECT","","SECURITY_REPLACE","SEO-003+SEO-004"
"GET","en/blog/photo-recovery-canvas","","Closure","web","routes/redirect.php","388","","","redirects","READ_REDIRECT","","SECURITY_REPLACE","SEO-003+SEO-004"
"GET","en/blog/Pigment- oder Lösemitteltinte - was ist besser","","Closure","web","routes/redirect.php","388","","","redirects","READ_REDIRECT","","SECURITY_REPLACE","SEO-003+SEO-004"
"GET","en/blog/pigmentiniai-ar-tirpikliniai-paveikslai","","Closure","web","routes/redirect.php","388","","","redirects","READ_REDIRECT","","SECURITY_REPLACE","SEO-003+SEO-004"
"GET","en/blog/pigment-või-lahustivärvil-põhinevad-maalid-millised-neist-on-paremad","","Closure","web","routes/redirect.php","388","","","redirects","READ_REDIRECT","","SECURITY_REPLACE","SEO-003+SEO-004"
"GET","en/blog/Podarochnaya upakovka","","Closure","web","routes/redirect.php","388","","","redirects","READ_REDIRECT","","SECURITY_REPLACE","SEO-003+SEO-004"
"GET","en/blog/podarochnaya-karta-velikolepnyj-prezent-na-lyuboj-sluchaj","","Closure","web","routes/redirect.php","388","","","redirects","READ_REDIRECT","","SECURITY_REPLACE","SEO-003+SEO-004"
"GET","en/blog/Podarotschnaja-upakowka","","Closure","web","routes/redirect.php","388","","","redirects","READ_REDIRECT","","SECURITY_REPLACE","SEO-003+SEO-004"
"GET","en/blog/portraitdrawing","","Closure","web","routes/redirect.php","388","","","redirects","READ_REDIRECT","","SECURITY_REPLACE","SEO-003+SEO-004"
"GET","en/blog/porträt-in-der-similitude-mehr-als-nur-eine-fotomontage","","Closure","web","routes/redirect.php","388","","","redirects","READ_REDIRECT","","SECURITY_REPLACE","SEO-003+SEO-004"
"GET","en/blog/porträt-ist-ein-teil-der-seele-auf-der-leinwand-ein-ein paar-worte-über-die-qualität-des-porträts","","Closure","web","routes/redirect.php","388","","","redirects","READ_REDIRECT","","SECURITY_REPLACE","SEO-003+SEO-004"
"GET","en/blog/portree-on-tükk-hinge-lõuendil","","Closure","web","routes/redirect.php","388","","","redirects","READ_REDIRECT","","SECURITY_REPLACE","SEO-003+SEO-004"
"GET","en/blog/portree-pildil-on-midagi-enamat-kui-lihtsalt-fotomontaaž","","Closure","web","routes/redirect.php","388","","","redirects","READ_REDIRECT","","SECURITY_REPLACE","SEO-003+SEO-004"
"GET","en/blog/portree-stiilis-lemmikloomad-aristokraadid","","Closure","web","routes/redirect.php","388","","","redirects","READ_REDIRECT","","SECURITY_REPLACE","SEO-003+SEO-004"
"GET","en/blog/portret-chastichka-dushi-na-polotne","","Closure","web","routes/redirect.php","388","","","redirects","READ_REDIRECT","","SECURITY_REPLACE","SEO-003+SEO-004"
"GET","en/blog/portreti-pēc-fotografījas","","Closure","web","routes/redirect.php","388","","","redirects","READ_REDIRECT","","SECURITY_REPLACE","SEO-003+SEO-004"
"GET","en/blog/portrets","","Closure","web","routes/redirect.php","388","","","redirects","READ_REDIRECT","","SECURITY_REPLACE","SEO-003+SEO-004"
"GET","en/blog/portrets_vesturiska_kostima","","Closure","web","routes/redirect.php","388","","","redirects","READ_REDIRECT","","SECURITY_REPLACE","SEO-003+SEO-004"
"GET","en/blog/portrets-pēc-foto – kā-dāvana","","Closure","web","routes/redirect.php","388","","","redirects","READ_REDIRECT","","SECURITY_REPLACE","SEO-003+SEO-004"
"GET","en/blog/portrets-uz-kanvas -simpsonu-stilā","","Closure","web","routes/redirect.php","388","","","redirects","READ_REDIRECT","","SECURITY_REPLACE","SEO-003+SEO-004"
"GET","en/blog/portret-to-fragment-duszy-na-płotnie-o-jakości-portretu","","Closure","web","routes/redirect.php","388","","","redirects","READ_REDIRECT","","SECURITY_REPLACE","SEO-003+SEO-004"
"GET","en/blog/portret-v-obraze-nechto-bolshee-chem-prosto-fotomontazh","","Closure","web","routes/redirect.php","388","","","redirects","READ_REDIRECT","","SECURITY_REPLACE","SEO-003+SEO-004"
"GET","en/blog/portret-w-stylu-pupila","","Closure","web","routes/redirect.php","388","","","redirects","READ_REDIRECT","","SECURITY_REPLACE","SEO-003+SEO-004"
"GET","en/blog/portrety-artystyczne","","Closure","web","routes/redirect.php","388","","","redirects","READ_REDIRECT","","SECURITY_REPLACE","SEO-003+SEO-004"
"GET","en/blog/portrety-graficzne-sztuka-nowoczesności.","","Closure","web","routes/redirect.php","388","","","redirects","READ_REDIRECT","","SECURITY_REPLACE","SEO-003+SEO-004"
"GET","en/blog/portret-z-charakterem","","Closure","web","routes/redirect.php","388","","","redirects","READ_REDIRECT","","SECURITY_REPLACE","SEO-003+SEO-004"
"GET","en/blog/quality-print-on-canvas","","Closure","web","routes/redirect.php","388","","","redirects","READ_REDIRECT","","SECURITY_REPLACE","SEO-003+SEO-004"
"GET","en/blog/ramki-do-obrazów","","Closure","web","routes/redirect.php","388","","","redirects","READ_REDIRECT","","SECURITY_REPLACE","SEO-003+SEO-004"
"GET","en/blog/Realistische-Bilder-erstellen-mit-Digitaldruck-und-Öl","","Closure","web","routes/redirect.php","388","","","redirects","READ_REDIRECT","","SECURITY_REPLACE","SEO-003+SEO-004"
"GET","en/blog/reprodukciya-legendarnyh-kartin-na-holste-v-vysokom-kachestve","","Closure","web","routes/redirect.php","388","","","redirects","READ_REDIRECT","","SECURITY_REPLACE","SEO-003+SEO-004"
"GET","en/blog/reprodukcja-legendarnych-obrazów","","Closure","web","routes/redirect.php","388","","","redirects","READ_REDIRECT","","SECURITY_REPLACE","SEO-003+SEO-004"
"GET","en/blog/Reproduktion-der-Legendenmalerei-auf-Leinwand-in-hochwertiger-Qualität","","Closure","web","routes/redirect.php","388","","","redirects","READ_REDIRECT","","SECURITY_REPLACE","SEO-003+SEO-004"
"GET","en/blog/sarzas-karikaturas","","Closure","web","routes/redirect.php","388","","","redirects","READ_REDIRECT","","SECURITY_REPLACE","SEO-003+SEO-004"
"GET","en/blog/sarzas-karykatura","","Closure","web","routes/redirect.php","388","","","redirects","READ_REDIRECT","","SECURITY_REPLACE","SEO-003+SEO-004"
"GET","en/blog/simpsonu-stiliaus-portretas","","Closure","web","routes/redirect.php","388","","","redirects","READ_REDIRECT","","SECURITY_REPLACE","SEO-003+SEO-004"
"GET","en/blog/sõbralik-koomiks-on-suurepärane-viis-sõprade-ja-tuttavate-lõbustamiseks","","Closure","web","routes/redirect.php","388","","","redirects","READ_REDIRECT","","SECURITY_REPLACE","SEO-003+SEO-004"
"GET","en/blog/sozdanie-realistichnyh-kartin-pri-pomoshchi-cifrovoj-pechati-i-masla","","Closure","web","routes/redirect.php","388","","","redirects","READ_REDIRECT","","SECURITY_REPLACE","SEO-003+SEO-004"
"GET","en/blog/tworzenie-realistycznych-obrazów-za-pomocą-wydruków-cyfrowych-i-olejów","","Closure","web","routes/redirect.php","388","","","redirects","READ_REDIRECT","","SECURITY_REPLACE","SEO-003+SEO-004"
"GET","en/blog/wspólna-karykatura-to-świetny-sposób-na-przyjemną-zabawę-z-przyjaciółmi-i-znajomymi","","Closure","web","routes/redirect.php","388","","","redirects","READ_REDIRECT","","SECURITY_REPLACE","SEO-003+SEO-004"
"GET","en/blog/zabavnyj-portret-v-stile-simpsony-stan-odnim-iz-geroev-legendarnogo-multseriala","","Closure","web","routes/redirect.php","388","","","redirects","READ_REDIRECT","","SECURITY_REPLACE","SEO-003+SEO-004"
"GET","en/blog/zabawny-portret-w-stylu","","Closure","web","routes/redirect.php","388","","","redirects","READ_REDIRECT","","SECURITY_REPLACE","SEO-003+SEO-004"
"GET","en/blog/zdjęcia-na-płótnie","","Closure","web","routes/redirect.php","388","","","redirects","READ_REDIRECT","","SECURITY_REPLACE","SEO-003+SEO-004"
"GET","en/canvas","","Closure","web","routes/redirect.php","388","","","redirects","READ_REDIRECT","","SECURITY_REPLACE","SEO-003+SEO-004"
"GET","en/gallery/oil-pictures","","Closure","web","routes/redirect.php","388","","","redirects","READ_REDIRECT","","SECURITY_REPLACE","SEO-003+SEO-004"
"GET","en/graphic-portrait/classic-portrait","","Closure","web","routes/redirect.php","388","","","redirects","READ_REDIRECT","","SECURITY_REPLACE","SEO-003+SEO-004"
"GET","en/graphic-portrait/classic-portrait/buy","","Closure","web","routes/redirect.php","388","","","redirects","READ_REDIRECT","","SECURITY_REPLACE","SEO-003+SEO-004"
"GET","en/graphic-portrait/color-and-black-and-white-photos","","Closure","web","routes/redirect.php","388","","","redirects","READ_REDIRECT","","SECURITY_REPLACE","SEO-003+SEO-004"
"GET","en/graphic-portrait/customs-royal-portraits","","Closure","web","routes/redirect.php","388","","","redirects","READ_REDIRECT","","SECURITY_REPLACE","SEO-003+SEO-004"
"GET","en/graphic-portrait/Doppelbelichtung-Portrait","","Closure","web","routes/redirect.php","388","","","redirects","READ_REDIRECT","","SECURITY_REPLACE","SEO-003+SEO-004"
"GET","en/graphic-portrait/double-exposition-portrait","","Closure","web","routes/redirect.php","388","","","redirects","READ_REDIRECT","","SECURITY_REPLACE","SEO-003+SEO-004"
"GET","en/graphic-portrait/dream-art-portrait","","Closure","web","routes/redirect.php","388","","","redirects","READ_REDIRECT","","SECURITY_REPLACE","SEO-003+SEO-004"
"GET","en/graphic-portrait/Farb- und Schwarz-Weiß-Fotos","","Closure","web","routes/redirect.php","388","","","redirects","READ_REDIRECT","","SECURITY_REPLACE","SEO-003+SEO-004"
"GET","en/graphic-portrait/foto-korekcja","","Closure","web","routes/redirect.php","388","","","redirects","READ_REDIRECT","","SECURITY_REPLACE","SEO-003+SEO-004"
"GET","en/graphic-portrait/Fotokorrektur","","Closure","web","routes/redirect.php","388","","","redirects","READ_REDIRECT","","SECURITY_REPLACE","SEO-003+SEO-004"
"GET","en/graphic-portrait/Fotowiederherstellung","","Closure","web","routes/redirect.php","388","","","redirects","READ_REDIRECT","","SECURITY_REPLACE","SEO-003+SEO-004"
"GET","en/graphic-portrait/Grafik-Porträt","","Closure","web","routes/redirect.php","388","","","redirects","READ_REDIRECT","","SECURITY_REPLACE","SEO-003+SEO-004"
"GET","en/graphic-portrait/graphic-portrait","","Closure","web","routes/redirect.php","388","","","redirects","READ_REDIRECT","","SECURITY_REPLACE","SEO-003+SEO-004"
"GET","en/graphic-portrait/graphic-portrait/buy","","Closure","web","routes/redirect.php","388","","","redirects","READ_REDIRECT","","SECURITY_REPLACE","SEO-003+SEO-004"
"GET","en/graphic-portrait/karikatur-porträt","","Closure","web","routes/redirect.php","388","","","redirects","READ_REDIRECT","","SECURITY_REPLACE","SEO-003+SEO-004"
"GET","en/graphic-portrait/kolorowe-czarno-białe-zdjęcie","","Closure","web","routes/redirect.php","388","","","redirects","READ_REDIRECT","","SECURITY_REPLACE","SEO-003+SEO-004"
"GET","en/graphic-portrait/Liebe ist Porträt","","Closure","web","routes/redirect.php","388","","","redirects","READ_REDIRECT","","SECURITY_REPLACE","SEO-003+SEO-004"
"GET","en/graphic-portrait/love-isportrait","","Closure","web","routes/redirect.php","388","","","redirects","READ_REDIRECT","","SECURITY_REPLACE","SEO-003+SEO-004"
"GET","en/graphic-portrait/love-is-portrait","","Closure","web","routes/redirect.php","388","","","redirects","READ_REDIRECT","","SECURITY_REPLACE","SEO-003+SEO-004"
"GET","en/graphic-portrait/Low Poly Portrait","","Closure","web","routes/redirect.php","388","","","redirects","READ_REDIRECT","","SECURITY_REPLACE","SEO-003+SEO-004"
"GET","en/graphic-portrait/low-poly-portrait","","Closure","web","routes/redirect.php","388","","","redirects","READ_REDIRECT","","SECURITY_REPLACE","SEO-003+SEO-004"
"GET","en/graphic-portrait/low-poly-portret","","Closure","web","routes/redirect.php","388","","","redirects","READ_REDIRECT","","SECURITY_REPLACE","SEO-003+SEO-004"
"GET","en/graphic-portrait/modulnaya-kartina-pavliny","","Closure","web","routes/redirect.php","388","","","redirects","READ_REDIRECT","","SECURITY_REPLACE","SEO-003+SEO-004"
"GET","en/graphic-portrait/murciano-portrait","","Closure","web","routes/redirect.php","388","","","redirects","READ_REDIRECT","","SECURITY_REPLACE","SEO-003+SEO-004"
"GET","en/graphic-portrait/murkisches Porträt","","Closure","web","routes/redirect.php","388","","","redirects","READ_REDIRECT","","SECURITY_REPLACE","SEO-003+SEO-004"
"GET","en/graphic-portrait/odnawianie-zdjęć","","Closure","web","routes/redirect.php","388","","","redirects","READ_REDIRECT","","SECURITY_REPLACE","SEO-003+SEO-004"
"GET","en/graphic-portrait/photo-correction","","Closure","web","routes/redirect.php","388","","","redirects","READ_REDIRECT","","SECURITY_REPLACE","SEO-003+SEO-004"
"GET","en/graphic-portrait/photo-recovery","","Closure","web","routes/redirect.php","388","","","redirects","READ_REDIRECT","","SECURITY_REPLACE","SEO-003+SEO-004"
"GET","en/graphic-portrait/pop-art-portrait","","Closure","web","routes/redirect.php","388","","","redirects","READ_REDIRECT","","SECURITY_REPLACE","SEO-003+SEO-004"
"GET","en/graphic-portrait/pop-art-portrait/buy","","Closure","web","routes/redirect.php","388","","","redirects","READ_REDIRECT","","SECURITY_REPLACE","SEO-003+SEO-004"
"GET","en/graphic-portrait/portrait-beauty-art","","Closure","web","routes/redirect.php","388","","","redirects","READ_REDIRECT","","SECURITY_REPLACE","SEO-003+SEO-004"
"GET","en/graphic-portrait/portrait-beauty-art/buy","","Closure","web","routes/redirect.php","388","","","redirects","READ_REDIRECT","","SECURITY_REPLACE","SEO-003+SEO-004"
"GET","en/graphic-portrait/portrait-caricature","","Closure","web","routes/redirect.php","388","","","redirects","READ_REDIRECT","","SECURITY_REPLACE","SEO-003+SEO-004"
"GET","en/graphic-portrait/portrait-caricature/buy","","Closure","web","routes/redirect.php","388","","","redirects","READ_REDIRECT","","SECURITY_REPLACE","SEO-003+SEO-004"
"GET","en/graphic-portrait/portrait-colorization","","Closure","web","routes/redirect.php","388","","","redirects","READ_REDIRECT","","SECURITY_REPLACE","SEO-003+SEO-004"
"GET","en/graphic-portrait/portrait-compliment","","Closure","web","routes/redirect.php","388","","","redirects","READ_REDIRECT","","SECURITY_REPLACE","SEO-003+SEO-004"
"GET","en/graphic-portrait/portrait-double-exposure","","Closure","web","routes/redirect.php","388","","","redirects","READ_REDIRECT","","SECURITY_REPLACE","SEO-003+SEO-004"
"GET","en/graphic-portrait/portrait-dream-art","","Closure","web","routes/redirect.php","388","","","redirects","READ_REDIRECT","","SECURITY_REPLACE","SEO-003+SEO-004"
"GET","en/graphic-portrait/portrait-dream-art/buy","","Closure","web","routes/redirect.php","388","","","redirects","READ_REDIRECT","","SECURITY_REPLACE","SEO-003+SEO-004"
"GET","en/graphic-portrait/portrait-in-image","","Closure","web","routes/redirect.php","388","","","redirects","READ_REDIRECT","","SECURITY_REPLACE","SEO-003+SEO-004"
"GET","en/graphic-portrait/portrait-in-the-image","","Closure","web","routes/redirect.php","388","","","redirects","READ_REDIRECT","","SECURITY_REPLACE","SEO-003+SEO-004"
"GET","en/graphic-portrait/portrait-made-from-words","","Closure","web","routes/redirect.php","388","","","redirects","READ_REDIRECT","","SECURITY_REPLACE","SEO-003+SEO-004"
"GET","en/graphic-portrait/portrait-of-love-is","","Closure","web","routes/redirect.php","388","","","redirects","READ_REDIRECT","","SECURITY_REPLACE","SEO-003+SEO-004"
"GET","en/graphic-portrait/portrait-of-murciano","","Closure","web","routes/redirect.php","388","","","redirects","READ_REDIRECT","","SECURITY_REPLACE","SEO-003+SEO-004"
"GET","en/graphic-portrait/portrait-pop-art","","Closure","web","routes/redirect.php","388","","","redirects","READ_REDIRECT","","SECURITY_REPLACE","SEO-003+SEO-004"
"GET","en/graphic-portrait/portrait-retouch","","Closure","web","routes/redirect.php","388","","","redirects","READ_REDIRECT","","SECURITY_REPLACE","SEO-003+SEO-004"
"GET","en/graphic-portrait/portrait-spancaricaturespan","","Closure","web","routes/redirect.php","388","","","redirects","READ_REDIRECT","","SECURITY_REPLACE","SEO-003+SEO-004"
"GET","en/graphic-portrait/portrait-spanclassicspan","","Closure","web","routes/redirect.php","388","","","redirects","READ_REDIRECT","","SECURITY_REPLACE","SEO-003+SEO-004"
"GET","en/graphic-portrait/Porträt-aus-Wörtern","","Closure","web","routes/redirect.php","388","","","redirects","READ_REDIRECT","","SECURITY_REPLACE","SEO-003+SEO-004"
"GET","en/graphic-portrait/portret-beauty-art","","Closure","web","routes/redirect.php","388","","","redirects","READ_REDIRECT","","SECURITY_REPLACE","SEO-003+SEO-004"
"GET","en/graphic-portrait/portret-karykatura","","Closure","web","routes/redirect.php","388","","","redirects","READ_REDIRECT","","SECURITY_REPLACE","SEO-003+SEO-004"
"GET","en/graphic-portrait/portret-murchiano","","Closure","web","routes/redirect.php","388","","","redirects","READ_REDIRECT","","SECURITY_REPLACE","SEO-003+SEO-004"
"GET","en/graphic-portrait/portret-pop-art","","Closure","web","routes/redirect.php","388","","","redirects","READ_REDIRECT","","SECURITY_REPLACE","SEO-003+SEO-004"
"GET","en/graphic-portrait/portret-stylizowany","","Closure","web","routes/redirect.php","388","","","redirects","READ_REDIRECT","","SECURITY_REPLACE","SEO-003+SEO-004"
"GET","en/graphic-portrait/Portret-w-stylu-Love-is","","Closure","web","routes/redirect.php","388","","","redirects","READ_REDIRECT","","SECURITY_REPLACE","SEO-003+SEO-004"
"GET","en/graphic-portrait/portret-ze-słów","","Closure","web","routes/redirect.php","388","","","redirects","READ_REDIRECT","","SECURITY_REPLACE","SEO-003+SEO-004"
"GET","en/graphic-portrait/portret-z-podwójną-ekspozycją","","Closure","web","routes/redirect.php","388","","","redirects","READ_REDIRECT","","SECURITY_REPLACE","SEO-003+SEO-004"
"GET","en/graphic-portrait/simpsons-portrait","","Closure","web","routes/redirect.php","388","","","redirects","READ_REDIRECT","","SECURITY_REPLACE","SEO-003+SEO-004"
"GET","en/graphic-portrait/spanartspan-portraits","","Closure","web","routes/redirect.php","388","","","redirects","READ_REDIRECT","","SECURITY_REPLACE","SEO-003+SEO-004"
"GET","en/graphic-portrait/spanpaintingsspan","","Closure","web","routes/redirect.php","388","","","redirects","READ_REDIRECT","","SECURITY_REPLACE","SEO-003+SEO-004"
"GET","en/graphic-portrait/spanpetspanportrait","","Closure","web","routes/redirect.php","388","","","redirects","READ_REDIRECT","","SECURITY_REPLACE","SEO-003+SEO-004"
"GET","en/graphic-portrait/vintage-portrait","","Closure","web","routes/redirect.php","388","","","redirects","READ_REDIRECT","","SECURITY_REPLACE","SEO-003+SEO-004"
"GET","en/modular-pictures","","Closure","web","routes/redirect.php","388","","","redirects","READ_REDIRECT","","SECURITY_REPLACE","SEO-003+SEO-004"
"GET","en/new/caricature/athlete_caricatures","","Closure","web","routes/redirect.php","388","","","redirects","READ_REDIRECT","","SECURITY_REPLACE","SEO-003+SEO-004"
"GET","en/new/caricature/black_and_white_caricatures","","Closure","web","routes/redirect.php","388","","","redirects","READ_REDIRECT","","SECURITY_REPLACE","SEO-003+SEO-004"
"GET","en/new/caricature/caricature_for_birthday","","Closure","web","routes/redirect.php","388","","","redirects","READ_REDIRECT","","SECURITY_REPLACE","SEO-003+SEO-004"
"GET","en/new/caricature/family_caricature","","Closure","web","routes/redirect.php","388","","","redirects","READ_REDIRECT","","SECURITY_REPLACE","SEO-003+SEO-004"
"GET","en/new/caricature/group_caricatures","","Closure","web","routes/redirect.php","388","","","redirects","READ_REDIRECT","","SECURITY_REPLACE","SEO-003+SEO-004"
"GET","en/new/caricature/portrait-in-image","","Closure","web","routes/redirect.php","388","","","redirects","READ_REDIRECT","","SECURITY_REPLACE","SEO-003+SEO-004"
"GET","en/new/caricature/portrait-in-the-image","","Closure","web","routes/redirect.php","388","","","redirects","READ_REDIRECT","","SECURITY_REPLACE","SEO-003+SEO-004"
"GET","en/new/caricature/portret-stylizowany","","Closure","web","routes/redirect.php","388","","","redirects","READ_REDIRECT","","SECURITY_REPLACE","SEO-003+SEO-004"
"GET","en/new/caricature/spancaricaturespan-for-birthday","","Closure","web","routes/redirect.php","388","","","redirects","READ_REDIRECT","","SECURITY_REPLACE","SEO-003+SEO-004"
"GET","en/new/caricature/wedding_caricature","","Closure","web","routes/redirect.php","388","","","redirects","READ_REDIRECT","","SECURITY_REPLACE","SEO-003+SEO-004"
"GET","en/new/caricature/сaricature_for_сolleagues","","Closure","web","routes/redirect.php","388","","","redirects","READ_REDIRECT","","SECURITY_REPLACE","SEO-003+SEO-004"
"GET","en/new/graphic-portrait/-988","","Closure","web","routes/redirect.php","388","","","redirects","READ_REDIRECT","","SECURITY_REPLACE","SEO-003+SEO-004"
"GET","en/new/graphic-portrait/classic-portrait","","Closure","web","routes/redirect.php","388","","","redirects","READ_REDIRECT","","SECURITY_REPLACE","SEO-003+SEO-004"
"GET","en/new/graphic-portrait/customs-royal-portraits","","Closure","web","routes/redirect.php","388","","","redirects","READ_REDIRECT","","SECURITY_REPLACE","SEO-003+SEO-004"
"GET","en/new/graphic-portrait/Grafik-Porträt","","Closure","web","routes/redirect.php","388","","","redirects","READ_REDIRECT","","SECURITY_REPLACE","SEO-003+SEO-004"
"GET","en/new/graphic-portrait/karikatur-porträt","","Closure","web","routes/redirect.php","388","","","redirects","READ_REDIRECT","","SECURITY_REPLACE","SEO-003+SEO-004"
"GET","en/new/graphic-portrait/klasisks-portrets","","Closure","web","routes/redirect.php","388","","","redirects","READ_REDIRECT","","SECURITY_REPLACE","SEO-003+SEO-004"
"GET","en/new/graphic-portrait/portrait-beauty-art/buy","","Closure","web","routes/redirect.php","388","","","redirects","READ_REDIRECT","","SECURITY_REPLACE","SEO-003+SEO-004"
"GET","en/new/graphic-portrait/portrait-caricature","","Closure","web","routes/redirect.php","388","","","redirects","READ_REDIRECT","","SECURITY_REPLACE","SEO-003+SEO-004"
"GET","en/new/graphic-portrait/portrait-Dream-Art","","Closure","web","routes/redirect.php","388","","","redirects","READ_REDIRECT","","SECURITY_REPLACE","SEO-003+SEO-004"
"GET","en/new/graphic-portrait/portrait-dream-art/buy","","Closure","web","routes/redirect.php","388","","","redirects","READ_REDIRECT","","SECURITY_REPLACE","SEO-003+SEO-004"
"GET","en/new/graphic-portrait/portrait-pop-art","","Closure","web","routes/redirect.php","388","","","redirects","READ_REDIRECT","","SECURITY_REPLACE","SEO-003+SEO-004"
"GET","en/new/graphic-portrait/portrait-spancaricaturespan","","Closure","web","routes/redirect.php","388","","","redirects","READ_REDIRECT","","SECURITY_REPLACE","SEO-003+SEO-004"
"GET","en/new/graphic-portrait/portrait-spanclassicspan","","Closure","web","routes/redirect.php","388","","","redirects","READ_REDIRECT","","SECURITY_REPLACE","SEO-003+SEO-004"
"GET","en/new/graphic-portrait/portret-beauty-art","","Closure","web","routes/redirect.php","388","","","redirects","READ_REDIRECT","","SECURITY_REPLACE","SEO-003+SEO-004"
"GET","en/new/graphic-portrait/portret-dream-art","","Closure","web","routes/redirect.php","388","","","redirects","READ_REDIRECT","","SECURITY_REPLACE","SEO-003+SEO-004"
"GET","en/new/graphic-portrait/portret-graficzny","","Closure","web","routes/redirect.php","388","","","redirects","READ_REDIRECT","","SECURITY_REPLACE","SEO-003+SEO-004"
"GET","en/new/graphic-portrait/portret-karykatura","","Closure","web","routes/redirect.php","388","","","redirects","READ_REDIRECT","","SECURITY_REPLACE","SEO-003+SEO-004"
"GET","en/new/graphic-portrait/simposons-custums","","Closure","web","routes/redirect.php","388","","","redirects","READ_REDIRECT","","SECURITY_REPLACE","SEO-003+SEO-004"
"GET","en/new/graphic-portrait/simpsons-portrait","","Closure","web","routes/redirect.php","388","","","redirects","READ_REDIRECT","","SECURITY_REPLACE","SEO-003+SEO-004"
"GET","en/new/graphic-portrait/spanartspan-portraits","","Closure","web","routes/redirect.php","388","","","redirects","READ_REDIRECT","","SECURITY_REPLACE","SEO-003+SEO-004"
"GET","en/new/graphic-portrait/spanbeauty-art-span-portree","","Closure","web","routes/redirect.php","388","","","redirects","READ_REDIRECT","","SECURITY_REPLACE","SEO-003+SEO-004"
"GET","en/new/graphic-portrait/spanpaintingsspan","","Closure","web","routes/redirect.php","388","","","redirects","READ_REDIRECT","","SECURITY_REPLACE","SEO-003+SEO-004"
"GET","en/new/graphic-portrait/spanpetspanportrait","","Closure","web","routes/redirect.php","388","","","redirects","READ_REDIRECT","","SECURITY_REPLACE","SEO-003+SEO-004"
"GET","en/new/graphic-portrait/süßes Kunstportrait","","Closure","web","routes/redirect.php","388","","","redirects","READ_REDIRECT","","SECURITY_REPLACE","SEO-003+SEO-004"
"GET","en/new/graphic-portrait/traum-kunst-porträt","","Closure","web","routes/redirect.php","388","","","redirects","READ_REDIRECT","","SECURITY_REPLACE","SEO-003+SEO-004"
"GET","en/oil-portrait","","Closure","web","routes/redirect.php","388","","","redirects","READ_REDIRECT","","SECURITY_REPLACE","SEO-003+SEO-004"
"GET","en/page/faq","","Closure","web","routes/redirect.php","388","","","redirects","READ_REDIRECT","","SECURITY_REPLACE","SEO-003+SEO-004"
"GET","en/photo","","Closure","web","routes/redirect.php","388","","","redirects","READ_REDIRECT","","SECURITY_REPLACE","SEO-003+SEO-004"
"GET","family-constructor","family_constructor","App\Http\Controllers\StaticPagesController@render_family","web|resetPlLocale|localize|localeSessionRedirect|localizationRedirect|lastModified","app/Http/Controllers/StaticPagesController.php","672","family_construtor","","product generators","READ_DB_SESSION","","MISSING_TARGET","CAT-002"
"GET","faq","faq","App\Http\Controllers\Pages\FaqController@index","web|resetPlLocale|localize|localeSessionRedirect|localizationRedirect|lastModified","app/Http/Controllers/Pages/FaqController.php","21","","","public content pages","READ_DB","","MISSING_TARGET","APP-005B-PAGES-01"
"GET","gallery","gallery.index","App\Http\Controllers\GalleryController@render","web|resetPlLocale|localize|localeSessionRedirect|localizationRedirect|lastModified","app/Http/Controllers/GalleryController.php","1708","gallery","REDIRECT","catalogue and gallery","READ_DB","","MISSING_TARGET","CAT-001"
"GET","gallery/{type}","gallery_module","App\Http\Controllers\GalleryController@type_render","web|resetPlLocale|localize|localeSessionRedirect|localizationRedirect|lastModified","app/Http/Controllers/GalleryController.php","1717","gallery_block_category","DB|REDIRECT","catalogue and gallery","READ_DB","","MISSING_TARGET","CAT-001"
"GET","gallery/{type}/{category}","gallery.category","App\Http\Controllers\GalleryController@category_render","web|resetPlLocale|localize|localeSessionRedirect|localizationRedirect|lastModified","app/Http/Controllers/GalleryController.php","1807","gallery_category","DB|REDIRECT","catalogue and gallery","READ_DB","","MISSING_TARGET","CAT-001"
"GET","gallery/{type}/{category}/item/{item}","gallery_item_single","App\Http\Controllers\GalleryController@item_render","web|resetPlLocale|localize|localeSessionRedirect|localizationRedirect|lastModified","app/Http/Controllers/GalleryController.php","1883","gallery_item","DB|REDIRECT","catalogue and gallery","READ_DB","","MISSING_TARGET","CAT-001"
"GET","gallery/{type}/item/{item}","hb.gallery.item.single","App\Http\Controllers\GalleryController@hb_item_render","web|resetPlLocale|localize|localeSessionRedirect|localizationRedirect|lastModified","app/Http/Controllers/GalleryController.php","1269","","DB|REDIRECT","catalogue and gallery","READ_DB","","MISSING_TARGET","CAT-001"
"GET","gallery/age","hb.gallery.list_age","App\Http\Controllers\GalleryController@list_age","web|resetPlLocale|localize|localeSessionRedirect|localizationRedirect|lastModified","app/Http/Controllers/GalleryController.php","830","","","catalogue and gallery","READ_DB","","MISSING_TARGET","CAT-001"
"GET","gallery/age/{alias}","hb.gallery.age","App\Http\Controllers\GalleryController@age","web|resetPlLocale|localize|localeSessionRedirect|localizationRedirect|lastModified","app/Http/Controllers/GalleryController.php","818","","","catalogue and gallery","READ_DB","","MISSING_TARGET","CAT-001"
"GET","gallery/genre","hb.gallery.list_genre","App\Http\Controllers\GalleryController@list_genre","web|resetPlLocale|localize|localeSessionRedirect|localizationRedirect|lastModified","app/Http/Controllers/GalleryController.php","884","","","catalogue and gallery","READ_DB","","MISSING_TARGET","CAT-001"
"GET","gallery/genre/{alias}","hb.gallery.genre","App\Http\Controllers\GalleryController@genre","web|resetPlLocale|localize|localeSessionRedirect|localizationRedirect|lastModified","app/Http/Controllers/GalleryController.php","872","","","catalogue and gallery","READ_DB","","MISSING_TARGET","CAT-001"
"GET","gallery/modern_handmade_paintings","hb.gallery.modern_handmade_paintings","App\Http\Controllers\GalleryController@modern_handmade_paintings","web|resetPlLocale|localize|localeSessionRedirect|localizationRedirect|lastModified","app/Http/Controllers/GalleryController.php","646","","","catalogue and gallery","READ_DB","","MISSING_TARGET","CAT-001"
"GET","gallery/modern_painters","hb.gallery.modern_painters","App\Http\Controllers\GalleryController@modern_painters","web|resetPlLocale|localize|localeSessionRedirect|localizationRedirect|lastModified","app/Http/Controllers/GalleryController.php","664","","","catalogue and gallery","READ_DB","","MISSING_TARGET","CAT-001"
"GET","gallery/nationality","hb.gallery.list_nationality","App\Http\Controllers\GalleryController@list_nationality","web|resetPlLocale|localize|localeSessionRedirect|localizationRedirect|lastModified","app/Http/Controllers/GalleryController.php","848","","","catalogue and gallery","READ_DB","","MISSING_TARGET","CAT-001"
"GET","gallery/nationality/{alias}","hb.gallery.nationality","App\Http\Controllers\GalleryController@nationality","web|resetPlLocale|localize|localeSessionRedirect|localizationRedirect|lastModified","app/Http/Controllers/GalleryController.php","836","","","catalogue and gallery","READ_DB","","MISSING_TARGET","CAT-001"
"GET","gallery/oil-pictures","","Closure","web","routes/redirect.php","380","","","redirects","READ_REDIRECT","","SECURITY_REPLACE","SEO-003+SEO-004"
"GET","gallery/painters","hb.gallery.painters","App\Http\Controllers\GalleryController@painters","web|resetPlLocale|localize|localeSessionRedirect|localizationRedirect|lastModified","app/Http/Controllers/GalleryController.php","701","","","catalogue and gallery","READ_DB","","MISSING_TARGET","CAT-001"
"GET","gallery/painters/{letter}","hb.gallery.painters_letter","App\Http\Controllers\GalleryController@painters","web|resetPlLocale|localize|localeSessionRedirect|localizationRedirect|lastModified","app/Http/Controllers/GalleryController.php","701","","","catalogue and gallery","READ_DB","","MISSING_TARGET","CAT-001"
"GET","gallery/paintings-top","hb.gallery.paintings_top","App\Http\Controllers\GalleryController@paintings_top","web|resetPlLocale|localize|localeSessionRedirect|localizationRedirect|lastModified","app/Http/Controllers/GalleryController.php","783","","","catalogue and gallery","READ_DB","","MISSING_TARGET","CAT-001"
"GET","gallery/style","hb.gallery.list_styles","App\Http\Controllers\GalleryController@list_styles","web|resetPlLocale|localize|localeSessionRedirect|localizationRedirect|lastModified","app/Http/Controllers/GalleryController.php","866","","","catalogue and gallery","READ_DB","","MISSING_TARGET","CAT-001"
"GET","gallery/style/{alias}","hb.gallery.style","App\Http\Controllers\GalleryController@style","web|resetPlLocale|localize|localeSessionRedirect|localizationRedirect|lastModified","app/Http/Controllers/GalleryController.php","854","","","catalogue and gallery","READ_DB","","MISSING_TARGET","CAT-001"
"GET","generate_checkout/{order_id}","generate_checkout","App\Http\Controllers\OrdersController@generate_checkout","web|resetPlLocale|localize|localeSessionRedirect|localizationRedirect|lastModified","app/Http/Controllers/OrdersController.php","2803","","","basket checkout and order","SESSION_DB_FILE_MAIL_WRITE","","MISSING_TARGET","APP-005B-CHECKOUT-01"
"GET","get/ram_search","hb.gallery.ram_search","App\Http\Controllers\GalleryController@ram_search","web|resetPlLocale|localize|localeSessionRedirect|localizationRedirect|lastModified","app/Http/Controllers/GalleryController.php","1172","","","catalogue and gallery","READ_DB","","MISSING_TARGET","CAT-001"
"POST","get/ram_search","hb.gallery.ram_search","App\Http\Controllers\GalleryController@ram_search","web|resetPlLocale|localize|localeSessionRedirect|localizationRedirect|lastModified","app/Http/Controllers/GalleryController.php","1172","","","catalogue and gallery","READ_DB","","MISSING_TARGET","CAT-001"
"POST","get_cart","get_cart","App\Http\Controllers\BasketController@get_cart","web|resetPlLocale|localize|localeSessionRedirect|localizationRedirect|lastModified|preventBackHistory","app/Http/Controllers/BasketController.php","644","","DB|SESSION","basket checkout and order","SESSION_DB_FILE_MAIL_WRITE","","MISSING_TARGET","APP-005B-CHECKOUT-01"
"POST","get_towns","get_towns","App\Http\Controllers\Admin\Api\VinepakApiController@get_towns","web|resetPlLocale|localize|localeSessionRedirect|localizationRedirect|lastModified","app/Http/Controllers/Admin/Api/VinepakApiController.php","50","","SESSION|EXTERNAL","delivery lookup","EXTERNAL_DELIVERY_READ","","MISSING_TARGET","INT-006"
"POST","get_towns_for_admin","get_towns_for_admin","App\Http\Controllers\Admin\Api\VinepakApiController@get_towns_for_admin","web|resetPlLocale|localize|localeSessionRedirect|localizationRedirect|lastModified","app/Http/Controllers/Admin/Api/VinepakApiController.php","143","","EXTERNAL","delivery lookup","EXTERNAL_DELIVERY_READ","","MISSING_TARGET","INT-006"
"GET","get_warehouse","get_warehouse","App\Http\Controllers\Admin\Api\VinepakApiController@get_warehouse","web|resetPlLocale|localize|localeSessionRedirect|localizationRedirect|lastModified","app/Http/Controllers/Admin/Api/VinepakApiController.php","199","","EXTERNAL","delivery lookup","EXTERNAL_DELIVERY_READ","","MISSING_TARGET","INT-006"
"GET","gift-card","gift_card","App\Http\Controllers\PageController@render_gift","web|resetPlLocale|localize|localeSessionRedirect|localizationRedirect|lastModified","app/Http/Controllers/PageController.php","102","gift_card","REDIRECT","public content pages","READ_DB","","MISSING_TARGET","APP-005B-PAGES-01"
"GET|POST|PUT|PATCH|DELETE|OPTIONS","giftcard/pdf/{price}/{locale}","generateGiftCardPDF","App\Http\Controllers\GiftcardController@generateGiftCardPDF","web|resetPlLocale|localize|localeSessionRedirect|localizationRedirect|lastModified","app/Http/Controllers/GiftcardController.php","28","","MODEL_WRITE|FILE","gift card and PDF","READ_OR_WRITE_FILE","","MISSING_TARGET","APP-003+APP-005B-CHECKOUT-01"
"GET","giftcard/preview","previewGiftCard","App\Http\Controllers\GiftcardController@previewGiftCard","web|resetPlLocale|localize|localeSessionRedirect|localizationRedirect|lastModified","app/Http/Controllers/GiftcardController.php","13","","","gift card and PDF","READ_OR_WRITE_FILE","","MISSING_TARGET","APP-003+APP-005B-CHECKOUT-01"
"GET","google-ads.xml","google.ads","App\Http\Controllers\AdvertisingController@google","web|resetPlLocale|localize|localeSessionRedirect|localizationRedirect|lastModified","app/Http/Controllers/AdvertisingController.php","67","","DB","public content pages","READ_DB","","MISSING_TARGET","APP-005B-PAGES-01"
"GET","graphic-portrait","graphic_portrait.index","App\Http\Controllers\StaticPagesController@render_graphic_portrait","web|resetPlLocale|localize|localeSessionRedirect|localizationRedirect|lastModified","app/Http/Controllers/StaticPagesController.php","176","graphic-portrait","REDIRECT","product generators","READ_DB_SESSION","","MISSING_TARGET","CAT-002"
"GET","graphic-portrait/{slug}","graphic_portrait.page","App\Http\Controllers\StaticPagesController@render_graphic_portrait_page","web|resetPlLocale|localize|localeSessionRedirect|localizationRedirect|lastModified","app/Http/Controllers/StaticPagesController.php","186","graphic-portrait-child","DB","product generators","READ_DB_SESSION","","MISSING_TARGET","CAT-002"
"GET","graphic-portrait/{slug}/buy","graphic_portrait.buy","App\Http\Controllers\StaticPagesController@buy_portrait_page","web|resetPlLocale|localize|localeSessionRedirect|localizationRedirect|lastModified","app/Http/Controllers/StaticPagesController.php","108","graphical-portrait-buy","DB|REDIRECT","product generators","READ_DB_SESSION","","MISSING_TARGET","CAT-002"
"GET","graphic-portrait/classic-portrait","","Closure","web","routes/redirect.php","380","","","redirects","READ_REDIRECT","","SECURITY_REPLACE","SEO-003+SEO-004"
"GET","graphic-portrait/classic-portrait/buy","","Closure","web","routes/redirect.php","380","","","redirects","READ_REDIRECT","","SECURITY_REPLACE","SEO-003+SEO-004"
"GET","graphic-portrait/color-and-black-and-white-photos","","Closure","web","routes/redirect.php","380","","","redirects","READ_REDIRECT","","SECURITY_REPLACE","SEO-003+SEO-004"
"GET","graphic-portrait/customs-royal-portraits","","Closure","web","routes/redirect.php","380","","","redirects","READ_REDIRECT","","SECURITY_REPLACE","SEO-003+SEO-004"
"GET","graphic-portrait/Doppelbelichtung-Portrait","","Closure","web","routes/redirect.php","380","","","redirects","READ_REDIRECT","","SECURITY_REPLACE","SEO-003+SEO-004"
"GET","graphic-portrait/double-exposition-portrait","","Closure","web","routes/redirect.php","380","","","redirects","READ_REDIRECT","","SECURITY_REPLACE","SEO-003+SEO-004"
"GET","graphic-portrait/dream-art-portrait","","Closure","web","routes/redirect.php","380","","","redirects","READ_REDIRECT","","SECURITY_REPLACE","SEO-003+SEO-004"
"GET","graphic-portrait/Farb- und Schwarz-Weiß-Fotos","","Closure","web","routes/redirect.php","380","","","redirects","READ_REDIRECT","","SECURITY_REPLACE","SEO-003+SEO-004"
"GET","graphic-portrait/foto-korekcja","","Closure","web","routes/redirect.php","380","","","redirects","READ_REDIRECT","","SECURITY_REPLACE","SEO-003+SEO-004"
"GET","graphic-portrait/Fotokorrektur","","Closure","web","routes/redirect.php","380","","","redirects","READ_REDIRECT","","SECURITY_REPLACE","SEO-003+SEO-004"
"GET","graphic-portrait/Fotowiederherstellung","","Closure","web","routes/redirect.php","380","","","redirects","READ_REDIRECT","","SECURITY_REPLACE","SEO-003+SEO-004"
"GET","graphic-portrait/Grafik-Porträt","","Closure","web","routes/redirect.php","380","","","redirects","READ_REDIRECT","","SECURITY_REPLACE","SEO-003+SEO-004"
"GET","graphic-portrait/graphic-portrait","","Closure","web","routes/redirect.php","380","","","redirects","READ_REDIRECT","","SECURITY_REPLACE","SEO-003+SEO-004"
"GET","graphic-portrait/graphic-portrait/buy","","Closure","web","routes/redirect.php","380","","","redirects","READ_REDIRECT","","SECURITY_REPLACE","SEO-003+SEO-004"
"GET","graphic-portrait/karikatur-porträt","","Closure","web","routes/redirect.php","380","","","redirects","READ_REDIRECT","","SECURITY_REPLACE","SEO-003+SEO-004"
"GET","graphic-portrait/kolorowe-czarno-białe-zdjęcie","","Closure","web","routes/redirect.php","380","","","redirects","READ_REDIRECT","","SECURITY_REPLACE","SEO-003+SEO-004"
"GET","graphic-portrait/Liebe ist Porträt","","Closure","web","routes/redirect.php","380","","","redirects","READ_REDIRECT","","SECURITY_REPLACE","SEO-003+SEO-004"
"GET","graphic-portrait/love-isportrait","","Closure","web","routes/redirect.php","380","","","redirects","READ_REDIRECT","","SECURITY_REPLACE","SEO-003+SEO-004"
"GET","graphic-portrait/love-is-portrait","","Closure","web","routes/redirect.php","380","","","redirects","READ_REDIRECT","","SECURITY_REPLACE","SEO-003+SEO-004"
"GET","graphic-portrait/Low Poly Portrait","","Closure","web","routes/redirect.php","380","","","redirects","READ_REDIRECT","","SECURITY_REPLACE","SEO-003+SEO-004"
"GET","graphic-portrait/low-poly-portrait","","Closure","web","routes/redirect.php","380","","","redirects","READ_REDIRECT","","SECURITY_REPLACE","SEO-003+SEO-004"
"GET","graphic-portrait/low-poly-portret","","Closure","web","routes/redirect.php","380","","","redirects","READ_REDIRECT","","SECURITY_REPLACE","SEO-003+SEO-004"
"GET","graphic-portrait/modulnaya-kartina-pavliny","","Closure","web","routes/redirect.php","380","","","redirects","READ_REDIRECT","","SECURITY_REPLACE","SEO-003+SEO-004"
"GET","graphic-portrait/murciano-portrait","","Closure","web","routes/redirect.php","380","","","redirects","READ_REDIRECT","","SECURITY_REPLACE","SEO-003+SEO-004"
"GET","graphic-portrait/murkisches Porträt","","Closure","web","routes/redirect.php","380","","","redirects","READ_REDIRECT","","SECURITY_REPLACE","SEO-003+SEO-004"
"GET","graphic-portrait/odnawianie-zdjęć","","Closure","web","routes/redirect.php","380","","","redirects","READ_REDIRECT","","SECURITY_REPLACE","SEO-003+SEO-004"
"GET","graphic-portrait/photo-correction","","Closure","web","routes/redirect.php","380","","","redirects","READ_REDIRECT","","SECURITY_REPLACE","SEO-003+SEO-004"
"GET","graphic-portrait/photo-recovery","","Closure","web","routes/redirect.php","380","","","redirects","READ_REDIRECT","","SECURITY_REPLACE","SEO-003+SEO-004"
"GET","graphic-portrait/pop-art-portrait","","Closure","web","routes/redirect.php","380","","","redirects","READ_REDIRECT","","SECURITY_REPLACE","SEO-003+SEO-004"
"GET","graphic-portrait/pop-art-portrait/buy","","Closure","web","routes/redirect.php","380","","","redirects","READ_REDIRECT","","SECURITY_REPLACE","SEO-003+SEO-004"
"GET","graphic-portrait/portrait-beauty-art","","Closure","web","routes/redirect.php","380","","","redirects","READ_REDIRECT","","SECURITY_REPLACE","SEO-003+SEO-004"
"GET","graphic-portrait/portrait-beauty-art/buy","","Closure","web","routes/redirect.php","380","","","redirects","READ_REDIRECT","","SECURITY_REPLACE","SEO-003+SEO-004"
"GET","graphic-portrait/portrait-caricature","","Closure","web","routes/redirect.php","380","","","redirects","READ_REDIRECT","","SECURITY_REPLACE","SEO-003+SEO-004"
"GET","graphic-portrait/portrait-caricature/buy","","Closure","web","routes/redirect.php","380","","","redirects","READ_REDIRECT","","SECURITY_REPLACE","SEO-003+SEO-004"
"GET","graphic-portrait/portrait-colorization","","Closure","web","routes/redirect.php","380","","","redirects","READ_REDIRECT","","SECURITY_REPLACE","SEO-003+SEO-004"
"GET","graphic-portrait/portrait-compliment","","Closure","web","routes/redirect.php","380","","","redirects","READ_REDIRECT","","SECURITY_REPLACE","SEO-003+SEO-004"
"GET","graphic-portrait/portrait-double-exposure","","Closure","web","routes/redirect.php","380","","","redirects","READ_REDIRECT","","SECURITY_REPLACE","SEO-003+SEO-004"
"GET","graphic-portrait/portrait-dream-art","","Closure","web","routes/redirect.php","380","","","redirects","READ_REDIRECT","","SECURITY_REPLACE","SEO-003+SEO-004"
"GET","graphic-portrait/portrait-dream-art/buy","","Closure","web","routes/redirect.php","380","","","redirects","READ_REDIRECT","","SECURITY_REPLACE","SEO-003+SEO-004"
"GET","graphic-portrait/portrait-in-image","","Closure","web","routes/redirect.php","380","","","redirects","READ_REDIRECT","","SECURITY_REPLACE","SEO-003+SEO-004"
"GET","graphic-portrait/portrait-in-the-image","","Closure","web","routes/redirect.php","380","","","redirects","READ_REDIRECT","","SECURITY_REPLACE","SEO-003+SEO-004"
"GET","graphic-portrait/portrait-made-from-words","","Closure","web","routes/redirect.php","380","","","redirects","READ_REDIRECT","","SECURITY_REPLACE","SEO-003+SEO-004"
"GET","graphic-portrait/portrait-of-love-is","","Closure","web","routes/redirect.php","380","","","redirects","READ_REDIRECT","","SECURITY_REPLACE","SEO-003+SEO-004"
"GET","graphic-portrait/portrait-of-murciano","","Closure","web","routes/redirect.php","380","","","redirects","READ_REDIRECT","","SECURITY_REPLACE","SEO-003+SEO-004"
"GET","graphic-portrait/portrait-pop-art","","Closure","web","routes/redirect.php","380","","","redirects","READ_REDIRECT","","SECURITY_REPLACE","SEO-003+SEO-004"
"GET","graphic-portrait/portrait-retouch","","Closure","web","routes/redirect.php","380","","","redirects","READ_REDIRECT","","SECURITY_REPLACE","SEO-003+SEO-004"
"GET","graphic-portrait/portrait-spancaricaturespan","","Closure","web","routes/redirect.php","380","","","redirects","READ_REDIRECT","","SECURITY_REPLACE","SEO-003+SEO-004"
"GET","graphic-portrait/portrait-spanclassicspan","","Closure","web","routes/redirect.php","380","","","redirects","READ_REDIRECT","","SECURITY_REPLACE","SEO-003+SEO-004"
"GET","graphic-portrait/Porträt-aus-Wörtern","","Closure","web","routes/redirect.php","380","","","redirects","READ_REDIRECT","","SECURITY_REPLACE","SEO-003+SEO-004"
"GET","graphic-portrait/portret-beauty-art","","Closure","web","routes/redirect.php","380","","","redirects","READ_REDIRECT","","SECURITY_REPLACE","SEO-003+SEO-004"
"GET","graphic-portrait/portret-karykatura","","Closure","web","routes/redirect.php","380","","","redirects","READ_REDIRECT","","SECURITY_REPLACE","SEO-003+SEO-004"
"GET","graphic-portrait/portret-murchiano","","Closure","web","routes/redirect.php","380","","","redirects","READ_REDIRECT","","SECURITY_REPLACE","SEO-003+SEO-004"
"GET","graphic-portrait/portret-pop-art","","Closure","web","routes/redirect.php","380","","","redirects","READ_REDIRECT","","SECURITY_REPLACE","SEO-003+SEO-004"
"GET","graphic-portrait/portret-stylizowany","","Closure","web","routes/redirect.php","380","","","redirects","READ_REDIRECT","","SECURITY_REPLACE","SEO-003+SEO-004"
"GET","graphic-portrait/Portret-w-stylu-Love-is","","Closure","web","routes/redirect.php","380","","","redirects","READ_REDIRECT","","SECURITY_REPLACE","SEO-003+SEO-004"
"GET","graphic-portrait/portret-ze-słów","","Closure","web","routes/redirect.php","380","","","redirects","READ_REDIRECT","","SECURITY_REPLACE","SEO-003+SEO-004"
"GET","graphic-portrait/portret-z-podwójną-ekspozycją","","Closure","web","routes/redirect.php","380","","","redirects","READ_REDIRECT","","SECURITY_REPLACE","SEO-003+SEO-004"
"GET","graphic-portrait/simpsons-portrait","","Closure","web","routes/redirect.php","380","","","redirects","READ_REDIRECT","","SECURITY_REPLACE","SEO-003+SEO-004"
"GET","graphic-portrait/spanartspan-portraits","","Closure","web","routes/redirect.php","380","","","redirects","READ_REDIRECT","","SECURITY_REPLACE","SEO-003+SEO-004"
"GET","graphic-portrait/spanpaintingsspan","","Closure","web","routes/redirect.php","380","","","redirects","READ_REDIRECT","","SECURITY_REPLACE","SEO-003+SEO-004"
"GET","graphic-portrait/spanpetspanportrait","","Closure","web","routes/redirect.php","380","","","redirects","READ_REDIRECT","","SECURITY_REPLACE","SEO-003+SEO-004"
"GET","graphic-portrait/vintage-portrait","","Closure","web","routes/redirect.php","380","","","redirects","READ_REDIRECT","","SECURITY_REPLACE","SEO-003+SEO-004"
"GET","image/{filename}","","App\Http\Controllers\ImageController@show","web|resetPlLocale|localize|localeSessionRedirect|localizationRedirect|lastModified|check.webp","","","","","public file delivery","READ_FILE","","SECURITY_REPLACE","APP-001"
"GET|POST|PUT|PATCH|DELETE|OPTIONS","image_gen_all","image_gen_all","App\Http\Controllers\Admin\ImageGenController@image_gen_all","web|resetPlLocale|localize|localeSessionRedirect|localizationRedirect|lastModified","app/Http/Controllers/Admin/ImageGenController.php","162","","","public image generation utility","PUBLIC_EXTERNAL_FILE_WRITE","","SECURITY_REPLACE","SEO-001+APP-001"
"GET","images_single/{slug}","","Closure","web","routes/redirect.php","363","","","redirects","READ_REDIRECT","","SECURITY_REPLACE","SEO-003+SEO-004"
"GET","images_single/{slug}.png","","Closure","web","routes/redirect.php","359","","","redirects","READ_REDIRECT","","SECURITY_REPLACE","SEO-003+SEO-004"
"GET","images_single/canvas.png","","Closure","web","routes/redirect.php","347","","","redirects","READ_REDIRECT","","SECURITY_REPLACE","SEO-003+SEO-004"
"GET","images_single/canvas-banner-img.png","","Closure","web","routes/redirect.php","351","","","redirects","READ_REDIRECT","","SECURITY_REPLACE","SEO-003+SEO-004"
"GET","images_single_debug/{slug}","","Closure","web","routes/redirect.php","367","","","redirects","READ_REDIRECT","","SECURITY_REPLACE","SEO-003+SEO-004"
"GET","img/canvas-banner-img.png","","Closure","web","routes/redirect.php","355","","","redirects","READ_REDIRECT","","SECURITY_REPLACE","SEO-003+SEO-004"
"GET","kanvas/apdruka","ads.canvas","App\Http\Controllers\PortraitPageController@ads_canvas","web|resetPlLocale|localize|localeSessionRedirect|localizationRedirect|lastModified","app/Http/Controllers/PortraitPageController.php","587","","DB","product generators","READ_DB_SESSION","","MISSING_TARGET","CAT-002"
"GET","kurpirkt.xml","kurpirkt","App\Http\Controllers\AdvertisingController@kurpirkt","web|resetPlLocale|localize|localeSessionRedirect|localizationRedirect|lastModified","app/Http/Controllers/AdvertisingController.php","115","","DB","public content pages","READ_DB","","MISSING_TARGET","APP-005B-PAGES-01"
"POST","load_ajax_posts","load_ajax_posts","App\Http\Controllers\BlogController@load_ajax_posts","web|resetPlLocale|localize|localeSessionRedirect|localizationRedirect|lastModified","app/Http/Controllers/BlogController.php","330","","","content actions","DB_OR_MAIL_WRITE","","MISSING_TARGET","APP-005B-FORM-03"
"GET","login","login","App\Http\Controllers\Auth\LoginController@showLoginForm","web","vendor/laravel/framework/src/Illuminate/Foundation/Auth/AuthenticatesUsers.php","18","","","standard auth","SESSION_OR_DB_WRITE","","SHELL_ONLY","AUTH-001"
"POST","login","","App\Http\Controllers\Auth\LoginController@login","web","vendor/laravel/framework/src/Illuminate/Foundation/Auth/AuthenticatesUsers.php","31","","","standard auth","SESSION_OR_DB_WRITE","","SHELL_ONLY","AUTH-001"
"POST","logout","logout","App\Http\Controllers\Auth\LoginController@logout","web","vendor/laravel/framework/src/Illuminate/Foundation/Auth/AuthenticatesUsers.php","156","","","standard auth","SESSION_OR_DB_WRITE","","SHELL_ONLY","AUTH-001"
"GET","lt/blog/-10","","Closure","web","routes/redirect.php","388","","","redirects","READ_REDIRECT","","SECURITY_REPLACE","SEO-003+SEO-004"
"GET","lt/blog/-11","","Closure","web","routes/redirect.php","388","","","redirects","READ_REDIRECT","","SECURITY_REPLACE","SEO-003+SEO-004"
"GET","lt/blog/-12","","Closure","web","routes/redirect.php","388","","","redirects","READ_REDIRECT","","SECURITY_REPLACE","SEO-003+SEO-004"
"GET","lt/blog/-13","","Closure","web","routes/redirect.php","388","","","redirects","READ_REDIRECT","","SECURITY_REPLACE","SEO-003+SEO-004"
"GET","lt/blog/-14","","Closure","web","routes/redirect.php","388","","","redirects","READ_REDIRECT","","SECURITY_REPLACE","SEO-003+SEO-004"
"GET","lt/blog/-15","","Closure","web","routes/redirect.php","388","","","redirects","READ_REDIRECT","","SECURITY_REPLACE","SEO-003+SEO-004"
"GET","lt/blog/-16","","Closure","web","routes/redirect.php","388","","","redirects","READ_REDIRECT","","SECURITY_REPLACE","SEO-003+SEO-004"
"GET","lt/blog/-17","","Closure","web","routes/redirect.php","388","","","redirects","READ_REDIRECT","","SECURITY_REPLACE","SEO-003+SEO-004"
"GET","lt/blog/-18","","Closure","web","routes/redirect.php","388","","","redirects","READ_REDIRECT","","SECURITY_REPLACE","SEO-003+SEO-004"
"GET","lt/blog/-19","","Closure","web","routes/redirect.php","388","","","redirects","READ_REDIRECT","","SECURITY_REPLACE","SEO-003+SEO-004"
"GET","lt/blog/-2","","Closure","web","routes/redirect.php","388","","","redirects","READ_REDIRECT","","SECURITY_REPLACE","SEO-003+SEO-004"
"GET","lt/blog/-20","","Closure","web","routes/redirect.php","388","","","redirects","READ_REDIRECT","","SECURITY_REPLACE","SEO-003+SEO-004"
"GET","lt/blog/-4","","Closure","web","routes/redirect.php","388","","","redirects","READ_REDIRECT","","SECURITY_REPLACE","SEO-003+SEO-004"
"GET","lt/blog/-6","","Closure","web","routes/redirect.php","388","","","redirects","READ_REDIRECT","","SECURITY_REPLACE","SEO-003+SEO-004"
"GET","lt/blog/-9","","Closure","web","routes/redirect.php","388","","","redirects","READ_REDIRECT","","SECURITY_REPLACE","SEO-003+SEO-004"
"GET","lt/blog/art-portrait-canvas-kanvas","","Closure","web","routes/redirect.php","388","","","redirects","READ_REDIRECT","","SECURITY_REPLACE","SEO-003+SEO-004"
"GET","lt/blog/art-portrait-kanvas-art","","Closure","web","routes/redirect.php","388","","","redirects","READ_REDIRECT","","SECURITY_REPLACE","SEO-003+SEO-004"
"GET","lt/blog/art-prezent-dla-bliskich","","Closure","web","routes/redirect.php","388","","","redirects","READ_REDIRECT","","SECURITY_REPLACE","SEO-003+SEO-004"
"GET","lt/blog/augintinio-portretas","","Closure","web","routes/redirect.php","388","","","redirects","READ_REDIRECT","","SECURITY_REPLACE","SEO-003+SEO-004"
"GET","lt/blog/aukstos-kokybės-reprodukcija","","Closure","web","routes/redirect.php","388","","","redirects","READ_REDIRECT","","SECURITY_REPLACE","SEO-003+SEO-004"
"GET","lt/blog/Bagetinis-paveikslų-rėminimas","","Closure","web","routes/redirect.php","388","","","redirects","READ_REDIRECT","","SECURITY_REPLACE","SEO-003+SEO-004"
"GET","lt/blog/bagetnoe-obramlenie-kartin","","Closure","web","routes/redirect.php","388","","","redirects","READ_REDIRECT","","SECURITY_REPLACE","SEO-003+SEO-004"
"GET","lt/blog/Baguette-Rahmen-aus-Gemälden-Relikte-aus-der-Vergangenheit-oder-noch-relevant","","Closure","web","routes/redirect.php","388","","","redirects","READ_REDIRECT","","SECURITY_REPLACE","SEO-003+SEO-004"
"GET","lt/blog/canvas","","Closure","web","routes/redirect.php","388","","","redirects","READ_REDIRECT","","SECURITY_REPLACE","SEO-003+SEO-004"
"GET","lt/blog/canvas-or-photo-painting-transform-your-memories-into-art","","Closure","web","routes/redirect.php","388","","","redirects","READ_REDIRECT","","SECURITY_REPLACE","SEO-003+SEO-004"
"GET","lt/blog/canvas-wall-print","","Closure","web","routes/redirect.php","388","","","redirects","READ_REDIRECT","","SECURITY_REPLACE","SEO-003+SEO-004"
"GET","lt/blog/collage-mit-kindern-das-beste-geschenk-für-eltern-und-ihre-kinder","","Closure","web","routes/redirect.php","388","","","redirects","READ_REDIRECT","","SECURITY_REPLACE","SEO-003+SEO-004"
"GET","lt/blog/detskij-kollazh-samyj-luchshij-podarok-dlya-roditelej-i-druzej","","Closure","web","routes/redirect.php","388","","","redirects","READ_REDIRECT","","SECURITY_REPLACE","SEO-003+SEO-004"
"GET","lt/blog/digitāla-druka-un-eļļa.","","Closure","web","routes/redirect.php","388","","","redirects","READ_REDIRECT","","SECURITY_REPLACE","SEO-003+SEO-004"
"GET","lt/blog/dovanu-kortele-puiki-dovana","","Closure","web","routes/redirect.php","388","","","redirects","READ_REDIRECT","","SECURITY_REPLACE","SEO-003+SEO-004"
"GET","lt/blog/dovanu-pakuote","","Closure","web","routes/redirect.php","388","","","redirects","READ_REDIRECT","","SECURITY_REPLACE","SEO-003+SEO-004"
"GET","lt/blog/druka-uz-audekla-dāvanā","","Closure","web","routes/redirect.php","388","","","redirects","READ_REDIRECT","","SECURITY_REPLACE","SEO-003+SEO-004"
"GET","lt/blog/druzheskij-sharzh-otlichnyj-sposob-poveselit-druzej-i-znakomyh","","Closure","web","routes/redirect.php","388","","","redirects","READ_REDIRECT","","SECURITY_REPLACE","SEO-003+SEO-004"
"GET","lt/blog/eine-geschenk-karte-ist-ein-gutes-geschenk-für-einen-anlass","","Closure","web","routes/redirect.php","388","","","redirects","READ_REDIRECT","","SECURITY_REPLACE","SEO-003+SEO-004"
"GET","lt/blog/ffff","","Closure","web","routes/redirect.php","388","","","redirects","READ_REDIRECT","","SECURITY_REPLACE","SEO-003+SEO-004"
"GET","lt/blog/foto_uz_kanvas","","Closure","web","routes/redirect.php","388","","","redirects","READ_REDIRECT","","SECURITY_REPLACE","SEO-003+SEO-004"
"GET","lt/blog/fotod-fotosessioonist-õuendil","","Closure","web","routes/redirect.php","388","","","redirects","READ_REDIRECT","","SECURITY_REPLACE","SEO-003+SEO-004"
"GET","lt/blog/fotodrobės","","Closure","web","routes/redirect.php","388","","","redirects","READ_REDIRECT","","SECURITY_REPLACE","SEO-003+SEO-004"
"GET","lt/blog/fotografie-do-portretu","","Closure","web","routes/redirect.php","388","","","redirects","READ_REDIRECT","","SECURITY_REPLACE","SEO-003+SEO-004"
"GET","lt/blog/foto-kanvas","","Closure","web","routes/redirect.php","388","","","redirects","READ_REDIRECT","","SECURITY_REPLACE","SEO-003+SEO-004"
"GET","lt/blog/fotokartina-luchshij-podarok-roditelyam","","Closure","web","routes/redirect.php","388","","","redirects","READ_REDIRECT","","SECURITY_REPLACE","SEO-003+SEO-004"
"GET","lt/blog/fotolõuend","","Closure","web","routes/redirect.php","388","","","redirects","READ_REDIRECT","","SECURITY_REPLACE","SEO-003+SEO-004"
"GET","lt/blog/fotoobraz-jest-najlepszym-prezentem-dla-rodziców","","Closure","web","routes/redirect.php","388","","","redirects","READ_REDIRECT","","SECURITY_REPLACE","SEO-003+SEO-004"
"GET","lt/blog/fotoobraz-na-płótnie-w-prezencie","","Closure","web","routes/redirect.php","388","","","redirects","READ_REDIRECT","","SECURITY_REPLACE","SEO-003+SEO-004"
"GET","lt/blog/fotopaveikslas","","Closure","web","routes/redirect.php","388","","","redirects","READ_REDIRECT","","SECURITY_REPLACE","SEO-003+SEO-004"
"GET","lt/blog/fotopilt-on-parim-kingitus-vanematele","","Closure","web","routes/redirect.php","388","","","redirects","READ_REDIRECT","","SECURITY_REPLACE","SEO-003+SEO-004"
"GET","lt/blog/Fotos auf Leinwand","","Closure","web","routes/redirect.php","388","","","redirects","READ_REDIRECT","","SECURITY_REPLACE","SEO-003+SEO-004"
"GET","lt/blog/freundliche-karikatur-ist-ein-guter-weg-um-spaß-mit-freunden-und-bekannten-zu-haben","","Closure","web","routes/redirect.php","388","","","redirects","READ_REDIRECT","","SECURITY_REPLACE","SEO-003+SEO-004"
"GET","lt/blog/giclee-technology-art","","Closure","web","routes/redirect.php","388","","","redirects","READ_REDIRECT","","SECURITY_REPLACE","SEO-003+SEO-004"
"GET","lt/blog/gift-for_man","","Closure","web","routes/redirect.php","388","","","redirects","READ_REDIRECT","","SECURITY_REPLACE","SEO-003+SEO-004"
"GET","lt/blog/gift-for-mather","","Closure","web","routes/redirect.php","388","","","redirects","READ_REDIRECT","","SECURITY_REPLACE","SEO-003+SEO-004"
"GET","lt/blog/gleznas-uz-audekla-dāvanu-iesaiņojums","","Closure","web","routes/redirect.php","388","","","redirects","READ_REDIRECT","","SECURITY_REPLACE","SEO-003+SEO-004"
"GET","lt/blog/Gleznu-bagetes-ieramešana","","Closure","web","routes/redirect.php","388","","","redirects","READ_REDIRECT","","SECURITY_REPLACE","SEO-003+SEO-004"
"GET","lt/blog/graafilised-portreed-kaasaegse-maailma-kunst","","Closure","web","routes/redirect.php","388","","","redirects","READ_REDIRECT","","SECURITY_REPLACE","SEO-003+SEO-004"
"GET","lt/blog/graficheskie-portrety-iskusstvo-sovremennogo-mira","","Closure","web","routes/redirect.php","388","","","redirects","READ_REDIRECT","","SECURITY_REPLACE","SEO-003+SEO-004"
"GET","lt/blog/grafische-porträts-der-kunst-der-modernen-welt","","Closure","web","routes/redirect.php","388","","","redirects","READ_REDIRECT","","SECURITY_REPLACE","SEO-003+SEO-004"
"GET","lt/blog/Haustierporträt Aristokraten","","Closure","web","routes/redirect.php","388","","","redirects","READ_REDIRECT","","SECURITY_REPLACE","SEO-003+SEO-004"
"GET","lt/blog/ivaizdzio-portretas","","Closure","web","routes/redirect.php","388","","","redirects","READ_REDIRECT","","SECURITY_REPLACE","SEO-003+SEO-004"
"GET","lt/blog/jak-powstaje-portret-graficzny","","Closure","web","routes/redirect.php","388","","","redirects","READ_REDIRECT","","SECURITY_REPLACE","SEO-003+SEO-004"
"GET","lt/blog/kak-risuetsya-graficheskiy-portret","","Closure","web","routes/redirect.php","388","","","redirects","READ_REDIRECT","","SECURITY_REPLACE","SEO-003+SEO-004"
"GET","lt/blog/kanva","","Closure","web","routes/redirect.php","388","","","redirects","READ_REDIRECT","","SECURITY_REPLACE","SEO-003+SEO-004"
"GET","lt/blog/kanvas","","Closure","web","routes/redirect.php","388","","","redirects","READ_REDIRECT","","SECURITY_REPLACE","SEO-003+SEO-004"
"GET","lt/blog/kanvas_ pamatā _pigments_vai_šķīdinātāja_tinte_kura_ir_labāka","","Closure","web","routes/redirect.php","388","","","redirects","READ_REDIRECT","","SECURITY_REPLACE","SEO-003+SEO-004"
"GET","lt/blog/kanvas_apdruka","","Closure","web","routes/redirect.php","388","","","redirects","READ_REDIRECT","","SECURITY_REPLACE","SEO-003+SEO-004"
"GET","lt/blog/kanvas-apdruka-foto","","Closure","web","routes/redirect.php","388","","","redirects","READ_REDIRECT","","SECURITY_REPLACE","SEO-003+SEO-004"
"GET","lt/blog/kanvas-kvalitāte-foto","","Closure","web","routes/redirect.php","388","","","redirects","READ_REDIRECT","","SECURITY_REPLACE","SEO-003+SEO-004"
"GET","lt/blog/kanvas-nice-gift-for","","Closure","web","routes/redirect.php","388","","","redirects","READ_REDIRECT","","SECURITY_REPLACE","SEO-003+SEO-004"
"GET","lt/blog/karikatura-pec-pasutijuma","","Closure","web","routes/redirect.php","388","","","redirects","READ_REDIRECT","","SECURITY_REPLACE","SEO-003+SEO-004"
"GET","lt/blog/karta-podarunkowa","","Closure","web","routes/redirect.php","388","","","redirects","READ_REDIRECT","","SECURITY_REPLACE","SEO-003+SEO-004"
"GET","lt/blog/kartiny-na-osnove-pigmentnyh-ili-solventnyh-chernil-kakie-luchshe","","Closure","web","routes/redirect.php","388","","","redirects","READ_REDIRECT","","SECURITY_REPLACE","SEO-003+SEO-004"
"GET","lt/blog/kinkekaart-on-suurepärane-kingitus-igal-juhul","","Closure","web","routes/redirect.php","388","","","redirects","READ_REDIRECT","","SECURITY_REPLACE","SEO-003+SEO-004"
"GET","lt/blog/kinkepakk","","Closure","web","routes/redirect.php","388","","","redirects","READ_REDIRECT","","SECURITY_REPLACE","SEO-003+SEO-004"
"GET","lt/blog/kolaza–pati-labaka-davana","","Closure","web","routes/redirect.php","388","","","redirects","READ_REDIRECT","","SECURITY_REPLACE","SEO-003+SEO-004"
"GET","lt/blog/kolaże-z-dziećmi-najlepszy-prezent-dla-rodziców-i-ich-dzieci","","Closure","web","routes/redirect.php","388","","","redirects","READ_REDIRECT","","SECURITY_REPLACE","SEO-003+SEO-004"
"GET","lt/blog/Koliažas-ant-drobės","","Closure","web","routes/redirect.php","388","","","redirects","READ_REDIRECT","","SECURITY_REPLACE","SEO-003+SEO-004"
"GET","lt/blog/kollaaž-on-parim-kingitus-vanematele-ja-nende","","Closure","web","routes/redirect.php","388","","","redirects","READ_REDIRECT","","SECURITY_REPLACE","SEO-003+SEO-004"
"GET","lt/blog/kompozycja-z-fotoobrazów","","Closure","web","routes/redirect.php","388","","","redirects","READ_REDIRECT","","SECURITY_REPLACE","SEO-003+SEO-004"
"GET","lt/blog/kuidas-joonistatakse-graafiline-portree","","Closure","web","routes/redirect.php","388","","","redirects","READ_REDIRECT","","SECURITY_REPLACE","SEO-003+SEO-004"
"GET","lt/blog/labaka-davana-vecakiem","","Closure","web","routes/redirect.php","388","","","redirects","READ_REDIRECT","","SECURITY_REPLACE","SEO-003+SEO-004"
"GET","lt/blog/legendaarsete-maalide-reprodutseerimine-lõuendil-kvaliteetselt","","Closure","web","routes/redirect.php","388","","","redirects","READ_REDIRECT","","SECURITY_REPLACE","SEO-003+SEO-004"
"GET","lt/blog/leģendāras-gleznas-reprodukcijas","","Closure","web","routes/redirect.php","388","","","redirects","READ_REDIRECT","","SECURITY_REPLACE","SEO-003+SEO-004"
"GET","lt/blog/looge-digitaalse-printimise-ja-õli-abil-elutruud-maalid","","Closure","web","routes/redirect.php","388","","","redirects","READ_REDIRECT","","SECURITY_REPLACE","SEO-003+SEO-004"
"GET","lt/blog/lustiges-simpsons-stil-porträt-werden-einer-der-helden-des-legendären-cartoons","","Closure","web","routes/redirect.php","388","","","redirects","READ_REDIRECT","","SECURITY_REPLACE","SEO-003+SEO-004"
"GET","lt/blog/maalide-baguette-raamimine","","Closure","web","routes/redirect.php","388","","","redirects","READ_REDIRECT","","SECURITY_REPLACE","SEO-003+SEO-004"
"GET","lt/blog/maalimine-fotost-lõuendile-suurepärane-kingitus","","Closure","web","routes/redirect.php","388","","","redirects","READ_REDIRECT","","SECURITY_REPLACE","SEO-003+SEO-004"
"GET","lt/blog/mājdzīvnieka-portrets","","Closure","web","routes/redirect.php","388","","","redirects","READ_REDIRECT","","SECURITY_REPLACE","SEO-003+SEO-004"
"GET","lt/blog/man-gift","","Closure","web","routes/redirect.php","388","","","redirects","READ_REDIRECT","","SECURITY_REPLACE","SEO-003+SEO-004"
"GET","lt/blog/millised-fotod-sobivad-portree-loomiseks","","Closure","web","routes/redirect.php","388","","","redirects","READ_REDIRECT","","SECURITY_REPLACE","SEO-003+SEO-004"
"GET","lt/blog/modulare-malerei-eine-ungewöhnliche-und-interessante-einrichtungslösung","","Closure","web","routes/redirect.php","388","","","redirects","READ_REDIRECT","","SECURITY_REPLACE","SEO-003+SEO-004"
"GET","lt/blog/Moduliniai-paveikslai","","Closure","web","routes/redirect.php","388","","","redirects","READ_REDIRECT","","SECURITY_REPLACE","SEO-003+SEO-004"
"GET","lt/blog/modulnye-kartiny-neobychnoe-i-interesnoe-reshenie-dlya-interera","","Closure","web","routes/redirect.php","388","","","redirects","READ_REDIRECT","","SECURITY_REPLACE","SEO-003+SEO-004"
"GET","lt/blog/moduļu-kanvas-generators","","Closure","web","routes/redirect.php","388","","","redirects","READ_REDIRECT","","SECURITY_REPLACE","SEO-003+SEO-004"
"GET","lt/blog/moodulmaalid-ebatavaline-ja-huvitav-lahendus-interjööri-jaoks","","Closure","web","routes/redirect.php","388","","","redirects","READ_REDIRECT","","SECURITY_REPLACE","SEO-003+SEO-004"
"GET","lt/blog/naljakas-portree-stiilis-simpsonid-saage-üheks-legendaarse-animasarja-kangelaseks","","Closure","web","routes/redirect.php","388","","","redirects","READ_REDIRECT","","SECURITY_REPLACE","SEO-003+SEO-004"
"GET","lt/blog/obrazy-modułowe","","Closure","web","routes/redirect.php","388","","","redirects","READ_REDIRECT","","SECURITY_REPLACE","SEO-003+SEO-004"
"GET","lt/blog/obrazy-wykonane-farbami","","Closure","web","routes/redirect.php","388","","","redirects","READ_REDIRECT","","SECURITY_REPLACE","SEO-003+SEO-004"
"GET","lt/blog/opakowanie-prezentowe","","Closure","web","routes/redirect.php","388","","","redirects","READ_REDIRECT","","SECURITY_REPLACE","SEO-003+SEO-004"
"GET","lt/blog/painting-artists","","Closure","web","routes/redirect.php","388","","","redirects","READ_REDIRECT","","SECURITY_REPLACE","SEO-003+SEO-004"
"GET","lt/blog/Paveikslas-is-nuotraukos-ant-drobės","","Closure","web","routes/redirect.php","388","","","redirects","READ_REDIRECT","","SECURITY_REPLACE","SEO-003+SEO-004"
"GET","lt/blog/Paveikslas-iš-nuotraukos-ant-drobės","","Closure","web","routes/redirect.php","388","","","redirects","READ_REDIRECT","","SECURITY_REPLACE","SEO-003+SEO-004"
"GET","lt/blog/pet-portrait-on-canvas","","Closure","web","routes/redirect.php","388","","","redirects","READ_REDIRECT","","SECURITY_REPLACE","SEO-003+SEO-004"
"GET","lt/blog/photo-canvas-quality","","Closure","web","routes/redirect.php","388","","","redirects","READ_REDIRECT","","SECURITY_REPLACE","SEO-003+SEO-004"
"GET","lt/blog/photo-canvas-with-high-quality-printing","","Closure","web","routes/redirect.php","388","","","redirects","READ_REDIRECT","","SECURITY_REPLACE","SEO-003+SEO-004"
"GET","lt/blog/photo-recovery-canvas","","Closure","web","routes/redirect.php","388","","","redirects","READ_REDIRECT","","SECURITY_REPLACE","SEO-003+SEO-004"
"GET","lt/blog/Pigment- oder Lösemitteltinte - was ist besser","","Closure","web","routes/redirect.php","388","","","redirects","READ_REDIRECT","","SECURITY_REPLACE","SEO-003+SEO-004"
"GET","lt/blog/pigmentiniai-ar-tirpikliniai-paveikslai","","Closure","web","routes/redirect.php","388","","","redirects","READ_REDIRECT","","SECURITY_REPLACE","SEO-003+SEO-004"
"GET","lt/blog/pigment-või-lahustivärvil-põhinevad-maalid-millised-neist-on-paremad","","Closure","web","routes/redirect.php","388","","","redirects","READ_REDIRECT","","SECURITY_REPLACE","SEO-003+SEO-004"
"GET","lt/blog/Podarochnaya upakovka","","Closure","web","routes/redirect.php","388","","","redirects","READ_REDIRECT","","SECURITY_REPLACE","SEO-003+SEO-004"
"GET","lt/blog/podarochnaya-karta-velikolepnyj-prezent-na-lyuboj-sluchaj","","Closure","web","routes/redirect.php","388","","","redirects","READ_REDIRECT","","SECURITY_REPLACE","SEO-003+SEO-004"
"GET","lt/blog/Podarotschnaja-upakowka","","Closure","web","routes/redirect.php","388","","","redirects","READ_REDIRECT","","SECURITY_REPLACE","SEO-003+SEO-004"
"GET","lt/blog/portraitdrawing","","Closure","web","routes/redirect.php","388","","","redirects","READ_REDIRECT","","SECURITY_REPLACE","SEO-003+SEO-004"
"GET","lt/blog/porträt-in-der-similitude-mehr-als-nur-eine-fotomontage","","Closure","web","routes/redirect.php","388","","","redirects","READ_REDIRECT","","SECURITY_REPLACE","SEO-003+SEO-004"
"GET","lt/blog/porträt-ist-ein-teil-der-seele-auf-der-leinwand-ein-ein paar-worte-über-die-qualität-des-porträts","","Closure","web","routes/redirect.php","388","","","redirects","READ_REDIRECT","","SECURITY_REPLACE","SEO-003+SEO-004"
"GET","lt/blog/portree-on-tükk-hinge-lõuendil","","Closure","web","routes/redirect.php","388","","","redirects","READ_REDIRECT","","SECURITY_REPLACE","SEO-003+SEO-004"
"GET","lt/blog/portree-pildil-on-midagi-enamat-kui-lihtsalt-fotomontaaž","","Closure","web","routes/redirect.php","388","","","redirects","READ_REDIRECT","","SECURITY_REPLACE","SEO-003+SEO-004"
"GET","lt/blog/portree-stiilis-lemmikloomad-aristokraadid","","Closure","web","routes/redirect.php","388","","","redirects","READ_REDIRECT","","SECURITY_REPLACE","SEO-003+SEO-004"
"GET","lt/blog/portret-chastichka-dushi-na-polotne","","Closure","web","routes/redirect.php","388","","","redirects","READ_REDIRECT","","SECURITY_REPLACE","SEO-003+SEO-004"
"GET","lt/blog/portreti-pēc-fotografījas","","Closure","web","routes/redirect.php","388","","","redirects","READ_REDIRECT","","SECURITY_REPLACE","SEO-003+SEO-004"
"GET","lt/blog/portrets","","Closure","web","routes/redirect.php","388","","","redirects","READ_REDIRECT","","SECURITY_REPLACE","SEO-003+SEO-004"
"GET","lt/blog/portrets_vesturiska_kostima","","Closure","web","routes/redirect.php","388","","","redirects","READ_REDIRECT","","SECURITY_REPLACE","SEO-003+SEO-004"
"GET","lt/blog/portrets-pēc-foto – kā-dāvana","","Closure","web","routes/redirect.php","388","","","redirects","READ_REDIRECT","","SECURITY_REPLACE","SEO-003+SEO-004"
"GET","lt/blog/portrets-uz-kanvas -simpsonu-stilā","","Closure","web","routes/redirect.php","388","","","redirects","READ_REDIRECT","","SECURITY_REPLACE","SEO-003+SEO-004"
"GET","lt/blog/portret-to-fragment-duszy-na-płotnie-o-jakości-portretu","","Closure","web","routes/redirect.php","388","","","redirects","READ_REDIRECT","","SECURITY_REPLACE","SEO-003+SEO-004"
"GET","lt/blog/portret-v-obraze-nechto-bolshee-chem-prosto-fotomontazh","","Closure","web","routes/redirect.php","388","","","redirects","READ_REDIRECT","","SECURITY_REPLACE","SEO-003+SEO-004"
"GET","lt/blog/portret-w-stylu-pupila","","Closure","web","routes/redirect.php","388","","","redirects","READ_REDIRECT","","SECURITY_REPLACE","SEO-003+SEO-004"
"GET","lt/blog/portrety-artystyczne","","Closure","web","routes/redirect.php","388","","","redirects","READ_REDIRECT","","SECURITY_REPLACE","SEO-003+SEO-004"
"GET","lt/blog/portrety-graficzne-sztuka-nowoczesności.","","Closure","web","routes/redirect.php","388","","","redirects","READ_REDIRECT","","SECURITY_REPLACE","SEO-003+SEO-004"
"GET","lt/blog/portret-z-charakterem","","Closure","web","routes/redirect.php","388","","","redirects","READ_REDIRECT","","SECURITY_REPLACE","SEO-003+SEO-004"
"GET","lt/blog/quality-print-on-canvas","","Closure","web","routes/redirect.php","388","","","redirects","READ_REDIRECT","","SECURITY_REPLACE","SEO-003+SEO-004"
"GET","lt/blog/ramki-do-obrazów","","Closure","web","routes/redirect.php","388","","","redirects","READ_REDIRECT","","SECURITY_REPLACE","SEO-003+SEO-004"
"GET","lt/blog/Realistische-Bilder-erstellen-mit-Digitaldruck-und-Öl","","Closure","web","routes/redirect.php","388","","","redirects","READ_REDIRECT","","SECURITY_REPLACE","SEO-003+SEO-004"
"GET","lt/blog/reprodukciya-legendarnyh-kartin-na-holste-v-vysokom-kachestve","","Closure","web","routes/redirect.php","388","","","redirects","READ_REDIRECT","","SECURITY_REPLACE","SEO-003+SEO-004"
"GET","lt/blog/reprodukcja-legendarnych-obrazów","","Closure","web","routes/redirect.php","388","","","redirects","READ_REDIRECT","","SECURITY_REPLACE","SEO-003+SEO-004"
"GET","lt/blog/Reproduktion-der-Legendenmalerei-auf-Leinwand-in-hochwertiger-Qualität","","Closure","web","routes/redirect.php","388","","","redirects","READ_REDIRECT","","SECURITY_REPLACE","SEO-003+SEO-004"
"GET","lt/blog/sarzas-karikaturas","","Closure","web","routes/redirect.php","388","","","redirects","READ_REDIRECT","","SECURITY_REPLACE","SEO-003+SEO-004"
"GET","lt/blog/sarzas-karykatura","","Closure","web","routes/redirect.php","388","","","redirects","READ_REDIRECT","","SECURITY_REPLACE","SEO-003+SEO-004"
"GET","lt/blog/simpsonu-stiliaus-portretas","","Closure","web","routes/redirect.php","388","","","redirects","READ_REDIRECT","","SECURITY_REPLACE","SEO-003+SEO-004"
"GET","lt/blog/sõbralik-koomiks-on-suurepärane-viis-sõprade-ja-tuttavate-lõbustamiseks","","Closure","web","routes/redirect.php","388","","","redirects","READ_REDIRECT","","SECURITY_REPLACE","SEO-003+SEO-004"
"GET","lt/blog/sozdanie-realistichnyh-kartin-pri-pomoshchi-cifrovoj-pechati-i-masla","","Closure","web","routes/redirect.php","388","","","redirects","READ_REDIRECT","","SECURITY_REPLACE","SEO-003+SEO-004"
"GET","lt/blog/tworzenie-realistycznych-obrazów-za-pomocą-wydruków-cyfrowych-i-olejów","","Closure","web","routes/redirect.php","388","","","redirects","READ_REDIRECT","","SECURITY_REPLACE","SEO-003+SEO-004"
"GET","lt/blog/wspólna-karykatura-to-świetny-sposób-na-przyjemną-zabawę-z-przyjaciółmi-i-znajomymi","","Closure","web","routes/redirect.php","388","","","redirects","READ_REDIRECT","","SECURITY_REPLACE","SEO-003+SEO-004"
"GET","lt/blog/zabavnyj-portret-v-stile-simpsony-stan-odnim-iz-geroev-legendarnogo-multseriala","","Closure","web","routes/redirect.php","388","","","redirects","READ_REDIRECT","","SECURITY_REPLACE","SEO-003+SEO-004"
"GET","lt/blog/zabawny-portret-w-stylu","","Closure","web","routes/redirect.php","388","","","redirects","READ_REDIRECT","","SECURITY_REPLACE","SEO-003+SEO-004"
"GET","lt/blog/zdjęcia-na-płótnie","","Closure","web","routes/redirect.php","388","","","redirects","READ_REDIRECT","","SECURITY_REPLACE","SEO-003+SEO-004"
"GET","lt/canvas","","Closure","web","routes/redirect.php","388","","","redirects","READ_REDIRECT","","SECURITY_REPLACE","SEO-003+SEO-004"
"GET","lt/gallery/oil-pictures","","Closure","web","routes/redirect.php","388","","","redirects","READ_REDIRECT","","SECURITY_REPLACE","SEO-003+SEO-004"
"GET","lt/graphic-portrait/classic-portrait","","Closure","web","routes/redirect.php","388","","","redirects","READ_REDIRECT","","SECURITY_REPLACE","SEO-003+SEO-004"
"GET","lt/graphic-portrait/classic-portrait/buy","","Closure","web","routes/redirect.php","388","","","redirects","READ_REDIRECT","","SECURITY_REPLACE","SEO-003+SEO-004"
"GET","lt/graphic-portrait/color-and-black-and-white-photos","","Closure","web","routes/redirect.php","388","","","redirects","READ_REDIRECT","","SECURITY_REPLACE","SEO-003+SEO-004"
"GET","lt/graphic-portrait/customs-royal-portraits","","Closure","web","routes/redirect.php","388","","","redirects","READ_REDIRECT","","SECURITY_REPLACE","SEO-003+SEO-004"
"GET","lt/graphic-portrait/Doppelbelichtung-Portrait","","Closure","web","routes/redirect.php","388","","","redirects","READ_REDIRECT","","SECURITY_REPLACE","SEO-003+SEO-004"
"GET","lt/graphic-portrait/double-exposition-portrait","","Closure","web","routes/redirect.php","388","","","redirects","READ_REDIRECT","","SECURITY_REPLACE","SEO-003+SEO-004"
"GET","lt/graphic-portrait/dream-art-portrait","","Closure","web","routes/redirect.php","388","","","redirects","READ_REDIRECT","","SECURITY_REPLACE","SEO-003+SEO-004"
"GET","lt/graphic-portrait/Farb- und Schwarz-Weiß-Fotos","","Closure","web","routes/redirect.php","388","","","redirects","READ_REDIRECT","","SECURITY_REPLACE","SEO-003+SEO-004"
"GET","lt/graphic-portrait/foto-korekcja","","Closure","web","routes/redirect.php","388","","","redirects","READ_REDIRECT","","SECURITY_REPLACE","SEO-003+SEO-004"
"GET","lt/graphic-portrait/Fotokorrektur","","Closure","web","routes/redirect.php","388","","","redirects","READ_REDIRECT","","SECURITY_REPLACE","SEO-003+SEO-004"
"GET","lt/graphic-portrait/Fotowiederherstellung","","Closure","web","routes/redirect.php","388","","","redirects","READ_REDIRECT","","SECURITY_REPLACE","SEO-003+SEO-004"
"GET","lt/graphic-portrait/Grafik-Porträt","","Closure","web","routes/redirect.php","388","","","redirects","READ_REDIRECT","","SECURITY_REPLACE","SEO-003+SEO-004"
"GET","lt/graphic-portrait/graphic-portrait","","Closure","web","routes/redirect.php","388","","","redirects","READ_REDIRECT","","SECURITY_REPLACE","SEO-003+SEO-004"
"GET","lt/graphic-portrait/graphic-portrait/buy","","Closure","web","routes/redirect.php","388","","","redirects","READ_REDIRECT","","SECURITY_REPLACE","SEO-003+SEO-004"
"GET","lt/graphic-portrait/karikatur-porträt","","Closure","web","routes/redirect.php","388","","","redirects","READ_REDIRECT","","SECURITY_REPLACE","SEO-003+SEO-004"
"GET","lt/graphic-portrait/kolorowe-czarno-białe-zdjęcie","","Closure","web","routes/redirect.php","388","","","redirects","READ_REDIRECT","","SECURITY_REPLACE","SEO-003+SEO-004"
"GET","lt/graphic-portrait/Liebe ist Porträt","","Closure","web","routes/redirect.php","388","","","redirects","READ_REDIRECT","","SECURITY_REPLACE","SEO-003+SEO-004"
"GET","lt/graphic-portrait/love-isportrait","","Closure","web","routes/redirect.php","388","","","redirects","READ_REDIRECT","","SECURITY_REPLACE","SEO-003+SEO-004"
"GET","lt/graphic-portrait/love-is-portrait","","Closure","web","routes/redirect.php","388","","","redirects","READ_REDIRECT","","SECURITY_REPLACE","SEO-003+SEO-004"
"GET","lt/graphic-portrait/Low Poly Portrait","","Closure","web","routes/redirect.php","388","","","redirects","READ_REDIRECT","","SECURITY_REPLACE","SEO-003+SEO-004"
"GET","lt/graphic-portrait/low-poly-portrait","","Closure","web","routes/redirect.php","388","","","redirects","READ_REDIRECT","","SECURITY_REPLACE","SEO-003+SEO-004"
"GET","lt/graphic-portrait/low-poly-portret","","Closure","web","routes/redirect.php","388","","","redirects","READ_REDIRECT","","SECURITY_REPLACE","SEO-003+SEO-004"
"GET","lt/graphic-portrait/modulnaya-kartina-pavliny","","Closure","web","routes/redirect.php","388","","","redirects","READ_REDIRECT","","SECURITY_REPLACE","SEO-003+SEO-004"
"GET","lt/graphic-portrait/murciano-portrait","","Closure","web","routes/redirect.php","388","","","redirects","READ_REDIRECT","","SECURITY_REPLACE","SEO-003+SEO-004"
"GET","lt/graphic-portrait/murkisches Porträt","","Closure","web","routes/redirect.php","388","","","redirects","READ_REDIRECT","","SECURITY_REPLACE","SEO-003+SEO-004"
"GET","lt/graphic-portrait/odnawianie-zdjęć","","Closure","web","routes/redirect.php","388","","","redirects","READ_REDIRECT","","SECURITY_REPLACE","SEO-003+SEO-004"
"GET","lt/graphic-portrait/photo-correction","","Closure","web","routes/redirect.php","388","","","redirects","READ_REDIRECT","","SECURITY_REPLACE","SEO-003+SEO-004"
"GET","lt/graphic-portrait/photo-recovery","","Closure","web","routes/redirect.php","388","","","redirects","READ_REDIRECT","","SECURITY_REPLACE","SEO-003+SEO-004"
"GET","lt/graphic-portrait/pop-art-portrait","","Closure","web","routes/redirect.php","388","","","redirects","READ_REDIRECT","","SECURITY_REPLACE","SEO-003+SEO-004"
"GET","lt/graphic-portrait/pop-art-portrait/buy","","Closure","web","routes/redirect.php","388","","","redirects","READ_REDIRECT","","SECURITY_REPLACE","SEO-003+SEO-004"
"GET","lt/graphic-portrait/portrait-beauty-art","","Closure","web","routes/redirect.php","388","","","redirects","READ_REDIRECT","","SECURITY_REPLACE","SEO-003+SEO-004"
"GET","lt/graphic-portrait/portrait-beauty-art/buy","","Closure","web","routes/redirect.php","388","","","redirects","READ_REDIRECT","","SECURITY_REPLACE","SEO-003+SEO-004"
"GET","lt/graphic-portrait/portrait-caricature","","Closure","web","routes/redirect.php","388","","","redirects","READ_REDIRECT","","SECURITY_REPLACE","SEO-003+SEO-004"
"GET","lt/graphic-portrait/portrait-caricature/buy","","Closure","web","routes/redirect.php","388","","","redirects","READ_REDIRECT","","SECURITY_REPLACE","SEO-003+SEO-004"
"GET","lt/graphic-portrait/portrait-colorization","","Closure","web","routes/redirect.php","388","","","redirects","READ_REDIRECT","","SECURITY_REPLACE","SEO-003+SEO-004"
"GET","lt/graphic-portrait/portrait-compliment","","Closure","web","routes/redirect.php","388","","","redirects","READ_REDIRECT","","SECURITY_REPLACE","SEO-003+SEO-004"
"GET","lt/graphic-portrait/portrait-double-exposure","","Closure","web","routes/redirect.php","388","","","redirects","READ_REDIRECT","","SECURITY_REPLACE","SEO-003+SEO-004"
"GET","lt/graphic-portrait/portrait-dream-art","","Closure","web","routes/redirect.php","388","","","redirects","READ_REDIRECT","","SECURITY_REPLACE","SEO-003+SEO-004"
"GET","lt/graphic-portrait/portrait-dream-art/buy","","Closure","web","routes/redirect.php","388","","","redirects","READ_REDIRECT","","SECURITY_REPLACE","SEO-003+SEO-004"
"GET","lt/graphic-portrait/portrait-in-image","","Closure","web","routes/redirect.php","388","","","redirects","READ_REDIRECT","","SECURITY_REPLACE","SEO-003+SEO-004"
"GET","lt/graphic-portrait/portrait-in-the-image","","Closure","web","routes/redirect.php","388","","","redirects","READ_REDIRECT","","SECURITY_REPLACE","SEO-003+SEO-004"
"GET","lt/graphic-portrait/portrait-made-from-words","","Closure","web","routes/redirect.php","388","","","redirects","READ_REDIRECT","","SECURITY_REPLACE","SEO-003+SEO-004"
"GET","lt/graphic-portrait/portrait-of-love-is","","Closure","web","routes/redirect.php","388","","","redirects","READ_REDIRECT","","SECURITY_REPLACE","SEO-003+SEO-004"
"GET","lt/graphic-portrait/portrait-of-murciano","","Closure","web","routes/redirect.php","388","","","redirects","READ_REDIRECT","","SECURITY_REPLACE","SEO-003+SEO-004"
"GET","lt/graphic-portrait/portrait-pop-art","","Closure","web","routes/redirect.php","388","","","redirects","READ_REDIRECT","","SECURITY_REPLACE","SEO-003+SEO-004"
"GET","lt/graphic-portrait/portrait-retouch","","Closure","web","routes/redirect.php","388","","","redirects","READ_REDIRECT","","SECURITY_REPLACE","SEO-003+SEO-004"
"GET","lt/graphic-portrait/portrait-spancaricaturespan","","Closure","web","routes/redirect.php","388","","","redirects","READ_REDIRECT","","SECURITY_REPLACE","SEO-003+SEO-004"
"GET","lt/graphic-portrait/portrait-spanclassicspan","","Closure","web","routes/redirect.php","388","","","redirects","READ_REDIRECT","","SECURITY_REPLACE","SEO-003+SEO-004"
"GET","lt/graphic-portrait/Porträt-aus-Wörtern","","Closure","web","routes/redirect.php","388","","","redirects","READ_REDIRECT","","SECURITY_REPLACE","SEO-003+SEO-004"
"GET","lt/graphic-portrait/portret-beauty-art","","Closure","web","routes/redirect.php","388","","","redirects","READ_REDIRECT","","SECURITY_REPLACE","SEO-003+SEO-004"
"GET","lt/graphic-portrait/portret-karykatura","","Closure","web","routes/redirect.php","388","","","redirects","READ_REDIRECT","","SECURITY_REPLACE","SEO-003+SEO-004"
"GET","lt/graphic-portrait/portret-murchiano","","Closure","web","routes/redirect.php","388","","","redirects","READ_REDIRECT","","SECURITY_REPLACE","SEO-003+SEO-004"
"GET","lt/graphic-portrait/portret-pop-art","","Closure","web","routes/redirect.php","388","","","redirects","READ_REDIRECT","","SECURITY_REPLACE","SEO-003+SEO-004"
"GET","lt/graphic-portrait/portret-stylizowany","","Closure","web","routes/redirect.php","388","","","redirects","READ_REDIRECT","","SECURITY_REPLACE","SEO-003+SEO-004"
"GET","lt/graphic-portrait/Portret-w-stylu-Love-is","","Closure","web","routes/redirect.php","388","","","redirects","READ_REDIRECT","","SECURITY_REPLACE","SEO-003+SEO-004"
"GET","lt/graphic-portrait/portret-ze-słów","","Closure","web","routes/redirect.php","388","","","redirects","READ_REDIRECT","","SECURITY_REPLACE","SEO-003+SEO-004"
"GET","lt/graphic-portrait/portret-z-podwójną-ekspozycją","","Closure","web","routes/redirect.php","388","","","redirects","READ_REDIRECT","","SECURITY_REPLACE","SEO-003+SEO-004"
"GET","lt/graphic-portrait/simpsons-portrait","","Closure","web","routes/redirect.php","388","","","redirects","READ_REDIRECT","","SECURITY_REPLACE","SEO-003+SEO-004"
"GET","lt/graphic-portrait/spanartspan-portraits","","Closure","web","routes/redirect.php","388","","","redirects","READ_REDIRECT","","SECURITY_REPLACE","SEO-003+SEO-004"
"GET","lt/graphic-portrait/spanpaintingsspan","","Closure","web","routes/redirect.php","388","","","redirects","READ_REDIRECT","","SECURITY_REPLACE","SEO-003+SEO-004"
"GET","lt/graphic-portrait/spanpetspanportrait","","Closure","web","routes/redirect.php","388","","","redirects","READ_REDIRECT","","SECURITY_REPLACE","SEO-003+SEO-004"
"GET","lt/graphic-portrait/vintage-portrait","","Closure","web","routes/redirect.php","388","","","redirects","READ_REDIRECT","","SECURITY_REPLACE","SEO-003+SEO-004"
"GET","lt/modular-pictures","","Closure","web","routes/redirect.php","388","","","redirects","READ_REDIRECT","","SECURITY_REPLACE","SEO-003+SEO-004"
"GET","lt/new/caricature/athlete_caricatures","","Closure","web","routes/redirect.php","388","","","redirects","READ_REDIRECT","","SECURITY_REPLACE","SEO-003+SEO-004"
"GET","lt/new/caricature/black_and_white_caricatures","","Closure","web","routes/redirect.php","388","","","redirects","READ_REDIRECT","","SECURITY_REPLACE","SEO-003+SEO-004"
"GET","lt/new/caricature/caricature_for_birthday","","Closure","web","routes/redirect.php","388","","","redirects","READ_REDIRECT","","SECURITY_REPLACE","SEO-003+SEO-004"
"GET","lt/new/caricature/family_caricature","","Closure","web","routes/redirect.php","388","","","redirects","READ_REDIRECT","","SECURITY_REPLACE","SEO-003+SEO-004"
"GET","lt/new/caricature/group_caricatures","","Closure","web","routes/redirect.php","388","","","redirects","READ_REDIRECT","","SECURITY_REPLACE","SEO-003+SEO-004"
"GET","lt/new/caricature/portrait-in-image","","Closure","web","routes/redirect.php","388","","","redirects","READ_REDIRECT","","SECURITY_REPLACE","SEO-003+SEO-004"
"GET","lt/new/caricature/portrait-in-the-image","","Closure","web","routes/redirect.php","388","","","redirects","READ_REDIRECT","","SECURITY_REPLACE","SEO-003+SEO-004"
"GET","lt/new/caricature/portret-stylizowany","","Closure","web","routes/redirect.php","388","","","redirects","READ_REDIRECT","","SECURITY_REPLACE","SEO-003+SEO-004"
"GET","lt/new/caricature/spancaricaturespan-for-birthday","","Closure","web","routes/redirect.php","388","","","redirects","READ_REDIRECT","","SECURITY_REPLACE","SEO-003+SEO-004"
"GET","lt/new/caricature/wedding_caricature","","Closure","web","routes/redirect.php","388","","","redirects","READ_REDIRECT","","SECURITY_REPLACE","SEO-003+SEO-004"
"GET","lt/new/caricature/сaricature_for_сolleagues","","Closure","web","routes/redirect.php","388","","","redirects","READ_REDIRECT","","SECURITY_REPLACE","SEO-003+SEO-004"
"GET","lt/new/graphic-portrait/-988","","Closure","web","routes/redirect.php","388","","","redirects","READ_REDIRECT","","SECURITY_REPLACE","SEO-003+SEO-004"
"GET","lt/new/graphic-portrait/classic-portrait","","Closure","web","routes/redirect.php","388","","","redirects","READ_REDIRECT","","SECURITY_REPLACE","SEO-003+SEO-004"
"GET","lt/new/graphic-portrait/customs-royal-portraits","","Closure","web","routes/redirect.php","388","","","redirects","READ_REDIRECT","","SECURITY_REPLACE","SEO-003+SEO-004"
"GET","lt/new/graphic-portrait/Grafik-Porträt","","Closure","web","routes/redirect.php","388","","","redirects","READ_REDIRECT","","SECURITY_REPLACE","SEO-003+SEO-004"
"GET","lt/new/graphic-portrait/karikatur-porträt","","Closure","web","routes/redirect.php","388","","","redirects","READ_REDIRECT","","SECURITY_REPLACE","SEO-003+SEO-004"
"GET","lt/new/graphic-portrait/klasisks-portrets","","Closure","web","routes/redirect.php","388","","","redirects","READ_REDIRECT","","SECURITY_REPLACE","SEO-003+SEO-004"
"GET","lt/new/graphic-portrait/portrait-beauty-art/buy","","Closure","web","routes/redirect.php","388","","","redirects","READ_REDIRECT","","SECURITY_REPLACE","SEO-003+SEO-004"
"GET","lt/new/graphic-portrait/portrait-caricature","","Closure","web","routes/redirect.php","388","","","redirects","READ_REDIRECT","","SECURITY_REPLACE","SEO-003+SEO-004"
"GET","lt/new/graphic-portrait/portrait-Dream-Art","","Closure","web","routes/redirect.php","388","","","redirects","READ_REDIRECT","","SECURITY_REPLACE","SEO-003+SEO-004"
"GET","lt/new/graphic-portrait/portrait-dream-art/buy","","Closure","web","routes/redirect.php","388","","","redirects","READ_REDIRECT","","SECURITY_REPLACE","SEO-003+SEO-004"
"GET","lt/new/graphic-portrait/portrait-pop-art","","Closure","web","routes/redirect.php","388","","","redirects","READ_REDIRECT","","SECURITY_REPLACE","SEO-003+SEO-004"
"GET","lt/new/graphic-portrait/portrait-spancaricaturespan","","Closure","web","routes/redirect.php","388","","","redirects","READ_REDIRECT","","SECURITY_REPLACE","SEO-003+SEO-004"
"GET","lt/new/graphic-portrait/portrait-spanclassicspan","","Closure","web","routes/redirect.php","388","","","redirects","READ_REDIRECT","","SECURITY_REPLACE","SEO-003+SEO-004"
"GET","lt/new/graphic-portrait/portret-beauty-art","","Closure","web","routes/redirect.php","388","","","redirects","READ_REDIRECT","","SECURITY_REPLACE","SEO-003+SEO-004"
"GET","lt/new/graphic-portrait/portret-dream-art","","Closure","web","routes/redirect.php","388","","","redirects","READ_REDIRECT","","SECURITY_REPLACE","SEO-003+SEO-004"
"GET","lt/new/graphic-portrait/portret-graficzny","","Closure","web","routes/redirect.php","388","","","redirects","READ_REDIRECT","","SECURITY_REPLACE","SEO-003+SEO-004"
"GET","lt/new/graphic-portrait/portret-karykatura","","Closure","web","routes/redirect.php","388","","","redirects","READ_REDIRECT","","SECURITY_REPLACE","SEO-003+SEO-004"
"GET","lt/new/graphic-portrait/simposons-custums","","Closure","web","routes/redirect.php","388","","","redirects","READ_REDIRECT","","SECURITY_REPLACE","SEO-003+SEO-004"
"GET","lt/new/graphic-portrait/simpsons-portrait","","Closure","web","routes/redirect.php","388","","","redirects","READ_REDIRECT","","SECURITY_REPLACE","SEO-003+SEO-004"
"GET","lt/new/graphic-portrait/spanartspan-portraits","","Closure","web","routes/redirect.php","388","","","redirects","READ_REDIRECT","","SECURITY_REPLACE","SEO-003+SEO-004"
"GET","lt/new/graphic-portrait/spanbeauty-art-span-portree","","Closure","web","routes/redirect.php","388","","","redirects","READ_REDIRECT","","SECURITY_REPLACE","SEO-003+SEO-004"
"GET","lt/new/graphic-portrait/spanpaintingsspan","","Closure","web","routes/redirect.php","388","","","redirects","READ_REDIRECT","","SECURITY_REPLACE","SEO-003+SEO-004"
"GET","lt/new/graphic-portrait/spanpetspanportrait","","Closure","web","routes/redirect.php","388","","","redirects","READ_REDIRECT","","SECURITY_REPLACE","SEO-003+SEO-004"
"GET","lt/new/graphic-portrait/süßes Kunstportrait","","Closure","web","routes/redirect.php","388","","","redirects","READ_REDIRECT","","SECURITY_REPLACE","SEO-003+SEO-004"
"GET","lt/new/graphic-portrait/traum-kunst-porträt","","Closure","web","routes/redirect.php","388","","","redirects","READ_REDIRECT","","SECURITY_REPLACE","SEO-003+SEO-004"
"GET","lt/oil-portrait","","Closure","web","routes/redirect.php","388","","","redirects","READ_REDIRECT","","SECURITY_REPLACE","SEO-003+SEO-004"
"GET","lt/page/faq","","Closure","web","routes/redirect.php","388","","","redirects","READ_REDIRECT","","SECURITY_REPLACE","SEO-003+SEO-004"
"GET","lt/photo","","Closure","web","routes/redirect.php","388","","","redirects","READ_REDIRECT","","SECURITY_REPLACE","SEO-003+SEO-004"
"GET","lt-google-ads.xml","google.ads.lt","App\Http\Controllers\AdvertisingController@google_lt","web|resetPlLocale|localize|localeSessionRedirect|localizationRedirect|lastModified","app/Http/Controllers/AdvertisingController.php","161","","DB","public content pages","READ_DB","","MISSING_TARGET","APP-005B-PAGES-01"
"GET","lv/blog/-10","","Closure","web","routes/redirect.php","388","","","redirects","READ_REDIRECT","","SECURITY_REPLACE","SEO-003+SEO-004"
"GET","lv/blog/-11","","Closure","web","routes/redirect.php","388","","","redirects","READ_REDIRECT","","SECURITY_REPLACE","SEO-003+SEO-004"
"GET","lv/blog/-12","","Closure","web","routes/redirect.php","388","","","redirects","READ_REDIRECT","","SECURITY_REPLACE","SEO-003+SEO-004"
"GET","lv/blog/-13","","Closure","web","routes/redirect.php","388","","","redirects","READ_REDIRECT","","SECURITY_REPLACE","SEO-003+SEO-004"
"GET","lv/blog/-14","","Closure","web","routes/redirect.php","388","","","redirects","READ_REDIRECT","","SECURITY_REPLACE","SEO-003+SEO-004"
"GET","lv/blog/-15","","Closure","web","routes/redirect.php","388","","","redirects","READ_REDIRECT","","SECURITY_REPLACE","SEO-003+SEO-004"
"GET","lv/blog/-16","","Closure","web","routes/redirect.php","388","","","redirects","READ_REDIRECT","","SECURITY_REPLACE","SEO-003+SEO-004"
"GET","lv/blog/-17","","Closure","web","routes/redirect.php","388","","","redirects","READ_REDIRECT","","SECURITY_REPLACE","SEO-003+SEO-004"
"GET","lv/blog/-18","","Closure","web","routes/redirect.php","388","","","redirects","READ_REDIRECT","","SECURITY_REPLACE","SEO-003+SEO-004"
"GET","lv/blog/-19","","Closure","web","routes/redirect.php","388","","","redirects","READ_REDIRECT","","SECURITY_REPLACE","SEO-003+SEO-004"
"GET","lv/blog/-2","","Closure","web","routes/redirect.php","388","","","redirects","READ_REDIRECT","","SECURITY_REPLACE","SEO-003+SEO-004"
"GET","lv/blog/-20","","Closure","web","routes/redirect.php","388","","","redirects","READ_REDIRECT","","SECURITY_REPLACE","SEO-003+SEO-004"
"GET","lv/blog/-4","","Closure","web","routes/redirect.php","388","","","redirects","READ_REDIRECT","","SECURITY_REPLACE","SEO-003+SEO-004"
"GET","lv/blog/-6","","Closure","web","routes/redirect.php","388","","","redirects","READ_REDIRECT","","SECURITY_REPLACE","SEO-003+SEO-004"
"GET","lv/blog/-9","","Closure","web","routes/redirect.php","388","","","redirects","READ_REDIRECT","","SECURITY_REPLACE","SEO-003+SEO-004"
"GET","lv/blog/art-portrait-canvas-kanvas","","Closure","web","routes/redirect.php","388","","","redirects","READ_REDIRECT","","SECURITY_REPLACE","SEO-003+SEO-004"
"GET","lv/blog/art-portrait-kanvas-art","","Closure","web","routes/redirect.php","388","","","redirects","READ_REDIRECT","","SECURITY_REPLACE","SEO-003+SEO-004"
"GET","lv/blog/art-prezent-dla-bliskich","","Closure","web","routes/redirect.php","388","","","redirects","READ_REDIRECT","","SECURITY_REPLACE","SEO-003+SEO-004"
"GET","lv/blog/augintinio-portretas","","Closure","web","routes/redirect.php","388","","","redirects","READ_REDIRECT","","SECURITY_REPLACE","SEO-003+SEO-004"
"GET","lv/blog/aukstos-kokybės-reprodukcija","","Closure","web","routes/redirect.php","388","","","redirects","READ_REDIRECT","","SECURITY_REPLACE","SEO-003+SEO-004"
"GET","lv/blog/Bagetinis-paveikslų-rėminimas","","Closure","web","routes/redirect.php","388","","","redirects","READ_REDIRECT","","SECURITY_REPLACE","SEO-003+SEO-004"
"GET","lv/blog/bagetnoe-obramlenie-kartin","","Closure","web","routes/redirect.php","388","","","redirects","READ_REDIRECT","","SECURITY_REPLACE","SEO-003+SEO-004"
"GET","lv/blog/Baguette-Rahmen-aus-Gemälden-Relikte-aus-der-Vergangenheit-oder-noch-relevant","","Closure","web","routes/redirect.php","388","","","redirects","READ_REDIRECT","","SECURITY_REPLACE","SEO-003+SEO-004"
"GET","lv/blog/canvas","","Closure","web","routes/redirect.php","388","","","redirects","READ_REDIRECT","","SECURITY_REPLACE","SEO-003+SEO-004"
"GET","lv/blog/canvas-or-photo-painting-transform-your-memories-into-art","","Closure","web","routes/redirect.php","388","","","redirects","READ_REDIRECT","","SECURITY_REPLACE","SEO-003+SEO-004"
"GET","lv/blog/canvas-wall-print","","Closure","web","routes/redirect.php","388","","","redirects","READ_REDIRECT","","SECURITY_REPLACE","SEO-003+SEO-004"
"GET","lv/blog/collage-mit-kindern-das-beste-geschenk-für-eltern-und-ihre-kinder","","Closure","web","routes/redirect.php","388","","","redirects","READ_REDIRECT","","SECURITY_REPLACE","SEO-003+SEO-004"
"GET","lv/blog/detskij-kollazh-samyj-luchshij-podarok-dlya-roditelej-i-druzej","","Closure","web","routes/redirect.php","388","","","redirects","READ_REDIRECT","","SECURITY_REPLACE","SEO-003+SEO-004"
"GET","lv/blog/digitāla-druka-un-eļļa.","","Closure","web","routes/redirect.php","388","","","redirects","READ_REDIRECT","","SECURITY_REPLACE","SEO-003+SEO-004"
"GET","lv/blog/dovanu-kortele-puiki-dovana","","Closure","web","routes/redirect.php","388","","","redirects","READ_REDIRECT","","SECURITY_REPLACE","SEO-003+SEO-004"
"GET","lv/blog/dovanu-pakuote","","Closure","web","routes/redirect.php","388","","","redirects","READ_REDIRECT","","SECURITY_REPLACE","SEO-003+SEO-004"
"GET","lv/blog/druka-uz-audekla-dāvanā","","Closure","web","routes/redirect.php","388","","","redirects","READ_REDIRECT","","SECURITY_REPLACE","SEO-003+SEO-004"
"GET","lv/blog/druzheskij-sharzh-otlichnyj-sposob-poveselit-druzej-i-znakomyh","","Closure","web","routes/redirect.php","388","","","redirects","READ_REDIRECT","","SECURITY_REPLACE","SEO-003+SEO-004"
"GET","lv/blog/eine-geschenk-karte-ist-ein-gutes-geschenk-für-einen-anlass","","Closure","web","routes/redirect.php","388","","","redirects","READ_REDIRECT","","SECURITY_REPLACE","SEO-003+SEO-004"
"GET","lv/blog/ffff","","Closure","web","routes/redirect.php","388","","","redirects","READ_REDIRECT","","SECURITY_REPLACE","SEO-003+SEO-004"
"GET","lv/blog/foto_uz_kanvas","","Closure","web","routes/redirect.php","388","","","redirects","READ_REDIRECT","","SECURITY_REPLACE","SEO-003+SEO-004"
"GET","lv/blog/fotod-fotosessioonist-õuendil","","Closure","web","routes/redirect.php","388","","","redirects","READ_REDIRECT","","SECURITY_REPLACE","SEO-003+SEO-004"
"GET","lv/blog/fotodrobės","","Closure","web","routes/redirect.php","388","","","redirects","READ_REDIRECT","","SECURITY_REPLACE","SEO-003+SEO-004"
"GET","lv/blog/fotografie-do-portretu","","Closure","web","routes/redirect.php","388","","","redirects","READ_REDIRECT","","SECURITY_REPLACE","SEO-003+SEO-004"
"GET","lv/blog/foto-kanvas","","Closure","web","routes/redirect.php","388","","","redirects","READ_REDIRECT","","SECURITY_REPLACE","SEO-003+SEO-004"
"GET","lv/blog/fotokartina-luchshij-podarok-roditelyam","","Closure","web","routes/redirect.php","388","","","redirects","READ_REDIRECT","","SECURITY_REPLACE","SEO-003+SEO-004"
"GET","lv/blog/fotolõuend","","Closure","web","routes/redirect.php","388","","","redirects","READ_REDIRECT","","SECURITY_REPLACE","SEO-003+SEO-004"
"GET","lv/blog/fotoobraz-jest-najlepszym-prezentem-dla-rodziców","","Closure","web","routes/redirect.php","388","","","redirects","READ_REDIRECT","","SECURITY_REPLACE","SEO-003+SEO-004"
"GET","lv/blog/fotoobraz-na-płótnie-w-prezencie","","Closure","web","routes/redirect.php","388","","","redirects","READ_REDIRECT","","SECURITY_REPLACE","SEO-003+SEO-004"
"GET","lv/blog/fotopaveikslas","","Closure","web","routes/redirect.php","388","","","redirects","READ_REDIRECT","","SECURITY_REPLACE","SEO-003+SEO-004"
"GET","lv/blog/fotopilt-on-parim-kingitus-vanematele","","Closure","web","routes/redirect.php","388","","","redirects","READ_REDIRECT","","SECURITY_REPLACE","SEO-003+SEO-004"
"GET","lv/blog/Fotos auf Leinwand","","Closure","web","routes/redirect.php","388","","","redirects","READ_REDIRECT","","SECURITY_REPLACE","SEO-003+SEO-004"
"GET","lv/blog/freundliche-karikatur-ist-ein-guter-weg-um-spaß-mit-freunden-und-bekannten-zu-haben","","Closure","web","routes/redirect.php","388","","","redirects","READ_REDIRECT","","SECURITY_REPLACE","SEO-003+SEO-004"
"GET","lv/blog/giclee-technology-art","","Closure","web","routes/redirect.php","388","","","redirects","READ_REDIRECT","","SECURITY_REPLACE","SEO-003+SEO-004"
"GET","lv/blog/gift-for_man","","Closure","web","routes/redirect.php","388","","","redirects","READ_REDIRECT","","SECURITY_REPLACE","SEO-003+SEO-004"
"GET","lv/blog/gift-for-mather","","Closure","web","routes/redirect.php","388","","","redirects","READ_REDIRECT","","SECURITY_REPLACE","SEO-003+SEO-004"
"GET","lv/blog/gleznas-uz-audekla-dāvanu-iesaiņojums","","Closure","web","routes/redirect.php","388","","","redirects","READ_REDIRECT","","SECURITY_REPLACE","SEO-003+SEO-004"
"GET","lv/blog/Gleznu-bagetes-ieramešana","","Closure","web","routes/redirect.php","388","","","redirects","READ_REDIRECT","","SECURITY_REPLACE","SEO-003+SEO-004"
"GET","lv/blog/graafilised-portreed-kaasaegse-maailma-kunst","","Closure","web","routes/redirect.php","388","","","redirects","READ_REDIRECT","","SECURITY_REPLACE","SEO-003+SEO-004"
"GET","lv/blog/graficheskie-portrety-iskusstvo-sovremennogo-mira","","Closure","web","routes/redirect.php","388","","","redirects","READ_REDIRECT","","SECURITY_REPLACE","SEO-003+SEO-004"
"GET","lv/blog/grafische-porträts-der-kunst-der-modernen-welt","","Closure","web","routes/redirect.php","388","","","redirects","READ_REDIRECT","","SECURITY_REPLACE","SEO-003+SEO-004"
"GET","lv/blog/Haustierporträt Aristokraten","","Closure","web","routes/redirect.php","388","","","redirects","READ_REDIRECT","","SECURITY_REPLACE","SEO-003+SEO-004"
"GET","lv/blog/ivaizdzio-portretas","","Closure","web","routes/redirect.php","388","","","redirects","READ_REDIRECT","","SECURITY_REPLACE","SEO-003+SEO-004"
"GET","lv/blog/jak-powstaje-portret-graficzny","","Closure","web","routes/redirect.php","388","","","redirects","READ_REDIRECT","","SECURITY_REPLACE","SEO-003+SEO-004"
"GET","lv/blog/kak-risuetsya-graficheskiy-portret","","Closure","web","routes/redirect.php","388","","","redirects","READ_REDIRECT","","SECURITY_REPLACE","SEO-003+SEO-004"
"GET","lv/blog/kanva","","Closure","web","routes/redirect.php","388","","","redirects","READ_REDIRECT","","SECURITY_REPLACE","SEO-003+SEO-004"
"GET","lv/blog/kanvas","","Closure","web","routes/redirect.php","388","","","redirects","READ_REDIRECT","","SECURITY_REPLACE","SEO-003+SEO-004"
"GET","lv/blog/kanvas_ pamatā _pigments_vai_šķīdinātāja_tinte_kura_ir_labāka","","Closure","web","routes/redirect.php","388","","","redirects","READ_REDIRECT","","SECURITY_REPLACE","SEO-003+SEO-004"
"GET","lv/blog/kanvas_apdruka","","Closure","web","routes/redirect.php","388","","","redirects","READ_REDIRECT","","SECURITY_REPLACE","SEO-003+SEO-004"
"GET","lv/blog/kanvas-apdruka-foto","","Closure","web","routes/redirect.php","388","","","redirects","READ_REDIRECT","","SECURITY_REPLACE","SEO-003+SEO-004"
"GET","lv/blog/kanvas-kvalitāte-foto","","Closure","web","routes/redirect.php","388","","","redirects","READ_REDIRECT","","SECURITY_REPLACE","SEO-003+SEO-004"
"GET","lv/blog/kanvas-nice-gift-for","","Closure","web","routes/redirect.php","388","","","redirects","READ_REDIRECT","","SECURITY_REPLACE","SEO-003+SEO-004"
"GET","lv/blog/karikatura-pec-pasutijuma","","Closure","web","routes/redirect.php","388","","","redirects","READ_REDIRECT","","SECURITY_REPLACE","SEO-003+SEO-004"
"GET","lv/blog/karta-podarunkowa","","Closure","web","routes/redirect.php","388","","","redirects","READ_REDIRECT","","SECURITY_REPLACE","SEO-003+SEO-004"
"GET","lv/blog/kartiny-na-osnove-pigmentnyh-ili-solventnyh-chernil-kakie-luchshe","","Closure","web","routes/redirect.php","388","","","redirects","READ_REDIRECT","","SECURITY_REPLACE","SEO-003+SEO-004"
"GET","lv/blog/kinkekaart-on-suurepärane-kingitus-igal-juhul","","Closure","web","routes/redirect.php","388","","","redirects","READ_REDIRECT","","SECURITY_REPLACE","SEO-003+SEO-004"
"GET","lv/blog/kinkepakk","","Closure","web","routes/redirect.php","388","","","redirects","READ_REDIRECT","","SECURITY_REPLACE","SEO-003+SEO-004"
"GET","lv/blog/kolaza–pati-labaka-davana","","Closure","web","routes/redirect.php","388","","","redirects","READ_REDIRECT","","SECURITY_REPLACE","SEO-003+SEO-004"
"GET","lv/blog/kolaże-z-dziećmi-najlepszy-prezent-dla-rodziców-i-ich-dzieci","","Closure","web","routes/redirect.php","388","","","redirects","READ_REDIRECT","","SECURITY_REPLACE","SEO-003+SEO-004"
"GET","lv/blog/Koliažas-ant-drobės","","Closure","web","routes/redirect.php","388","","","redirects","READ_REDIRECT","","SECURITY_REPLACE","SEO-003+SEO-004"
"GET","lv/blog/kollaaž-on-parim-kingitus-vanematele-ja-nende","","Closure","web","routes/redirect.php","388","","","redirects","READ_REDIRECT","","SECURITY_REPLACE","SEO-003+SEO-004"
"GET","lv/blog/kompozycja-z-fotoobrazów","","Closure","web","routes/redirect.php","388","","","redirects","READ_REDIRECT","","SECURITY_REPLACE","SEO-003+SEO-004"
"GET","lv/blog/kuidas-joonistatakse-graafiline-portree","","Closure","web","routes/redirect.php","388","","","redirects","READ_REDIRECT","","SECURITY_REPLACE","SEO-003+SEO-004"
"GET","lv/blog/labaka-davana-vecakiem","","Closure","web","routes/redirect.php","388","","","redirects","READ_REDIRECT","","SECURITY_REPLACE","SEO-003+SEO-004"
"GET","lv/blog/legendaarsete-maalide-reprodutseerimine-lõuendil-kvaliteetselt","","Closure","web","routes/redirect.php","388","","","redirects","READ_REDIRECT","","SECURITY_REPLACE","SEO-003+SEO-004"
"GET","lv/blog/leģendāras-gleznas-reprodukcijas","","Closure","web","routes/redirect.php","388","","","redirects","READ_REDIRECT","","SECURITY_REPLACE","SEO-003+SEO-004"
"GET","lv/blog/looge-digitaalse-printimise-ja-õli-abil-elutruud-maalid","","Closure","web","routes/redirect.php","388","","","redirects","READ_REDIRECT","","SECURITY_REPLACE","SEO-003+SEO-004"
"GET","lv/blog/lustiges-simpsons-stil-porträt-werden-einer-der-helden-des-legendären-cartoons","","Closure","web","routes/redirect.php","388","","","redirects","READ_REDIRECT","","SECURITY_REPLACE","SEO-003+SEO-004"
"GET","lv/blog/maalide-baguette-raamimine","","Closure","web","routes/redirect.php","388","","","redirects","READ_REDIRECT","","SECURITY_REPLACE","SEO-003+SEO-004"
"GET","lv/blog/maalimine-fotost-lõuendile-suurepärane-kingitus","","Closure","web","routes/redirect.php","388","","","redirects","READ_REDIRECT","","SECURITY_REPLACE","SEO-003+SEO-004"
"GET","lv/blog/mājdzīvnieka-portrets","","Closure","web","routes/redirect.php","388","","","redirects","READ_REDIRECT","","SECURITY_REPLACE","SEO-003+SEO-004"
"GET","lv/blog/man-gift","","Closure","web","routes/redirect.php","388","","","redirects","READ_REDIRECT","","SECURITY_REPLACE","SEO-003+SEO-004"
"GET","lv/blog/millised-fotod-sobivad-portree-loomiseks","","Closure","web","routes/redirect.php","388","","","redirects","READ_REDIRECT","","SECURITY_REPLACE","SEO-003+SEO-004"
"GET","lv/blog/modulare-malerei-eine-ungewöhnliche-und-interessante-einrichtungslösung","","Closure","web","routes/redirect.php","388","","","redirects","READ_REDIRECT","","SECURITY_REPLACE","SEO-003+SEO-004"
"GET","lv/blog/Moduliniai-paveikslai","","Closure","web","routes/redirect.php","388","","","redirects","READ_REDIRECT","","SECURITY_REPLACE","SEO-003+SEO-004"
"GET","lv/blog/modulnye-kartiny-neobychnoe-i-interesnoe-reshenie-dlya-interera","","Closure","web","routes/redirect.php","388","","","redirects","READ_REDIRECT","","SECURITY_REPLACE","SEO-003+SEO-004"
"GET","lv/blog/moduļu-kanvas-generators","","Closure","web","routes/redirect.php","388","","","redirects","READ_REDIRECT","","SECURITY_REPLACE","SEO-003+SEO-004"
"GET","lv/blog/moodulmaalid-ebatavaline-ja-huvitav-lahendus-interjööri-jaoks","","Closure","web","routes/redirect.php","388","","","redirects","READ_REDIRECT","","SECURITY_REPLACE","SEO-003+SEO-004"
"GET","lv/blog/naljakas-portree-stiilis-simpsonid-saage-üheks-legendaarse-animasarja-kangelaseks","","Closure","web","routes/redirect.php","388","","","redirects","READ_REDIRECT","","SECURITY_REPLACE","SEO-003+SEO-004"
"GET","lv/blog/obrazy-modułowe","","Closure","web","routes/redirect.php","388","","","redirects","READ_REDIRECT","","SECURITY_REPLACE","SEO-003+SEO-004"
"GET","lv/blog/obrazy-wykonane-farbami","","Closure","web","routes/redirect.php","388","","","redirects","READ_REDIRECT","","SECURITY_REPLACE","SEO-003+SEO-004"
"GET","lv/blog/opakowanie-prezentowe","","Closure","web","routes/redirect.php","388","","","redirects","READ_REDIRECT","","SECURITY_REPLACE","SEO-003+SEO-004"
"GET","lv/blog/painting-artists","","Closure","web","routes/redirect.php","388","","","redirects","READ_REDIRECT","","SECURITY_REPLACE","SEO-003+SEO-004"
"GET","lv/blog/Paveikslas-is-nuotraukos-ant-drobės","","Closure","web","routes/redirect.php","388","","","redirects","READ_REDIRECT","","SECURITY_REPLACE","SEO-003+SEO-004"
"GET","lv/blog/Paveikslas-iš-nuotraukos-ant-drobės","","Closure","web","routes/redirect.php","388","","","redirects","READ_REDIRECT","","SECURITY_REPLACE","SEO-003+SEO-004"
"GET","lv/blog/pet-portrait-on-canvas","","Closure","web","routes/redirect.php","388","","","redirects","READ_REDIRECT","","SECURITY_REPLACE","SEO-003+SEO-004"
"GET","lv/blog/photo-canvas-quality","","Closure","web","routes/redirect.php","388","","","redirects","READ_REDIRECT","","SECURITY_REPLACE","SEO-003+SEO-004"
"GET","lv/blog/photo-canvas-with-high-quality-printing","","Closure","web","routes/redirect.php","388","","","redirects","READ_REDIRECT","","SECURITY_REPLACE","SEO-003+SEO-004"
"GET","lv/blog/photo-recovery-canvas","","Closure","web","routes/redirect.php","388","","","redirects","READ_REDIRECT","","SECURITY_REPLACE","SEO-003+SEO-004"
"GET","lv/blog/Pigment- oder Lösemitteltinte - was ist besser","","Closure","web","routes/redirect.php","388","","","redirects","READ_REDIRECT","","SECURITY_REPLACE","SEO-003+SEO-004"
"GET","lv/blog/pigmentiniai-ar-tirpikliniai-paveikslai","","Closure","web","routes/redirect.php","388","","","redirects","READ_REDIRECT","","SECURITY_REPLACE","SEO-003+SEO-004"
"GET","lv/blog/pigment-või-lahustivärvil-põhinevad-maalid-millised-neist-on-paremad","","Closure","web","routes/redirect.php","388","","","redirects","READ_REDIRECT","","SECURITY_REPLACE","SEO-003+SEO-004"
"GET","lv/blog/Podarochnaya upakovka","","Closure","web","routes/redirect.php","388","","","redirects","READ_REDIRECT","","SECURITY_REPLACE","SEO-003+SEO-004"
"GET","lv/blog/podarochnaya-karta-velikolepnyj-prezent-na-lyuboj-sluchaj","","Closure","web","routes/redirect.php","388","","","redirects","READ_REDIRECT","","SECURITY_REPLACE","SEO-003+SEO-004"
"GET","lv/blog/Podarotschnaja-upakowka","","Closure","web","routes/redirect.php","388","","","redirects","READ_REDIRECT","","SECURITY_REPLACE","SEO-003+SEO-004"
"GET","lv/blog/portraitdrawing","","Closure","web","routes/redirect.php","388","","","redirects","READ_REDIRECT","","SECURITY_REPLACE","SEO-003+SEO-004"
"GET","lv/blog/porträt-in-der-similitude-mehr-als-nur-eine-fotomontage","","Closure","web","routes/redirect.php","388","","","redirects","READ_REDIRECT","","SECURITY_REPLACE","SEO-003+SEO-004"
"GET","lv/blog/porträt-ist-ein-teil-der-seele-auf-der-leinwand-ein-ein paar-worte-über-die-qualität-des-porträts","","Closure","web","routes/redirect.php","388","","","redirects","READ_REDIRECT","","SECURITY_REPLACE","SEO-003+SEO-004"
"GET","lv/blog/portree-on-tükk-hinge-lõuendil","","Closure","web","routes/redirect.php","388","","","redirects","READ_REDIRECT","","SECURITY_REPLACE","SEO-003+SEO-004"
"GET","lv/blog/portree-pildil-on-midagi-enamat-kui-lihtsalt-fotomontaaž","","Closure","web","routes/redirect.php","388","","","redirects","READ_REDIRECT","","SECURITY_REPLACE","SEO-003+SEO-004"
"GET","lv/blog/portree-stiilis-lemmikloomad-aristokraadid","","Closure","web","routes/redirect.php","388","","","redirects","READ_REDIRECT","","SECURITY_REPLACE","SEO-003+SEO-004"
"GET","lv/blog/portret-chastichka-dushi-na-polotne","","Closure","web","routes/redirect.php","388","","","redirects","READ_REDIRECT","","SECURITY_REPLACE","SEO-003+SEO-004"
"GET","lv/blog/portreti-pēc-fotografījas","","Closure","web","routes/redirect.php","388","","","redirects","READ_REDIRECT","","SECURITY_REPLACE","SEO-003+SEO-004"
"GET","lv/blog/portrets","","Closure","web","routes/redirect.php","388","","","redirects","READ_REDIRECT","","SECURITY_REPLACE","SEO-003+SEO-004"
"GET","lv/blog/portrets_vesturiska_kostima","","Closure","web","routes/redirect.php","388","","","redirects","READ_REDIRECT","","SECURITY_REPLACE","SEO-003+SEO-004"
"GET","lv/blog/portrets-pēc-foto – kā-dāvana","","Closure","web","routes/redirect.php","388","","","redirects","READ_REDIRECT","","SECURITY_REPLACE","SEO-003+SEO-004"
"GET","lv/blog/portrets-uz-kanvas -simpsonu-stilā","","Closure","web","routes/redirect.php","388","","","redirects","READ_REDIRECT","","SECURITY_REPLACE","SEO-003+SEO-004"
"GET","lv/blog/portret-to-fragment-duszy-na-płotnie-o-jakości-portretu","","Closure","web","routes/redirect.php","388","","","redirects","READ_REDIRECT","","SECURITY_REPLACE","SEO-003+SEO-004"
"GET","lv/blog/portret-v-obraze-nechto-bolshee-chem-prosto-fotomontazh","","Closure","web","routes/redirect.php","388","","","redirects","READ_REDIRECT","","SECURITY_REPLACE","SEO-003+SEO-004"
"GET","lv/blog/portret-w-stylu-pupila","","Closure","web","routes/redirect.php","388","","","redirects","READ_REDIRECT","","SECURITY_REPLACE","SEO-003+SEO-004"
"GET","lv/blog/portrety-artystyczne","","Closure","web","routes/redirect.php","388","","","redirects","READ_REDIRECT","","SECURITY_REPLACE","SEO-003+SEO-004"
"GET","lv/blog/portrety-graficzne-sztuka-nowoczesności.","","Closure","web","routes/redirect.php","388","","","redirects","READ_REDIRECT","","SECURITY_REPLACE","SEO-003+SEO-004"
"GET","lv/blog/portret-z-charakterem","","Closure","web","routes/redirect.php","388","","","redirects","READ_REDIRECT","","SECURITY_REPLACE","SEO-003+SEO-004"
"GET","lv/blog/quality-print-on-canvas","","Closure","web","routes/redirect.php","388","","","redirects","READ_REDIRECT","","SECURITY_REPLACE","SEO-003+SEO-004"
"GET","lv/blog/ramki-do-obrazów","","Closure","web","routes/redirect.php","388","","","redirects","READ_REDIRECT","","SECURITY_REPLACE","SEO-003+SEO-004"
"GET","lv/blog/Realistische-Bilder-erstellen-mit-Digitaldruck-und-Öl","","Closure","web","routes/redirect.php","388","","","redirects","READ_REDIRECT","","SECURITY_REPLACE","SEO-003+SEO-004"
"GET","lv/blog/reprodukciya-legendarnyh-kartin-na-holste-v-vysokom-kachestve","","Closure","web","routes/redirect.php","388","","","redirects","READ_REDIRECT","","SECURITY_REPLACE","SEO-003+SEO-004"
"GET","lv/blog/reprodukcja-legendarnych-obrazów","","Closure","web","routes/redirect.php","388","","","redirects","READ_REDIRECT","","SECURITY_REPLACE","SEO-003+SEO-004"
"GET","lv/blog/Reproduktion-der-Legendenmalerei-auf-Leinwand-in-hochwertiger-Qualität","","Closure","web","routes/redirect.php","388","","","redirects","READ_REDIRECT","","SECURITY_REPLACE","SEO-003+SEO-004"
"GET","lv/blog/sarzas-karikaturas","","Closure","web","routes/redirect.php","388","","","redirects","READ_REDIRECT","","SECURITY_REPLACE","SEO-003+SEO-004"
"GET","lv/blog/sarzas-karykatura","","Closure","web","routes/redirect.php","388","","","redirects","READ_REDIRECT","","SECURITY_REPLACE","SEO-003+SEO-004"
"GET","lv/blog/simpsonu-stiliaus-portretas","","Closure","web","routes/redirect.php","388","","","redirects","READ_REDIRECT","","SECURITY_REPLACE","SEO-003+SEO-004"
"GET","lv/blog/sõbralik-koomiks-on-suurepärane-viis-sõprade-ja-tuttavate-lõbustamiseks","","Closure","web","routes/redirect.php","388","","","redirects","READ_REDIRECT","","SECURITY_REPLACE","SEO-003+SEO-004"
"GET","lv/blog/sozdanie-realistichnyh-kartin-pri-pomoshchi-cifrovoj-pechati-i-masla","","Closure","web","routes/redirect.php","388","","","redirects","READ_REDIRECT","","SECURITY_REPLACE","SEO-003+SEO-004"
"GET","lv/blog/tworzenie-realistycznych-obrazów-za-pomocą-wydruków-cyfrowych-i-olejów","","Closure","web","routes/redirect.php","388","","","redirects","READ_REDIRECT","","SECURITY_REPLACE","SEO-003+SEO-004"
"GET","lv/blog/wspólna-karykatura-to-świetny-sposób-na-przyjemną-zabawę-z-przyjaciółmi-i-znajomymi","","Closure","web","routes/redirect.php","388","","","redirects","READ_REDIRECT","","SECURITY_REPLACE","SEO-003+SEO-004"
"GET","lv/blog/zabavnyj-portret-v-stile-simpsony-stan-odnim-iz-geroev-legendarnogo-multseriala","","Closure","web","routes/redirect.php","388","","","redirects","READ_REDIRECT","","SECURITY_REPLACE","SEO-003+SEO-004"
"GET","lv/blog/zabawny-portret-w-stylu","","Closure","web","routes/redirect.php","388","","","redirects","READ_REDIRECT","","SECURITY_REPLACE","SEO-003+SEO-004"
"GET","lv/blog/zdjęcia-na-płótnie","","Closure","web","routes/redirect.php","388","","","redirects","READ_REDIRECT","","SECURITY_REPLACE","SEO-003+SEO-004"
"GET","lv/canvas","","Closure","web","routes/redirect.php","388","","","redirects","READ_REDIRECT","","SECURITY_REPLACE","SEO-003+SEO-004"
"GET","lv/gallery/oil-pictures","","Closure","web","routes/redirect.php","388","","","redirects","READ_REDIRECT","","SECURITY_REPLACE","SEO-003+SEO-004"
"GET","lv/graphic-portrait/classic-portrait","","Closure","web","routes/redirect.php","388","","","redirects","READ_REDIRECT","","SECURITY_REPLACE","SEO-003+SEO-004"
"GET","lv/graphic-portrait/classic-portrait/buy","","Closure","web","routes/redirect.php","388","","","redirects","READ_REDIRECT","","SECURITY_REPLACE","SEO-003+SEO-004"
"GET","lv/graphic-portrait/color-and-black-and-white-photos","","Closure","web","routes/redirect.php","388","","","redirects","READ_REDIRECT","","SECURITY_REPLACE","SEO-003+SEO-004"
"GET","lv/graphic-portrait/customs-royal-portraits","","Closure","web","routes/redirect.php","388","","","redirects","READ_REDIRECT","","SECURITY_REPLACE","SEO-003+SEO-004"
"GET","lv/graphic-portrait/Doppelbelichtung-Portrait","","Closure","web","routes/redirect.php","388","","","redirects","READ_REDIRECT","","SECURITY_REPLACE","SEO-003+SEO-004"
"GET","lv/graphic-portrait/double-exposition-portrait","","Closure","web","routes/redirect.php","388","","","redirects","READ_REDIRECT","","SECURITY_REPLACE","SEO-003+SEO-004"
"GET","lv/graphic-portrait/dream-art-portrait","","Closure","web","routes/redirect.php","388","","","redirects","READ_REDIRECT","","SECURITY_REPLACE","SEO-003+SEO-004"
"GET","lv/graphic-portrait/Farb- und Schwarz-Weiß-Fotos","","Closure","web","routes/redirect.php","388","","","redirects","READ_REDIRECT","","SECURITY_REPLACE","SEO-003+SEO-004"
"GET","lv/graphic-portrait/foto-korekcja","","Closure","web","routes/redirect.php","388","","","redirects","READ_REDIRECT","","SECURITY_REPLACE","SEO-003+SEO-004"
"GET","lv/graphic-portrait/Fotokorrektur","","Closure","web","routes/redirect.php","388","","","redirects","READ_REDIRECT","","SECURITY_REPLACE","SEO-003+SEO-004"
"GET","lv/graphic-portrait/Fotowiederherstellung","","Closure","web","routes/redirect.php","388","","","redirects","READ_REDIRECT","","SECURITY_REPLACE","SEO-003+SEO-004"
"GET","lv/graphic-portrait/Grafik-Porträt","","Closure","web","routes/redirect.php","388","","","redirects","READ_REDIRECT","","SECURITY_REPLACE","SEO-003+SEO-004"
"GET","lv/graphic-portrait/graphic-portrait","","Closure","web","routes/redirect.php","388","","","redirects","READ_REDIRECT","","SECURITY_REPLACE","SEO-003+SEO-004"
"GET","lv/graphic-portrait/graphic-portrait/buy","","Closure","web","routes/redirect.php","388","","","redirects","READ_REDIRECT","","SECURITY_REPLACE","SEO-003+SEO-004"
"GET","lv/graphic-portrait/karikatur-porträt","","Closure","web","routes/redirect.php","388","","","redirects","READ_REDIRECT","","SECURITY_REPLACE","SEO-003+SEO-004"
"GET","lv/graphic-portrait/kolorowe-czarno-białe-zdjęcie","","Closure","web","routes/redirect.php","388","","","redirects","READ_REDIRECT","","SECURITY_REPLACE","SEO-003+SEO-004"
"GET","lv/graphic-portrait/Liebe ist Porträt","","Closure","web","routes/redirect.php","388","","","redirects","READ_REDIRECT","","SECURITY_REPLACE","SEO-003+SEO-004"
"GET","lv/graphic-portrait/love-isportrait","","Closure","web","routes/redirect.php","388","","","redirects","READ_REDIRECT","","SECURITY_REPLACE","SEO-003+SEO-004"
"GET","lv/graphic-portrait/love-is-portrait","","Closure","web","routes/redirect.php","388","","","redirects","READ_REDIRECT","","SECURITY_REPLACE","SEO-003+SEO-004"
"GET","lv/graphic-portrait/Low Poly Portrait","","Closure","web","routes/redirect.php","388","","","redirects","READ_REDIRECT","","SECURITY_REPLACE","SEO-003+SEO-004"
"GET","lv/graphic-portrait/low-poly-portrait","","Closure","web","routes/redirect.php","388","","","redirects","READ_REDIRECT","","SECURITY_REPLACE","SEO-003+SEO-004"
"GET","lv/graphic-portrait/low-poly-portret","","Closure","web","routes/redirect.php","388","","","redirects","READ_REDIRECT","","SECURITY_REPLACE","SEO-003+SEO-004"
"GET","lv/graphic-portrait/modulnaya-kartina-pavliny","","Closure","web","routes/redirect.php","388","","","redirects","READ_REDIRECT","","SECURITY_REPLACE","SEO-003+SEO-004"
"GET","lv/graphic-portrait/murciano-portrait","","Closure","web","routes/redirect.php","388","","","redirects","READ_REDIRECT","","SECURITY_REPLACE","SEO-003+SEO-004"
"GET","lv/graphic-portrait/murkisches Porträt","","Closure","web","routes/redirect.php","388","","","redirects","READ_REDIRECT","","SECURITY_REPLACE","SEO-003+SEO-004"
"GET","lv/graphic-portrait/odnawianie-zdjęć","","Closure","web","routes/redirect.php","388","","","redirects","READ_REDIRECT","","SECURITY_REPLACE","SEO-003+SEO-004"
"GET","lv/graphic-portrait/photo-correction","","Closure","web","routes/redirect.php","388","","","redirects","READ_REDIRECT","","SECURITY_REPLACE","SEO-003+SEO-004"
"GET","lv/graphic-portrait/photo-recovery","","Closure","web","routes/redirect.php","388","","","redirects","READ_REDIRECT","","SECURITY_REPLACE","SEO-003+SEO-004"
"GET","lv/graphic-portrait/pop-art-portrait","","Closure","web","routes/redirect.php","388","","","redirects","READ_REDIRECT","","SECURITY_REPLACE","SEO-003+SEO-004"
"GET","lv/graphic-portrait/pop-art-portrait/buy","","Closure","web","routes/redirect.php","388","","","redirects","READ_REDIRECT","","SECURITY_REPLACE","SEO-003+SEO-004"
"GET","lv/graphic-portrait/portrait-beauty-art","","Closure","web","routes/redirect.php","388","","","redirects","READ_REDIRECT","","SECURITY_REPLACE","SEO-003+SEO-004"
"GET","lv/graphic-portrait/portrait-beauty-art/buy","","Closure","web","routes/redirect.php","388","","","redirects","READ_REDIRECT","","SECURITY_REPLACE","SEO-003+SEO-004"
"GET","lv/graphic-portrait/portrait-caricature","","Closure","web","routes/redirect.php","388","","","redirects","READ_REDIRECT","","SECURITY_REPLACE","SEO-003+SEO-004"
"GET","lv/graphic-portrait/portrait-caricature/buy","","Closure","web","routes/redirect.php","388","","","redirects","READ_REDIRECT","","SECURITY_REPLACE","SEO-003+SEO-004"
"GET","lv/graphic-portrait/portrait-colorization","","Closure","web","routes/redirect.php","388","","","redirects","READ_REDIRECT","","SECURITY_REPLACE","SEO-003+SEO-004"
"GET","lv/graphic-portrait/portrait-compliment","","Closure","web","routes/redirect.php","388","","","redirects","READ_REDIRECT","","SECURITY_REPLACE","SEO-003+SEO-004"
"GET","lv/graphic-portrait/portrait-double-exposure","","Closure","web","routes/redirect.php","388","","","redirects","READ_REDIRECT","","SECURITY_REPLACE","SEO-003+SEO-004"
"GET","lv/graphic-portrait/portrait-dream-art","","Closure","web","routes/redirect.php","388","","","redirects","READ_REDIRECT","","SECURITY_REPLACE","SEO-003+SEO-004"
"GET","lv/graphic-portrait/portrait-dream-art/buy","","Closure","web","routes/redirect.php","388","","","redirects","READ_REDIRECT","","SECURITY_REPLACE","SEO-003+SEO-004"
"GET","lv/graphic-portrait/portrait-in-image","","Closure","web","routes/redirect.php","388","","","redirects","READ_REDIRECT","","SECURITY_REPLACE","SEO-003+SEO-004"
"GET","lv/graphic-portrait/portrait-in-the-image","","Closure","web","routes/redirect.php","388","","","redirects","READ_REDIRECT","","SECURITY_REPLACE","SEO-003+SEO-004"
"GET","lv/graphic-portrait/portrait-made-from-words","","Closure","web","routes/redirect.php","388","","","redirects","READ_REDIRECT","","SECURITY_REPLACE","SEO-003+SEO-004"
"GET","lv/graphic-portrait/portrait-of-love-is","","Closure","web","routes/redirect.php","388","","","redirects","READ_REDIRECT","","SECURITY_REPLACE","SEO-003+SEO-004"
"GET","lv/graphic-portrait/portrait-of-murciano","","Closure","web","routes/redirect.php","388","","","redirects","READ_REDIRECT","","SECURITY_REPLACE","SEO-003+SEO-004"
"GET","lv/graphic-portrait/portrait-pop-art","","Closure","web","routes/redirect.php","388","","","redirects","READ_REDIRECT","","SECURITY_REPLACE","SEO-003+SEO-004"
"GET","lv/graphic-portrait/portrait-retouch","","Closure","web","routes/redirect.php","388","","","redirects","READ_REDIRECT","","SECURITY_REPLACE","SEO-003+SEO-004"
"GET","lv/graphic-portrait/portrait-spancaricaturespan","","Closure","web","routes/redirect.php","388","","","redirects","READ_REDIRECT","","SECURITY_REPLACE","SEO-003+SEO-004"
"GET","lv/graphic-portrait/portrait-spanclassicspan","","Closure","web","routes/redirect.php","388","","","redirects","READ_REDIRECT","","SECURITY_REPLACE","SEO-003+SEO-004"
"GET","lv/graphic-portrait/Porträt-aus-Wörtern","","Closure","web","routes/redirect.php","388","","","redirects","READ_REDIRECT","","SECURITY_REPLACE","SEO-003+SEO-004"
"GET","lv/graphic-portrait/portret-beauty-art","","Closure","web","routes/redirect.php","388","","","redirects","READ_REDIRECT","","SECURITY_REPLACE","SEO-003+SEO-004"
"GET","lv/graphic-portrait/portret-karykatura","","Closure","web","routes/redirect.php","388","","","redirects","READ_REDIRECT","","SECURITY_REPLACE","SEO-003+SEO-004"
"GET","lv/graphic-portrait/portret-murchiano","","Closure","web","routes/redirect.php","388","","","redirects","READ_REDIRECT","","SECURITY_REPLACE","SEO-003+SEO-004"
"GET","lv/graphic-portrait/portret-pop-art","","Closure","web","routes/redirect.php","388","","","redirects","READ_REDIRECT","","SECURITY_REPLACE","SEO-003+SEO-004"
"GET","lv/graphic-portrait/portret-stylizowany","","Closure","web","routes/redirect.php","388","","","redirects","READ_REDIRECT","","SECURITY_REPLACE","SEO-003+SEO-004"
"GET","lv/graphic-portrait/Portret-w-stylu-Love-is","","Closure","web","routes/redirect.php","388","","","redirects","READ_REDIRECT","","SECURITY_REPLACE","SEO-003+SEO-004"
"GET","lv/graphic-portrait/portret-ze-słów","","Closure","web","routes/redirect.php","388","","","redirects","READ_REDIRECT","","SECURITY_REPLACE","SEO-003+SEO-004"
"GET","lv/graphic-portrait/portret-z-podwójną-ekspozycją","","Closure","web","routes/redirect.php","388","","","redirects","READ_REDIRECT","","SECURITY_REPLACE","SEO-003+SEO-004"
"GET","lv/graphic-portrait/simpsons-portrait","","Closure","web","routes/redirect.php","388","","","redirects","READ_REDIRECT","","SECURITY_REPLACE","SEO-003+SEO-004"
"GET","lv/graphic-portrait/spanartspan-portraits","","Closure","web","routes/redirect.php","388","","","redirects","READ_REDIRECT","","SECURITY_REPLACE","SEO-003+SEO-004"
"GET","lv/graphic-portrait/spanpaintingsspan","","Closure","web","routes/redirect.php","388","","","redirects","READ_REDIRECT","","SECURITY_REPLACE","SEO-003+SEO-004"
"GET","lv/graphic-portrait/spanpetspanportrait","","Closure","web","routes/redirect.php","388","","","redirects","READ_REDIRECT","","SECURITY_REPLACE","SEO-003+SEO-004"
"GET","lv/graphic-portrait/vintage-portrait","","Closure","web","routes/redirect.php","388","","","redirects","READ_REDIRECT","","SECURITY_REPLACE","SEO-003+SEO-004"
"GET","lv/modular-pictures","","Closure","web","routes/redirect.php","388","","","redirects","READ_REDIRECT","","SECURITY_REPLACE","SEO-003+SEO-004"
"GET","lv/new/caricature/athlete_caricatures","","Closure","web","routes/redirect.php","388","","","redirects","READ_REDIRECT","","SECURITY_REPLACE","SEO-003+SEO-004"
"GET","lv/new/caricature/black_and_white_caricatures","","Closure","web","routes/redirect.php","388","","","redirects","READ_REDIRECT","","SECURITY_REPLACE","SEO-003+SEO-004"
"GET","lv/new/caricature/caricature_for_birthday","","Closure","web","routes/redirect.php","388","","","redirects","READ_REDIRECT","","SECURITY_REPLACE","SEO-003+SEO-004"
"GET","lv/new/caricature/family_caricature","","Closure","web","routes/redirect.php","388","","","redirects","READ_REDIRECT","","SECURITY_REPLACE","SEO-003+SEO-004"
"GET","lv/new/caricature/group_caricatures","","Closure","web","routes/redirect.php","388","","","redirects","READ_REDIRECT","","SECURITY_REPLACE","SEO-003+SEO-004"
"GET","lv/new/caricature/portrait-in-image","","Closure","web","routes/redirect.php","388","","","redirects","READ_REDIRECT","","SECURITY_REPLACE","SEO-003+SEO-004"
"GET","lv/new/caricature/portrait-in-the-image","","Closure","web","routes/redirect.php","388","","","redirects","READ_REDIRECT","","SECURITY_REPLACE","SEO-003+SEO-004"
"GET","lv/new/caricature/portret-stylizowany","","Closure","web","routes/redirect.php","388","","","redirects","READ_REDIRECT","","SECURITY_REPLACE","SEO-003+SEO-004"
"GET","lv/new/caricature/spancaricaturespan-for-birthday","","Closure","web","routes/redirect.php","388","","","redirects","READ_REDIRECT","","SECURITY_REPLACE","SEO-003+SEO-004"
"GET","lv/new/caricature/wedding_caricature","","Closure","web","routes/redirect.php","388","","","redirects","READ_REDIRECT","","SECURITY_REPLACE","SEO-003+SEO-004"
"GET","lv/new/caricature/сaricature_for_сolleagues","","Closure","web","routes/redirect.php","388","","","redirects","READ_REDIRECT","","SECURITY_REPLACE","SEO-003+SEO-004"
"GET","lv/new/graphic-portrait/-988","","Closure","web","routes/redirect.php","388","","","redirects","READ_REDIRECT","","SECURITY_REPLACE","SEO-003+SEO-004"
"GET","lv/new/graphic-portrait/classic-portrait","","Closure","web","routes/redirect.php","388","","","redirects","READ_REDIRECT","","SECURITY_REPLACE","SEO-003+SEO-004"
"GET","lv/new/graphic-portrait/customs-royal-portraits","","Closure","web","routes/redirect.php","388","","","redirects","READ_REDIRECT","","SECURITY_REPLACE","SEO-003+SEO-004"
"GET","lv/new/graphic-portrait/Grafik-Porträt","","Closure","web","routes/redirect.php","388","","","redirects","READ_REDIRECT","","SECURITY_REPLACE","SEO-003+SEO-004"
"GET","lv/new/graphic-portrait/karikatur-porträt","","Closure","web","routes/redirect.php","388","","","redirects","READ_REDIRECT","","SECURITY_REPLACE","SEO-003+SEO-004"
"GET","lv/new/graphic-portrait/klasisks-portrets","","Closure","web","routes/redirect.php","388","","","redirects","READ_REDIRECT","","SECURITY_REPLACE","SEO-003+SEO-004"
"GET","lv/new/graphic-portrait/portrait-beauty-art/buy","","Closure","web","routes/redirect.php","388","","","redirects","READ_REDIRECT","","SECURITY_REPLACE","SEO-003+SEO-004"
"GET","lv/new/graphic-portrait/portrait-caricature","","Closure","web","routes/redirect.php","388","","","redirects","READ_REDIRECT","","SECURITY_REPLACE","SEO-003+SEO-004"
"GET","lv/new/graphic-portrait/portrait-Dream-Art","","Closure","web","routes/redirect.php","388","","","redirects","READ_REDIRECT","","SECURITY_REPLACE","SEO-003+SEO-004"
"GET","lv/new/graphic-portrait/portrait-dream-art/buy","","Closure","web","routes/redirect.php","388","","","redirects","READ_REDIRECT","","SECURITY_REPLACE","SEO-003+SEO-004"
"GET","lv/new/graphic-portrait/portrait-pop-art","","Closure","web","routes/redirect.php","388","","","redirects","READ_REDIRECT","","SECURITY_REPLACE","SEO-003+SEO-004"
"GET","lv/new/graphic-portrait/portrait-spancaricaturespan","","Closure","web","routes/redirect.php","388","","","redirects","READ_REDIRECT","","SECURITY_REPLACE","SEO-003+SEO-004"
"GET","lv/new/graphic-portrait/portrait-spanclassicspan","","Closure","web","routes/redirect.php","388","","","redirects","READ_REDIRECT","","SECURITY_REPLACE","SEO-003+SEO-004"
"GET","lv/new/graphic-portrait/portret-beauty-art","","Closure","web","routes/redirect.php","388","","","redirects","READ_REDIRECT","","SECURITY_REPLACE","SEO-003+SEO-004"
"GET","lv/new/graphic-portrait/portret-dream-art","","Closure","web","routes/redirect.php","388","","","redirects","READ_REDIRECT","","SECURITY_REPLACE","SEO-003+SEO-004"
"GET","lv/new/graphic-portrait/portret-graficzny","","Closure","web","routes/redirect.php","388","","","redirects","READ_REDIRECT","","SECURITY_REPLACE","SEO-003+SEO-004"
"GET","lv/new/graphic-portrait/portret-karykatura","","Closure","web","routes/redirect.php","388","","","redirects","READ_REDIRECT","","SECURITY_REPLACE","SEO-003+SEO-004"
"GET","lv/new/graphic-portrait/simposons-custums","","Closure","web","routes/redirect.php","388","","","redirects","READ_REDIRECT","","SECURITY_REPLACE","SEO-003+SEO-004"
"GET","lv/new/graphic-portrait/simpsons-portrait","","Closure","web","routes/redirect.php","388","","","redirects","READ_REDIRECT","","SECURITY_REPLACE","SEO-003+SEO-004"
"GET","lv/new/graphic-portrait/spanartspan-portraits","","Closure","web","routes/redirect.php","388","","","redirects","READ_REDIRECT","","SECURITY_REPLACE","SEO-003+SEO-004"
"GET","lv/new/graphic-portrait/spanbeauty-art-span-portree","","Closure","web","routes/redirect.php","388","","","redirects","READ_REDIRECT","","SECURITY_REPLACE","SEO-003+SEO-004"
"GET","lv/new/graphic-portrait/spanpaintingsspan","","Closure","web","routes/redirect.php","388","","","redirects","READ_REDIRECT","","SECURITY_REPLACE","SEO-003+SEO-004"
"GET","lv/new/graphic-portrait/spanpetspanportrait","","Closure","web","routes/redirect.php","388","","","redirects","READ_REDIRECT","","SECURITY_REPLACE","SEO-003+SEO-004"
"GET","lv/new/graphic-portrait/süßes Kunstportrait","","Closure","web","routes/redirect.php","388","","","redirects","READ_REDIRECT","","SECURITY_REPLACE","SEO-003+SEO-004"
"GET","lv/new/graphic-portrait/traum-kunst-porträt","","Closure","web","routes/redirect.php","388","","","redirects","READ_REDIRECT","","SECURITY_REPLACE","SEO-003+SEO-004"
"GET","lv/oil-portrait","","Closure","web","routes/redirect.php","388","","","redirects","READ_REDIRECT","","SECURITY_REPLACE","SEO-003+SEO-004"
"GET","lv/page/faq","","Closure","web","routes/redirect.php","388","","","redirects","READ_REDIRECT","","SECURITY_REPLACE","SEO-003+SEO-004"
"GET","lv/photo","","Closure","web","routes/redirect.php","388","","","redirects","READ_REDIRECT","","SECURITY_REPLACE","SEO-003+SEO-004"
"GET","lv-google-ads.xml","google.ads.lv","App\Http\Controllers\AdvertisingController@google_lv","web|resetPlLocale|localize|localeSessionRedirect|localizationRedirect|lastModified","app/Http/Controllers/AdvertisingController.php","92","","DB","public content pages","READ_DB","","MISSING_TARGET","APP-005B-PAGES-01"
"GET","mail/1","","Closure","web|resetPlLocale|localize|localeSessionRedirect|localizationRedirect|lastModified","routes/web.php","149","mail_new.1.1|mail_new.1.2|mail_new.1.3|mail_new.1.4|mail_new.1.5|mail_new.1.6|mail_new.1.7","EXTERNAL","mail previews","READ_PRIVATE_DATA","","SECURITY_REPLACE","SEC-010"
"GET","mail/2","","Closure","web|resetPlLocale|localize|localeSessionRedirect|localizationRedirect|lastModified","routes/web.php","153","mail_new.1.2|mail_new.1.3|mail_new.1.4|mail_new.1.5|mail_new.1.6|mail_new.1.7","EXTERNAL","mail previews","READ_PRIVATE_DATA","","SECURITY_REPLACE","SEC-010"
"GET","mail/3","","Closure","web|resetPlLocale|localize|localeSessionRedirect|localizationRedirect|lastModified","routes/web.php","157","mail_new.1.3|mail_new.1.4|mail_new.1.5|mail_new.1.6|mail_new.1.7","EXTERNAL","mail previews","READ_PRIVATE_DATA","","SECURITY_REPLACE","SEC-010"
"GET","mail/4","","Closure","web|resetPlLocale|localize|localeSessionRedirect|localizationRedirect|lastModified","routes/web.php","161","mail_new.1.4|mail_new.1.5|mail_new.1.6|mail_new.1.7","EXTERNAL","mail previews","READ_PRIVATE_DATA","","SECURITY_REPLACE","SEC-010"
"GET","mail/5","","Closure","web|resetPlLocale|localize|localeSessionRedirect|localizationRedirect|lastModified","routes/web.php","165","mail_new.1.5|mail_new.1.6|mail_new.1.7","EXTERNAL","mail previews","READ_PRIVATE_DATA","","SECURITY_REPLACE","SEC-010"
"GET","mail/6","","Closure","web|resetPlLocale|localize|localeSessionRedirect|localizationRedirect|lastModified","routes/web.php","169","mail_new.1.6|mail_new.1.7","EXTERNAL","mail previews","READ_PRIVATE_DATA","","SECURITY_REPLACE","SEC-010"
"GET","mail/7","","Closure","web|resetPlLocale|localize|localeSessionRedirect|localizationRedirect|lastModified","routes/web.php","173","mail_new.1.7","EXTERNAL","mail previews","READ_PRIVATE_DATA","","SECURITY_REPLACE","SEC-010"
"GET","mail/abandoned_cart","","App\Http\Controllers\MailController@abandoned_cart","web|resetPlLocale|localize|localeSessionRedirect|localizationRedirect|lastModified","app/Http/Controllers/MailController.php","76","","","mail preview and recovery","READ_OR_DB_MAIL_WRITE","","SECURITY_REPLACE","SEC-010+MAIL-001"
"GET","mail/abandoned_cart24","","App\Http\Controllers\MailController@abandoned_cart24","web|resetPlLocale|localize|localeSessionRedirect|localizationRedirect|lastModified","app/Http/Controllers/MailController.php","46","","FILE","mail preview and recovery","READ_OR_DB_MAIL_WRITE","","SECURITY_REPLACE","SEC-010+MAIL-001"
"GET","mail/gift_cart","","App\Http\Controllers\MailController@gift_cart","web|resetPlLocale|localize|localeSessionRedirect|localizationRedirect|lastModified","app/Http/Controllers/MailController.php","112","","DB|MAIL","mail preview and recovery","READ_OR_DB_MAIL_WRITE","","SECURITY_REPLACE","SEC-010+MAIL-001"
"GET","mail/order","","App\Http\Controllers\MailController@order","web|resetPlLocale|localize|localeSessionRedirect|localizationRedirect|lastModified","app/Http/Controllers/MailController.php","98","","DB","mail preview and recovery","READ_OR_DB_MAIL_WRITE","","SECURITY_REPLACE","SEC-010+MAIL-001"
"GET","mail/test","","App\Http\Controllers\MailController@index","web|resetPlLocale|localize|localeSessionRedirect|localizationRedirect|lastModified","app/Http/Controllers/MailController.php","17","","FILE","mail preview and recovery","READ_OR_DB_MAIL_WRITE","","SECURITY_REPLACE","SEC-010+MAIL-001"
"GET","modular-generator","modular-generator","App\Http\Controllers\Pages\ModulegeneratorController@index","web|resetPlLocale|localize|localeSessionRedirect|localizationRedirect|lastModified","app/Http/Controllers/Pages/ModulegeneratorController.php","29","modular-pictures","DB","product generators","READ_DB_SESSION","","MISSING_TARGET","CAT-002"
"GET","modular-pictures","","Closure","web","routes/redirect.php","380","","","redirects","READ_REDIRECT","","SECURITY_REPLACE","SEO-003+SEO-004"
"GET","new/account","new_account.index","App\Http\Controllers\Account\AccountController@index","web|resetPlLocale|localize|localeSessionRedirect|localizationRedirect|lastModified|auth","app/Http/Controllers/Account/AccountController.php","49","","DB","account and profile","READ_OR_WRITE_DB","","MISSING_TARGET","AUTH-001+SEC-009"
"POST","new/admin_message_read","new_admin_message_read","App\Http\Controllers\Account\AccountController@admin_message_read","web|resetPlLocale|localize|localeSessionRedirect|localizationRedirect|lastModified|auth","app/Http/Controllers/Account/AccountController.php","1367","","DB","account chat and artwork","WRITE_DB_OR_FILE","","MISSING_TARGET","CHAT-001+CHAT-002+APP-001"
"POST","new/admin_to_client_message_read","admin_to_client_message_read","App\Http\Controllers\Account\AccountController@admin_to_client_message_read","web|resetPlLocale|localize|localeSessionRedirect|localizationRedirect|lastModified|auth","app/Http/Controllers/Account/AccountController.php","1357","","DB","account chat and artwork","WRITE_DB_OR_FILE","","MISSING_TARGET","CHAT-001+CHAT-002+APP-001"
"POST","new/ajax_change_information","new_account.ajax_change_information","App\Http\Controllers\Account\AccountController@ajax_change_information","web|resetPlLocale|localize|localeSessionRedirect|localizationRedirect|lastModified|auth","app/Http/Controllers/Account/AccountController.php","1381","","DB","account and profile","READ_OR_WRITE_DB","","MISSING_TARGET","AUTH-001+SEC-009"
"GET","new/canvas","canvas","App\Http\Controllers\PortraitPageController@hbcanvas","web|resetPlLocale|localize|localeSessionRedirect|localizationRedirect|lastModified","app/Http/Controllers/PortraitPageController.php","245","","DB","product generators","READ_DB_SESSION","","MISSING_TARGET","CAT-002"
"GET","new/caricature","caricature","App\Http\Controllers\Pages\SharjController@index","web|resetPlLocale|localize|localeSessionRedirect|localizationRedirect|lastModified","app/Http/Controllers/Pages/SharjController.php","46","","DB","product generators","READ_DB_SESSION","","MISSING_TARGET","CAT-002"
"GET","new/caricature/{pageslug}","sub_caricature","App\Http\Controllers\Pages\SharjController@index","web|resetPlLocale|localize|localeSessionRedirect|localizationRedirect|lastModified","app/Http/Controllers/Pages/SharjController.php","46","","DB","product generators","READ_DB_SESSION","","MISSING_TARGET","CAT-002"
"GET","new/caricature/athlete_caricatures","","Closure","web","routes/redirect.php","380","","","redirects","READ_REDIRECT","","SECURITY_REPLACE","SEO-003+SEO-004"
"GET","new/caricature/black_and_white_caricatures","","Closure","web","routes/redirect.php","380","","","redirects","READ_REDIRECT","","SECURITY_REPLACE","SEO-003+SEO-004"
"GET","new/caricature/caricature_for_birthday","","Closure","web","routes/redirect.php","380","","","redirects","READ_REDIRECT","","SECURITY_REPLACE","SEO-003+SEO-004"
"GET","new/caricature/family_caricature","","Closure","web","routes/redirect.php","380","","","redirects","READ_REDIRECT","","SECURITY_REPLACE","SEO-003+SEO-004"
"GET","new/caricature/group_caricatures","","Closure","web","routes/redirect.php","380","","","redirects","READ_REDIRECT","","SECURITY_REPLACE","SEO-003+SEO-004"
"GET","new/caricature/portrait-in-image","","Closure","web","routes/redirect.php","380","","","redirects","READ_REDIRECT","","SECURITY_REPLACE","SEO-003+SEO-004"
"GET","new/caricature/portrait-in-the-image","","Closure","web","routes/redirect.php","380","","","redirects","READ_REDIRECT","","SECURITY_REPLACE","SEO-003+SEO-004"
"GET","new/caricature/portret-stylizowany","","Closure","web","routes/redirect.php","380","","","redirects","READ_REDIRECT","","SECURITY_REPLACE","SEO-003+SEO-004"
"GET","new/caricature/spancaricaturespan-for-birthday","","Closure","web","routes/redirect.php","380","","","redirects","READ_REDIRECT","","SECURITY_REPLACE","SEO-003+SEO-004"
"GET","new/caricature/wedding_caricature","","Closure","web","routes/redirect.php","380","","","redirects","READ_REDIRECT","","SECURITY_REPLACE","SEO-003+SEO-004"
"GET","new/caricature/сaricature_for_сolleagues","","Closure","web","routes/redirect.php","380","","","redirects","READ_REDIRECT","","SECURITY_REPLACE","SEO-003+SEO-004"
"POST","new/changeOrderPainterImageStatus","changeOrderPainterImageStatus","App\Http\Controllers\Account\AccountController@changeOrderPainterImageStatus","web|resetPlLocale|localize|localeSessionRedirect|localizationRedirect|lastModified|auth","app/Http/Controllers/Account/AccountController.php","664","","DB","account chat and artwork","WRITE_DB_OR_FILE","","MISSING_TARGET","CHAT-001+CHAT-002+APP-001"
"GET","new/gallery","hb.gallery.index","App\Http\Controllers\GalleryController@hb_render","web|resetPlLocale|localize|localeSessionRedirect|localizationRedirect|lastModified","app/Http/Controllers/GalleryController.php","72","","","catalogue and gallery","READ_DB","","MISSING_TARGET","CAT-001"
"GET","new/gallery/{type}","hb.gallery.module","App\Http\Controllers\GalleryController@hb_type_render","web|resetPlLocale|localize|localeSessionRedirect|localizationRedirect|lastModified","app/Http/Controllers/GalleryController.php","327","","DB","catalogue and gallery","READ_DB","","MISSING_TARGET","CAT-001"
"GET","new/gallery/{type}/{category}","hb.gallery.category","App\Http\Controllers\GalleryController@hb_type_render","web|resetPlLocale|localize|localeSessionRedirect|localizationRedirect|lastModified","app/Http/Controllers/GalleryController.php","327","","DB","catalogue and gallery","READ_DB","","MISSING_TARGET","CAT-001"
"GET","new/gift-card","gift_card_new","App\Http\Controllers\PageController@render_gift_new","web|resetPlLocale|localize|localeSessionRedirect|localizationRedirect|lastModified","app/Http/Controllers/PageController.php","110","gift_card.gift_card","","public content pages","READ_DB","","MISSING_TARGET","APP-005B-PAGES-01"
"GET","new/graphic-portrait/{slug}","graphic_portrait.new_page","App\Http\Controllers\PortraitPageController@hbindex","web|resetPlLocale|localize|localeSessionRedirect|localizationRedirect|lastModified","app/Http/Controllers/PortraitPageController.php","95","canvas_new","DB|REDIRECT","product generators","READ_DB_SESSION","","MISSING_TARGET","CAT-002"
"GET","new/graphic-portrait/-988","","Closure","web","routes/redirect.php","380","","","redirects","READ_REDIRECT","","SECURITY_REPLACE","SEO-003+SEO-004"
"GET","new/graphic-portrait/classic-portrait","","Closure","web","routes/redirect.php","380","","","redirects","READ_REDIRECT","","SECURITY_REPLACE","SEO-003+SEO-004"
"GET","new/graphic-portrait/customs-royal-portraits","","Closure","web","routes/redirect.php","380","","","redirects","READ_REDIRECT","","SECURITY_REPLACE","SEO-003+SEO-004"
"GET","new/graphic-portrait/Grafik-Porträt","","Closure","web","routes/redirect.php","380","","","redirects","READ_REDIRECT","","SECURITY_REPLACE","SEO-003+SEO-004"
"GET","new/graphic-portrait/karikatur-porträt","","Closure","web","routes/redirect.php","380","","","redirects","READ_REDIRECT","","SECURITY_REPLACE","SEO-003+SEO-004"
"GET","new/graphic-portrait/klasisks-portrets","","Closure","web","routes/redirect.php","380","","","redirects","READ_REDIRECT","","SECURITY_REPLACE","SEO-003+SEO-004"
"GET","new/graphic-portrait/portrait-beauty-art/buy","","Closure","web","routes/redirect.php","380","","","redirects","READ_REDIRECT","","SECURITY_REPLACE","SEO-003+SEO-004"
"GET","new/graphic-portrait/portrait-caricature","","Closure","web","routes/redirect.php","380","","","redirects","READ_REDIRECT","","SECURITY_REPLACE","SEO-003+SEO-004"
"GET","new/graphic-portrait/portrait-Dream-Art","","Closure","web","routes/redirect.php","380","","","redirects","READ_REDIRECT","","SECURITY_REPLACE","SEO-003+SEO-004"
"GET","new/graphic-portrait/portrait-dream-art/buy","","Closure","web","routes/redirect.php","380","","","redirects","READ_REDIRECT","","SECURITY_REPLACE","SEO-003+SEO-004"
"GET","new/graphic-portrait/portrait-historical","graphic_portrait.new_page--royal","App\Http\Controllers\Pages\PagePortraitRoyalController@index","web|resetPlLocale|localize|localeSessionRedirect|localizationRedirect|lastModified","app/Http/Controllers/Pages/PagePortraitRoyalController.php","44","","DB","product generators","READ_DB_SESSION","","MISSING_TARGET","CAT-002"
"GET","new/graphic-portrait/portrait-oil","graphic_portrait.oil","App\Http\Controllers\Pages\PagePortraitOilController@index","web|resetPlLocale|localize|localeSessionRedirect|localizationRedirect|lastModified","app/Http/Controllers/Pages/PagePortraitOilController.php","45","","DB","product generators","READ_DB_SESSION","","MISSING_TARGET","CAT-002"
"GET","new/graphic-portrait/portrait-pop-art","","Closure","web","routes/redirect.php","380","","","redirects","READ_REDIRECT","","SECURITY_REPLACE","SEO-003+SEO-004"
"GET","new/graphic-portrait/portrait-spancaricaturespan","","Closure","web","routes/redirect.php","380","","","redirects","READ_REDIRECT","","SECURITY_REPLACE","SEO-003+SEO-004"
"GET","new/graphic-portrait/portrait-spanclassicspan","","Closure","web","routes/redirect.php","380","","","redirects","READ_REDIRECT","","SECURITY_REPLACE","SEO-003+SEO-004"
"GET","new/graphic-portrait/portret-beauty-art","","Closure","web","routes/redirect.php","380","","","redirects","READ_REDIRECT","","SECURITY_REPLACE","SEO-003+SEO-004"
"GET","new/graphic-portrait/portret-dream-art","","Closure","web","routes/redirect.php","380","","","redirects","READ_REDIRECT","","SECURITY_REPLACE","SEO-003+SEO-004"
"GET","new/graphic-portrait/portret-graficzny","","Closure","web","routes/redirect.php","380","","","redirects","READ_REDIRECT","","SECURITY_REPLACE","SEO-003+SEO-004"
"GET","new/graphic-portrait/portret-karykatura","","Closure","web","routes/redirect.php","380","","","redirects","READ_REDIRECT","","SECURITY_REPLACE","SEO-003+SEO-004"
"GET","new/graphic-portrait/simposons-custums","","Closure","web","routes/redirect.php","380","","","redirects","READ_REDIRECT","","SECURITY_REPLACE","SEO-003+SEO-004"
"GET","new/graphic-portrait/simpsons-portrait","","Closure","web","routes/redirect.php","380","","","redirects","READ_REDIRECT","","SECURITY_REPLACE","SEO-003+SEO-004"
"GET","new/graphic-portrait/spanartspan-portraits","","Closure","web","routes/redirect.php","380","","","redirects","READ_REDIRECT","","SECURITY_REPLACE","SEO-003+SEO-004"
"GET","new/graphic-portrait/spanbeauty-art-span-portree","","Closure","web","routes/redirect.php","380","","","redirects","READ_REDIRECT","","SECURITY_REPLACE","SEO-003+SEO-004"
"GET","new/graphic-portrait/spanpaintingsspan","","Closure","web","routes/redirect.php","380","","","redirects","READ_REDIRECT","","SECURITY_REPLACE","SEO-003+SEO-004"
"GET","new/graphic-portrait/spanpetspanportrait","","Closure","web","routes/redirect.php","380","","","redirects","READ_REDIRECT","","SECURITY_REPLACE","SEO-003+SEO-004"
"GET","new/graphic-portrait/süßes Kunstportrait","","Closure","web","routes/redirect.php","380","","","redirects","READ_REDIRECT","","SECURITY_REPLACE","SEO-003+SEO-004"
"GET","new/graphic-portrait/traum-kunst-porträt","","Closure","web","routes/redirect.php","380","","","redirects","READ_REDIRECT","","SECURITY_REPLACE","SEO-003+SEO-004"
"POST","new/message_read","new_message_read","App\Http\Controllers\Account\AccountController@message_read","web|resetPlLocale|localize|localeSessionRedirect|localizationRedirect|lastModified|auth","app/Http/Controllers/Account/AccountController.php","1343","","DB","account chat and artwork","WRITE_DB_OR_FILE","","MISSING_TARGET","CHAT-001+CHAT-002+APP-001"
"GET","new/mystocks","new_account.mystocks","App\Http\Controllers\Account\AccountController@mystocks","web|resetPlLocale|localize|localeSessionRedirect|localizationRedirect|lastModified|auth","app/Http/Controllers/Account/AccountController.php","545","","DB","account and profile","READ_OR_WRITE_DB","","MISSING_TARGET","AUTH-001+SEC-009"
"POST","new/new_send_admin_to_client_painter_comments","new_send_admin_to_client_painter_comments","App\Http\Controllers\Account\AccountController@send_admin_to_client_painter_comments","web|resetPlLocale|localize|localeSessionRedirect|localizationRedirect|lastModified|auth","app/Http/Controllers/Account/AccountController.php","1201","","DB|MAIL|EXTERNAL","account chat and artwork","WRITE_DB_OR_FILE","","MISSING_TARGET","CHAT-001+CHAT-002+APP-001"
"POST","new/new_send_client_painter_comments","new_send_client_painter_comments","App\Http\Controllers\Account\AccountController@send_client_painter_comments","web|resetPlLocale|localize|localeSessionRedirect|localizationRedirect|lastModified|auth","app/Http/Controllers/Account/AccountController.php","1105","","DB|MAIL","account chat and artwork","WRITE_DB_OR_FILE","","MISSING_TARGET","CHAT-001+CHAT-002+APP-001"
"GET","new/orders","new_account.orders","App\Http\Controllers\Account\AccountController@orders","web|resetPlLocale|localize|localeSessionRedirect|localizationRedirect|lastModified|auth","app/Http/Controllers/Account/AccountController.php","90","","DB","account and profile","READ_OR_WRITE_DB","","MISSING_TARGET","AUTH-001+SEC-009"
"GET","new/orders/{order}/payment","new_account.order_payment","App\Http\Controllers\Account\AccountController@order_payment","web|resetPlLocale|localize|localeSessionRedirect|localizationRedirect|lastModified|auth","app/Http/Controllers/Account/AccountController.php","329","","EXTERNAL|REDIRECT","account payment","PAYMENT_WRITE","","MISSING_TARGET","CUT-004+INT-002+INT-003"
"POST","new/orders/{order}/payment","new_account.order_payment.start","App\Http\Controllers\Account\AccountController@start_order_payment","web|resetPlLocale|localize|localeSessionRedirect|localizationRedirect|lastModified|auth","app/Http/Controllers/Account/AccountController.php","359","","EXTERNAL|REDIRECT","account payment","PAYMENT_WRITE","","MISSING_TARGET","CUT-004+INT-002+INT-003"
"GET","new/orders-success","new_account.orders_success","App\Http\Controllers\Account\AccountController@orders_success","web|resetPlLocale|localize|localeSessionRedirect|localizationRedirect|lastModified|auth","app/Http/Controllers/Account/AccountController.php","738","","","account and profile","READ_OR_WRITE_DB","","MISSING_TARGET","AUTH-001+SEC-009"
"GET","new/paid","new_account.paid","App\Http\Controllers\Account\AccountController@paid","web|resetPlLocale|localize|localeSessionRedirect|localizationRedirect|lastModified|auth","app/Http/Controllers/Account/AccountController.php","719","","","account and profile","READ_OR_WRITE_DB","","MISSING_TARGET","AUTH-001+SEC-009"
"GET","new/set_all_painter_images","set_all_painter_images","App\Http\Controllers\Account\AccountController@set_all_painter_images","web|resetPlLocale|localize|localeSessionRedirect|localizationRedirect|lastModified|auth","app/Http/Controllers/Account/AccountController.php","807","","MODEL_WRITE","account bulk maintenance","PUBLIC_GET_DB_WRITE","","SECURITY_REPLACE","SEC-009+APP-001"
"GET","new/settings","new_account.settings","App\Http\Controllers\Account\AccountController@settings","web|resetPlLocale|localize|localeSessionRedirect|localizationRedirect|lastModified|auth","app/Http/Controllers/Account/AccountController.php","618","","DB","account and profile","READ_OR_WRITE_DB","","MISSING_TARGET","AUTH-001+SEC-009"
"GET","new/stocks","stocks.index","App\Http\Controllers\StaticPagesController@render_stocks","web|resetPlLocale|localize|localeSessionRedirect|localizationRedirect|lastModified","app/Http/Controllers/StaticPagesController.php","414","stocks","DB","public content pages","READ_DB","","MISSING_TARGET","APP-005B-PAGES-01"
"GET","new/unpaid","new_account.unpaid","App\Http\Controllers\Account\AccountController@unpaid","web|resetPlLocale|localize|localeSessionRedirect|localizationRedirect|lastModified|auth","app/Http/Controllers/Account/AccountController.php","702","","","account and profile","READ_OR_WRITE_DB","","MISSING_TARGET","AUTH-001+SEC-009"
"POST","new/update_order_chat","new_update_order_chat","App\Http\Controllers\Account\AccountController@update_order_chat","web|resetPlLocale|localize|localeSessionRedirect|localizationRedirect|lastModified|auth","app/Http/Controllers/Account/AccountController.php","1298","","DB|MAIL","account chat and artwork","WRITE_DB_OR_FILE","","MISSING_TARGET","CHAT-001+CHAT-002+APP-001"
"POST","new/update_painter_order_images","new_update_painter_order_images","App\Http\Controllers\Account\AccountController@update_painter_order_images","web|resetPlLocale|localize|localeSessionRedirect|localizationRedirect|lastModified|auth","app/Http/Controllers/Account/AccountController.php","923","","DB|MAIL","account chat and artwork","WRITE_DB_OR_FILE","","MISSING_TARGET","CHAT-001+CHAT-002+APP-001"
"POST","new/update_painter_sketch_order_images","new_update_painter_sketch_order_images","App\Http\Controllers\Account\AccountController@update_painter_sketch_order_images","web|resetPlLocale|localize|localeSessionRedirect|localizationRedirect|lastModified|auth","app/Http/Controllers/Account/AccountController.php","997","","DB|MAIL","account chat and artwork","WRITE_DB_OR_FILE","","MISSING_TARGET","CHAT-001+CHAT-002+APP-001"
"GET","oil-portrait","oil_portrait.index","App\Http\Controllers\StaticPagesController@render_oil_portrait","web|resetPlLocale|localize|localeSessionRedirect|localizationRedirect|lastModified","app/Http/Controllers/StaticPagesController.php","357","oil-portrait","DB|REDIRECT","product generators","READ_DB_SESSION","","MISSING_TARGET","CAT-002"
"GET","oil-portrait/buy","oil_portrait.buy","App\Http\Controllers\StaticPagesController@buy_oil_portrait_page","web|resetPlLocale|localize|localeSessionRedirect|localizationRedirect|lastModified","app/Http/Controllers/StaticPagesController.php","149","graphical-portrait-buy","","product generators","READ_DB_SESSION","","MISSING_TARGET","CAT-002"
"GET","orders/{path}","","Closure","web","routes/web.php","93","mail_new.1.1|mail_new.1.2|mail_new.1.3|mail_new.1.4|mail_new.1.5|mail_new.1.6|mail_new.1.7","EXTERNAL","public file delivery","READ_FILE","","SECURITY_REPLACE","APP-001"
"POST","orders/add_client_images","add_client_images","App\Http\Controllers\OrdersController@add_client_images","web|resetPlLocale|localize|localeSessionRedirect|localizationRedirect|lastModified","app/Http/Controllers/OrdersController.php","1250","","","basket checkout and order","SESSION_DB_FILE_MAIL_WRITE","","MISSING_TARGET","APP-005B-CHECKOUT-01"
"POST","orders/approve","approve_order","App\Http\Controllers\OrdersController@approveOrder","web|resetPlLocale|localize|localeSessionRedirect|localizationRedirect|lastModified","app/Http/Controllers/OrdersController.php","1029","","","basket checkout and order","SESSION_DB_FILE_MAIL_WRITE","","MISSING_TARGET","APP-005B-CHECKOUT-01"
"POST","orders/change","change_order","App\Http\Controllers\OrdersController@changeOrder","web|resetPlLocale|localize|localeSessionRedirect|localizationRedirect|lastModified","app/Http/Controllers/OrdersController.php","1742","","DB|MODEL_WRITE|MAIL|EXTERNAL","basket checkout and order","SESSION_DB_FILE_MAIL_WRITE","","MISSING_TARGET","APP-005B-CHECKOUT-01"
"POST","orders/change/payment","change_order_payment","App\Http\Controllers\OrdersController@changeOrderPayment","web|resetPlLocale|localize|localeSessionRedirect|localizationRedirect|lastModified","app/Http/Controllers/OrdersController.php","1604","","DB","basket checkout and order","SESSION_DB_FILE_MAIL_WRITE","","MISSING_TARGET","APP-005B-CHECKOUT-01"
"POST","orders/change/vrv","change_order_vrv","App\Http\Controllers\OrdersController@changeOrderVrv","web|resetPlLocale|localize|localeSessionRedirect|localizationRedirect|lastModified","app/Http/Controllers/OrdersController.php","1106","","DB","basket checkout and order","SESSION_DB_FILE_MAIL_WRITE","","MISSING_TARGET","APP-005B-CHECKOUT-01"
"POST","orders/change_client_status","change_client_status","App\Http\Controllers\OrdersController@change_client_status","web|resetPlLocale|localize|localeSessionRedirect|localizationRedirect|lastModified","app/Http/Controllers/OrdersController.php","1809","","","basket checkout and order","SESSION_DB_FILE_MAIL_WRITE","","MISSING_TARGET","APP-005B-CHECKOUT-01"
"POST","orders/changePainterImagesStatus","changePainterImagesStatus","App\Http\Controllers\OrdersController@changePainterImagesStatus","web|resetPlLocale|localize|localeSessionRedirect|localizationRedirect|lastModified","app/Http/Controllers/OrdersController.php","1844","","MODEL_WRITE|MAIL","basket checkout and order","SESSION_DB_FILE_MAIL_WRITE","","MISSING_TARGET","APP-005B-CHECKOUT-01"
"POST","orders/changePainterSketchImagesStatus","changePainterSketchImagesStatus","App\Http\Controllers\OrdersController@changePainterSketchImagesStatus","web|resetPlLocale|localize|localeSessionRedirect|localizationRedirect|lastModified","app/Http/Controllers/OrdersController.php","1826","","MODEL_WRITE|MAIL","basket checkout and order","SESSION_DB_FILE_MAIL_WRITE","","MISSING_TARGET","APP-005B-CHECKOUT-01"
"POST","orders/delete","delete_order","App\Http\Controllers\OrdersController@deleteOrder","web|resetPlLocale|localize|localeSessionRedirect|localizationRedirect|lastModified","app/Http/Controllers/OrdersController.php","1016","","","basket checkout and order","SESSION_DB_FILE_MAIL_WRITE","","MISSING_TARGET","APP-005B-CHECKOUT-01"
"POST","orders/make","make_order","App\Http\Controllers\OrdersController@makeOrder","web|resetPlLocale|localize|localeSessionRedirect|localizationRedirect|lastModified","app/Http/Controllers/OrdersController.php","2082","","DB|SESSION|EXTERNAL|REDIRECT","basket checkout and order","SESSION_DB_FILE_MAIL_WRITE","","MISSING_TARGET","APP-005B-CHECKOUT-01"
"POST","orders/remove/vrv","rem_vr_num","App\Http\Controllers\OrdersController@rem_vr_num","web|resetPlLocale|localize|localeSessionRedirect|localizationRedirect|lastModified","app/Http/Controllers/OrdersController.php","1187","","DB","basket checkout and order","SESSION_DB_FILE_MAIL_WRITE","","MISSING_TARGET","APP-005B-CHECKOUT-01"
"GET","orders/remove_painter_sketch_image","remove_painter_sketch_image","App\Http\Controllers\OrdersController@remove_painter_sketch_image","web|resetPlLocale|localize|localeSessionRedirect|localizationRedirect|lastModified","app/Http/Controllers/OrdersController.php","1354","","MODEL_WRITE|REDIRECT","unsafe checkout GET mutation","PUBLIC_GET_MIXED_WRITE","","SECURITY_REPLACE","APP-005B-CHECKOUT-01+SEC-009"
"POST","orders/update/firm","update_order_firm","App\Http\Controllers\OrdersController@update_order_firm","web|resetPlLocale|localize|localeSessionRedirect|localizationRedirect|lastModified","app/Http/Controllers/OrdersController.php","1565","","DB","basket checkout and order","SESSION_DB_FILE_MAIL_WRITE","","MISSING_TARGET","APP-005B-CHECKOUT-01"
"POST","orders/update/painter","update_order_painter","App\Http\Controllers\OrdersController@update_order_painter","web|resetPlLocale|localize|localeSessionRedirect|localizationRedirect|lastModified","app/Http/Controllers/OrdersController.php","1042","voyager::order","","basket checkout and order","SESSION_DB_FILE_MAIL_WRITE","","MISSING_TARGET","APP-005B-CHECKOUT-01"
"POST","orders/update/painter_payed","update_painter_payed","App\Http\Controllers\OrdersController@update_painter_payed","web|resetPlLocale|localize|localeSessionRedirect|localizationRedirect|lastModified","app/Http/Controllers/OrdersController.php","1202","","DB","basket checkout and order","SESSION_DB_FILE_MAIL_WRITE","","MISSING_TARGET","APP-005B-CHECKOUT-01"
"POST","orders/update/painter_time","update_painter_time","App\Http\Controllers\OrdersController@update_painter_time","web|resetPlLocale|localize|localeSessionRedirect|localizationRedirect|lastModified","app/Http/Controllers/OrdersController.php","1462","","MODEL_WRITE|REDIRECT","basket checkout and order","SESSION_DB_FILE_MAIL_WRITE","","MISSING_TARGET","APP-005B-CHECKOUT-01"
"POST","orders/update/printing","update_printing_order","App\Http\Controllers\OrdersController@update_printing_order","web|resetPlLocale|localize|localeSessionRedirect|localizationRedirect|lastModified","app/Http/Controllers/OrdersController.php","1074","voyager::order","","basket checkout and order","SESSION_DB_FILE_MAIL_WRITE","","MISSING_TARGET","APP-005B-CHECKOUT-01"
"POST","orders/update/show_painter_images","show_painter_images","App\Http\Controllers\OrdersController@show_painter_images","web|resetPlLocale|localize|localeSessionRedirect|localizationRedirect|lastModified","app/Http/Controllers/OrdersController.php","1422","","MODEL_WRITE|REDIRECT","basket checkout and order","SESSION_DB_FILE_MAIL_WRITE","","MISSING_TARGET","APP-005B-CHECKOUT-01"
"POST","orders/update/update_prepayment_price","update_prepayment_price","App\Http\Controllers\OrdersController@update_prepayment_price","web|resetPlLocale|localize|localeSessionRedirect|localizationRedirect|lastModified","app/Http/Controllers/OrdersController.php","1514","","MAIL","basket checkout and order","SESSION_DB_FILE_MAIL_WRITE","","MISSING_TARGET","APP-005B-CHECKOUT-01"
"POST","orders/update/update_when_send_time","update_when_send_time","App\Http\Controllers\OrdersController@update_when_send_time","web|resetPlLocale|localize|localeSessionRedirect|localizationRedirect|lastModified","app/Http/Controllers/OrdersController.php","1478","","MODEL_WRITE|REDIRECT","basket checkout and order","SESSION_DB_FILE_MAIL_WRITE","","MISSING_TARGET","APP-005B-CHECKOUT-01"
"POST","orders/update/vrv","update_vr_num","App\Http\Controllers\OrdersController@update_vr_num","web|resetPlLocale|localize|localeSessionRedirect|localizationRedirect|lastModified","app/Http/Controllers/OrdersController.php","1530","","","basket checkout and order","SESSION_DB_FILE_MAIL_WRITE","","MISSING_TARGET","APP-005B-CHECKOUT-01"
"GET","page/{page}","","App\Http\Controllers\PageController@render","web|resetPlLocale|localize|localeSessionRedirect|localizationRedirect|lastModified","app/Http/Controllers/PageController.php","319","about|faq|page","","public content pages","READ_DB","","MISSING_TARGET","APP-005B-PAGES-01"
"GET","page/contacts","contacts","App\Http\Controllers\PageController@hb_render_contacts","web|resetPlLocale|localize|localeSessionRedirect|localizationRedirect|lastModified","app/Http/Controllers/PageController.php","172","","","public content pages","READ_DB","","MISSING_TARGET","APP-005B-PAGES-01"
"GET","page/delivery","delivery_page","App\Http\Controllers\PageController@render_delivery","web|resetPlLocale|localize|localeSessionRedirect|localizationRedirect|lastModified","app/Http/Controllers/PageController.php","199","delivery","DB","public content pages","READ_DB","","MISSING_TARGET","APP-005B-PAGES-01"
"GET","page/faq","","Closure","web","routes/redirect.php","380","","","redirects","READ_REDIRECT","","SECURITY_REPLACE","SEO-003+SEO-004"
"GET","page/partnership","","App\Http\Controllers\PageController@render_partnership","web|resetPlLocale|localize|localeSessionRedirect|localizationRedirect|lastModified","app/Http/Controllers/PageController.php","192","partnership","","public content pages","READ_DB","","MISSING_TARGET","APP-005B-PAGES-01"
"GET","password/confirm","password.confirm","App\Http\Controllers\Auth\ConfirmPasswordController@showConfirmForm","web","vendor/laravel/framework/src/Illuminate/Foundation/Auth/ConfirmsPasswords.php","16","","","standard auth","SESSION_OR_DB_WRITE","","SHELL_ONLY","AUTH-001"
"POST","password/confirm","","App\Http\Controllers\Auth\ConfirmPasswordController@confirm","web","vendor/laravel/framework/src/Illuminate/Foundation/Auth/ConfirmsPasswords.php","27","","","standard auth","SESSION_OR_DB_WRITE","","SHELL_ONLY","AUTH-001"
"POST","password/email","password.email","App\Http\Controllers\Auth\ForgotPasswordController@sendResetLinkEmail","web","vendor/laravel/framework/src/Illuminate/Foundation/Auth/SendsPasswordResetEmails.php","26","","","standard auth","SESSION_OR_DB_WRITE","","SHELL_ONLY","AUTH-001"
"GET","password/reset","password.request","App\Http\Controllers\Auth\ForgotPasswordController@showLinkRequestForm","web","vendor/laravel/framework/src/Illuminate/Foundation/Auth/SendsPasswordResetEmails.php","15","","","standard auth","SESSION_OR_DB_WRITE","","SHELL_ONLY","AUTH-001"
"POST","password/reset","password.update","App\Http\Controllers\Auth\ResetPasswordController@reset","web","vendor/laravel/framework/src/Illuminate/Foundation/Auth/ResetsPasswords.php","38","","","implemented foundation","WRITE_MIXED_GATED","POST password/reset [password.update] || POST {locale}/password/reset [public.localized.password.update]","PARITY_DONE","APP-005A"
"GET","password/reset/{token}","password.reset","App\Http\Controllers\Auth\ResetPasswordController@showResetForm","web","vendor/laravel/framework/src/Illuminate/Foundation/Auth/ResetsPasswords.php","25","","","implemented foundation","READ_DB","GET|HEAD password/reset/{token} [password.reset] || GET|HEAD {locale}/password/reset/{token} [public.localized.password.reset]","PARITY_DONE","APP-005A"
"GET","pay_accept","pay_accept","App\Http\Controllers\Libwebtopay\PayseraController@pay_accept","web|resetPlLocale|localize|localeSessionRedirect|localizationRedirect|lastModified","app/Http/Controllers/Libwebtopay/PayseraController.php","92","","MODEL_WRITE|EXTERNAL|REDIRECT","Paysera","PAYMENT_CALLBACK_WRITE","","MISSING_TARGET","INT-002+CUT-004"
"GET","pay_callback","pay_callback","App\Http\Controllers\Libwebtopay\PayseraController@pay_callback","web|resetPlLocale|localize|localeSessionRedirect|localizationRedirect|lastModified","app/Http/Controllers/Libwebtopay/PayseraController.php","210","","MODEL_WRITE|EXTERNAL","Paysera","PAYMENT_CALLBACK_WRITE","","MISSING_TARGET","INT-002+CUT-004"
"GET","pay_cancel","pay_cancel","App\Http\Controllers\Libwebtopay\PayseraController@pay_cancel","web|resetPlLocale|localize|localeSessionRedirect|localizationRedirect|lastModified","app/Http/Controllers/Libwebtopay/PayseraController.php","149","","MODEL_WRITE|EXTERNAL|REDIRECT","Paysera","PAYMENT_CALLBACK_WRITE","","MISSING_TARGET","INT-002+CUT-004"
"GET","payment-request/{token}","payment_request.show","App\Http\Controllers\Payment\OrderPaymentRequestController@show","web|resetPlLocale|localize|localeSessionRedirect|localizationRedirect|lastModified","app/Http/Controllers/Payment/OrderPaymentRequestController.php","28","","EXTERNAL","Paysera","PAYMENT_CALLBACK_WRITE","","MISSING_TARGET","INT-002+CUT-004"
"POST","payment-request/{token}","payment_request.start","App\Http\Controllers\Payment\OrderPaymentRequestController@start","web|resetPlLocale|localize|localeSessionRedirect|localizationRedirect|lastModified","app/Http/Controllers/Payment/OrderPaymentRequestController.php","52","","EXTERNAL|REDIRECT","Paysera","PAYMENT_CALLBACK_WRITE","","MISSING_TARGET","INT-002+CUT-004"
"GET|POST|PUT|PATCH|DELETE|OPTIONS","payment-request/paypal/pay_accept","payment_request.paypal.accept","App\Http\Controllers\Payment\OrderPaymentRequestController@paypalAccept","web|resetPlLocale|localize|localeSessionRedirect|localizationRedirect|lastModified","app/Http/Controllers/Payment/OrderPaymentRequestController.php","135","","EXTERNAL|REDIRECT","PayPal","PAYMENT_CALLBACK_WRITE","","MISSING_TARGET","INT-003+CUT-004"
"GET|POST|PUT|PATCH|DELETE|OPTIONS","payment-request/paypal/pay_cancel","payment_request.paypal.cancel","App\Http\Controllers\Payment\OrderPaymentRequestController@paypalCancel","web|resetPlLocale|localize|localeSessionRedirect|localizationRedirect|lastModified","app/Http/Controllers/Payment/OrderPaymentRequestController.php","148","","EXTERNAL|REDIRECT","PayPal","PAYMENT_CALLBACK_WRITE","","MISSING_TARGET","INT-003+CUT-004"
"GET|POST|PUT|PATCH|DELETE|OPTIONS","payment-request/paysera/accept","payment_request.paysera.accept","App\Http\Controllers\Payment\OrderPaymentRequestController@payseraAccept","web|resetPlLocale|localize|localeSessionRedirect|localizationRedirect|lastModified","app/Http/Controllers/Payment/OrderPaymentRequestController.php","71","","EXTERNAL|REDIRECT","Paysera","PAYMENT_CALLBACK_WRITE","","MISSING_TARGET","INT-002+CUT-004"
"GET|POST|PUT|PATCH|DELETE|OPTIONS","payment-request/paysera/callback","payment_request.paysera.callback","App\Http\Controllers\Payment\OrderPaymentRequestController@payseraCallback","web|resetPlLocale|localize|localeSessionRedirect|localizationRedirect|lastModified","app/Http/Controllers/Payment/OrderPaymentRequestController.php","111","","EXTERNAL","Paysera","PAYMENT_CALLBACK_WRITE","","MISSING_TARGET","INT-002+CUT-004"
"GET|POST|PUT|PATCH|DELETE|OPTIONS","payment-request/paysera/cancel","payment_request.paysera.cancel","App\Http\Controllers\Payment\OrderPaymentRequestController@payseraCancel","web|resetPlLocale|localize|localeSessionRedirect|localizationRedirect|lastModified","app/Http/Controllers/Payment/OrderPaymentRequestController.php","99","","REDIRECT","Paysera","PAYMENT_CALLBACK_WRITE","","MISSING_TARGET","INT-002+CUT-004"
"GET|POST|PUT|PATCH|DELETE|OPTIONS","paypal/pay_accept","paypal.onetime.pay_accept","App\Http\Controllers\Payment\PayPal\OneTimePayPalController@pay_accept","web|resetPlLocale|localize|localeSessionRedirect|localizationRedirect|lastModified","app/Http/Controllers/Payment/PayPal/OneTimePayPalController.php","14","","MODEL_WRITE|EXTERNAL|REDIRECT","PayPal","PAYMENT_CALLBACK_WRITE","","MISSING_TARGET","INT-003+CUT-004"
"GET|POST|PUT|PATCH|DELETE|OPTIONS","paypal/pay_cancel","paypal.onetime.pay_cancel","App\Http\Controllers\Payment\PayPal\OneTimePayPalController@pay_cancel","web|resetPlLocale|localize|localeSessionRedirect|localizationRedirect|lastModified","app/Http/Controllers/Payment/PayPal/OneTimePayPalController.php","29","","REDIRECT","PayPal","PAYMENT_CALLBACK_WRITE","","MISSING_TARGET","INT-003+CUT-004"
"GET","paysera","paysera","App\Http\Controllers\Libwebtopay\PayseraController@index","web|resetPlLocale|localize|localeSessionRedirect|localizationRedirect|lastModified","app/Http/Controllers/Libwebtopay/PayseraController.php","28","","MODEL_WRITE|EXTERNAL|REDIRECT","Paysera","PAYMENT_CALLBACK_WRITE","","MISSING_TARGET","INT-002+CUT-004"
"GET","photo","","Closure","web","routes/redirect.php","380","","","redirects","READ_REDIRECT","","SECURITY_REPLACE","SEO-003+SEO-004"
"GET","photo_portrait","photo_portrait","App\Http\Controllers\PageController@photo_portrait","web|resetPlLocale|localize|localeSessionRedirect|localizationRedirect|lastModified","app/Http/Controllers/PageController.php","304","all_styles","","product generators","READ_DB_SESSION","","MISSING_TARGET","CAT-002"
"GET|POST|PUT|PATCH|DELETE|OPTIONS","pl/{any?}","","Closure","web","routes/redirect.php","374","","","redirects","READ_REDIRECT","","SECURITY_REPLACE","SEO-003+SEO-004"
"GET","pl/blog/-10","","Closure","web","routes/redirect.php","388","","","redirects","READ_REDIRECT","","SECURITY_REPLACE","SEO-003+SEO-004"
"GET","pl/blog/-11","","Closure","web","routes/redirect.php","388","","","redirects","READ_REDIRECT","","SECURITY_REPLACE","SEO-003+SEO-004"
"GET","pl/blog/-12","","Closure","web","routes/redirect.php","388","","","redirects","READ_REDIRECT","","SECURITY_REPLACE","SEO-003+SEO-004"
"GET","pl/blog/-13","","Closure","web","routes/redirect.php","388","","","redirects","READ_REDIRECT","","SECURITY_REPLACE","SEO-003+SEO-004"
"GET","pl/blog/-14","","Closure","web","routes/redirect.php","388","","","redirects","READ_REDIRECT","","SECURITY_REPLACE","SEO-003+SEO-004"
"GET","pl/blog/-15","","Closure","web","routes/redirect.php","388","","","redirects","READ_REDIRECT","","SECURITY_REPLACE","SEO-003+SEO-004"
"GET","pl/blog/-16","","Closure","web","routes/redirect.php","388","","","redirects","READ_REDIRECT","","SECURITY_REPLACE","SEO-003+SEO-004"
"GET","pl/blog/-17","","Closure","web","routes/redirect.php","388","","","redirects","READ_REDIRECT","","SECURITY_REPLACE","SEO-003+SEO-004"
"GET","pl/blog/-18","","Closure","web","routes/redirect.php","388","","","redirects","READ_REDIRECT","","SECURITY_REPLACE","SEO-003+SEO-004"
"GET","pl/blog/-19","","Closure","web","routes/redirect.php","388","","","redirects","READ_REDIRECT","","SECURITY_REPLACE","SEO-003+SEO-004"
"GET","pl/blog/-2","","Closure","web","routes/redirect.php","388","","","redirects","READ_REDIRECT","","SECURITY_REPLACE","SEO-003+SEO-004"
"GET","pl/blog/-20","","Closure","web","routes/redirect.php","388","","","redirects","READ_REDIRECT","","SECURITY_REPLACE","SEO-003+SEO-004"
"GET","pl/blog/-4","","Closure","web","routes/redirect.php","388","","","redirects","READ_REDIRECT","","SECURITY_REPLACE","SEO-003+SEO-004"
"GET","pl/blog/-6","","Closure","web","routes/redirect.php","388","","","redirects","READ_REDIRECT","","SECURITY_REPLACE","SEO-003+SEO-004"
"GET","pl/blog/-9","","Closure","web","routes/redirect.php","388","","","redirects","READ_REDIRECT","","SECURITY_REPLACE","SEO-003+SEO-004"
"GET","pl/blog/art-portrait-canvas-kanvas","","Closure","web","routes/redirect.php","388","","","redirects","READ_REDIRECT","","SECURITY_REPLACE","SEO-003+SEO-004"
"GET","pl/blog/art-portrait-kanvas-art","","Closure","web","routes/redirect.php","388","","","redirects","READ_REDIRECT","","SECURITY_REPLACE","SEO-003+SEO-004"
"GET","pl/blog/art-prezent-dla-bliskich","","Closure","web","routes/redirect.php","388","","","redirects","READ_REDIRECT","","SECURITY_REPLACE","SEO-003+SEO-004"
"GET","pl/blog/augintinio-portretas","","Closure","web","routes/redirect.php","388","","","redirects","READ_REDIRECT","","SECURITY_REPLACE","SEO-003+SEO-004"
"GET","pl/blog/aukstos-kokybės-reprodukcija","","Closure","web","routes/redirect.php","388","","","redirects","READ_REDIRECT","","SECURITY_REPLACE","SEO-003+SEO-004"
"GET","pl/blog/Bagetinis-paveikslų-rėminimas","","Closure","web","routes/redirect.php","388","","","redirects","READ_REDIRECT","","SECURITY_REPLACE","SEO-003+SEO-004"
"GET","pl/blog/bagetnoe-obramlenie-kartin","","Closure","web","routes/redirect.php","388","","","redirects","READ_REDIRECT","","SECURITY_REPLACE","SEO-003+SEO-004"
"GET","pl/blog/Baguette-Rahmen-aus-Gemälden-Relikte-aus-der-Vergangenheit-oder-noch-relevant","","Closure","web","routes/redirect.php","388","","","redirects","READ_REDIRECT","","SECURITY_REPLACE","SEO-003+SEO-004"
"GET","pl/blog/canvas","","Closure","web","routes/redirect.php","388","","","redirects","READ_REDIRECT","","SECURITY_REPLACE","SEO-003+SEO-004"
"GET","pl/blog/canvas-or-photo-painting-transform-your-memories-into-art","","Closure","web","routes/redirect.php","388","","","redirects","READ_REDIRECT","","SECURITY_REPLACE","SEO-003+SEO-004"
"GET","pl/blog/canvas-wall-print","","Closure","web","routes/redirect.php","388","","","redirects","READ_REDIRECT","","SECURITY_REPLACE","SEO-003+SEO-004"
"GET","pl/blog/collage-mit-kindern-das-beste-geschenk-für-eltern-und-ihre-kinder","","Closure","web","routes/redirect.php","388","","","redirects","READ_REDIRECT","","SECURITY_REPLACE","SEO-003+SEO-004"
"GET","pl/blog/detskij-kollazh-samyj-luchshij-podarok-dlya-roditelej-i-druzej","","Closure","web","routes/redirect.php","388","","","redirects","READ_REDIRECT","","SECURITY_REPLACE","SEO-003+SEO-004"
"GET","pl/blog/digitāla-druka-un-eļļa.","","Closure","web","routes/redirect.php","388","","","redirects","READ_REDIRECT","","SECURITY_REPLACE","SEO-003+SEO-004"
"GET","pl/blog/dovanu-kortele-puiki-dovana","","Closure","web","routes/redirect.php","388","","","redirects","READ_REDIRECT","","SECURITY_REPLACE","SEO-003+SEO-004"
"GET","pl/blog/dovanu-pakuote","","Closure","web","routes/redirect.php","388","","","redirects","READ_REDIRECT","","SECURITY_REPLACE","SEO-003+SEO-004"
"GET","pl/blog/druka-uz-audekla-dāvanā","","Closure","web","routes/redirect.php","388","","","redirects","READ_REDIRECT","","SECURITY_REPLACE","SEO-003+SEO-004"
"GET","pl/blog/druzheskij-sharzh-otlichnyj-sposob-poveselit-druzej-i-znakomyh","","Closure","web","routes/redirect.php","388","","","redirects","READ_REDIRECT","","SECURITY_REPLACE","SEO-003+SEO-004"
"GET","pl/blog/eine-geschenk-karte-ist-ein-gutes-geschenk-für-einen-anlass","","Closure","web","routes/redirect.php","388","","","redirects","READ_REDIRECT","","SECURITY_REPLACE","SEO-003+SEO-004"
"GET","pl/blog/ffff","","Closure","web","routes/redirect.php","388","","","redirects","READ_REDIRECT","","SECURITY_REPLACE","SEO-003+SEO-004"
"GET","pl/blog/foto_uz_kanvas","","Closure","web","routes/redirect.php","388","","","redirects","READ_REDIRECT","","SECURITY_REPLACE","SEO-003+SEO-004"
"GET","pl/blog/fotod-fotosessioonist-õuendil","","Closure","web","routes/redirect.php","388","","","redirects","READ_REDIRECT","","SECURITY_REPLACE","SEO-003+SEO-004"
"GET","pl/blog/fotodrobės","","Closure","web","routes/redirect.php","388","","","redirects","READ_REDIRECT","","SECURITY_REPLACE","SEO-003+SEO-004"
"GET","pl/blog/fotografie-do-portretu","","Closure","web","routes/redirect.php","388","","","redirects","READ_REDIRECT","","SECURITY_REPLACE","SEO-003+SEO-004"
"GET","pl/blog/foto-kanvas","","Closure","web","routes/redirect.php","388","","","redirects","READ_REDIRECT","","SECURITY_REPLACE","SEO-003+SEO-004"
"GET","pl/blog/fotokartina-luchshij-podarok-roditelyam","","Closure","web","routes/redirect.php","388","","","redirects","READ_REDIRECT","","SECURITY_REPLACE","SEO-003+SEO-004"
"GET","pl/blog/fotolõuend","","Closure","web","routes/redirect.php","388","","","redirects","READ_REDIRECT","","SECURITY_REPLACE","SEO-003+SEO-004"
"GET","pl/blog/fotoobraz-jest-najlepszym-prezentem-dla-rodziców","","Closure","web","routes/redirect.php","388","","","redirects","READ_REDIRECT","","SECURITY_REPLACE","SEO-003+SEO-004"
"GET","pl/blog/fotoobraz-na-płótnie-w-prezencie","","Closure","web","routes/redirect.php","388","","","redirects","READ_REDIRECT","","SECURITY_REPLACE","SEO-003+SEO-004"
"GET","pl/blog/fotopaveikslas","","Closure","web","routes/redirect.php","388","","","redirects","READ_REDIRECT","","SECURITY_REPLACE","SEO-003+SEO-004"
"GET","pl/blog/fotopilt-on-parim-kingitus-vanematele","","Closure","web","routes/redirect.php","388","","","redirects","READ_REDIRECT","","SECURITY_REPLACE","SEO-003+SEO-004"
"GET","pl/blog/Fotos auf Leinwand","","Closure","web","routes/redirect.php","388","","","redirects","READ_REDIRECT","","SECURITY_REPLACE","SEO-003+SEO-004"
"GET","pl/blog/freundliche-karikatur-ist-ein-guter-weg-um-spaß-mit-freunden-und-bekannten-zu-haben","","Closure","web","routes/redirect.php","388","","","redirects","READ_REDIRECT","","SECURITY_REPLACE","SEO-003+SEO-004"
"GET","pl/blog/giclee-technology-art","","Closure","web","routes/redirect.php","388","","","redirects","READ_REDIRECT","","SECURITY_REPLACE","SEO-003+SEO-004"
"GET","pl/blog/gift-for_man","","Closure","web","routes/redirect.php","388","","","redirects","READ_REDIRECT","","SECURITY_REPLACE","SEO-003+SEO-004"
"GET","pl/blog/gift-for-mather","","Closure","web","routes/redirect.php","388","","","redirects","READ_REDIRECT","","SECURITY_REPLACE","SEO-003+SEO-004"
"GET","pl/blog/gleznas-uz-audekla-dāvanu-iesaiņojums","","Closure","web","routes/redirect.php","388","","","redirects","READ_REDIRECT","","SECURITY_REPLACE","SEO-003+SEO-004"
"GET","pl/blog/Gleznu-bagetes-ieramešana","","Closure","web","routes/redirect.php","388","","","redirects","READ_REDIRECT","","SECURITY_REPLACE","SEO-003+SEO-004"
"GET","pl/blog/graafilised-portreed-kaasaegse-maailma-kunst","","Closure","web","routes/redirect.php","388","","","redirects","READ_REDIRECT","","SECURITY_REPLACE","SEO-003+SEO-004"
"GET","pl/blog/graficheskie-portrety-iskusstvo-sovremennogo-mira","","Closure","web","routes/redirect.php","388","","","redirects","READ_REDIRECT","","SECURITY_REPLACE","SEO-003+SEO-004"
"GET","pl/blog/grafische-porträts-der-kunst-der-modernen-welt","","Closure","web","routes/redirect.php","388","","","redirects","READ_REDIRECT","","SECURITY_REPLACE","SEO-003+SEO-004"
"GET","pl/blog/Haustierporträt Aristokraten","","Closure","web","routes/redirect.php","388","","","redirects","READ_REDIRECT","","SECURITY_REPLACE","SEO-003+SEO-004"
"GET","pl/blog/ivaizdzio-portretas","","Closure","web","routes/redirect.php","388","","","redirects","READ_REDIRECT","","SECURITY_REPLACE","SEO-003+SEO-004"
"GET","pl/blog/jak-powstaje-portret-graficzny","","Closure","web","routes/redirect.php","388","","","redirects","READ_REDIRECT","","SECURITY_REPLACE","SEO-003+SEO-004"
"GET","pl/blog/kak-risuetsya-graficheskiy-portret","","Closure","web","routes/redirect.php","388","","","redirects","READ_REDIRECT","","SECURITY_REPLACE","SEO-003+SEO-004"
"GET","pl/blog/kanva","","Closure","web","routes/redirect.php","388","","","redirects","READ_REDIRECT","","SECURITY_REPLACE","SEO-003+SEO-004"
"GET","pl/blog/kanvas","","Closure","web","routes/redirect.php","388","","","redirects","READ_REDIRECT","","SECURITY_REPLACE","SEO-003+SEO-004"
"GET","pl/blog/kanvas_ pamatā _pigments_vai_šķīdinātāja_tinte_kura_ir_labāka","","Closure","web","routes/redirect.php","388","","","redirects","READ_REDIRECT","","SECURITY_REPLACE","SEO-003+SEO-004"
"GET","pl/blog/kanvas_apdruka","","Closure","web","routes/redirect.php","388","","","redirects","READ_REDIRECT","","SECURITY_REPLACE","SEO-003+SEO-004"
"GET","pl/blog/kanvas-apdruka-foto","","Closure","web","routes/redirect.php","388","","","redirects","READ_REDIRECT","","SECURITY_REPLACE","SEO-003+SEO-004"
"GET","pl/blog/kanvas-kvalitāte-foto","","Closure","web","routes/redirect.php","388","","","redirects","READ_REDIRECT","","SECURITY_REPLACE","SEO-003+SEO-004"
"GET","pl/blog/kanvas-nice-gift-for","","Closure","web","routes/redirect.php","388","","","redirects","READ_REDIRECT","","SECURITY_REPLACE","SEO-003+SEO-004"
"GET","pl/blog/karikatura-pec-pasutijuma","","Closure","web","routes/redirect.php","388","","","redirects","READ_REDIRECT","","SECURITY_REPLACE","SEO-003+SEO-004"
"GET","pl/blog/karta-podarunkowa","","Closure","web","routes/redirect.php","388","","","redirects","READ_REDIRECT","","SECURITY_REPLACE","SEO-003+SEO-004"
"GET","pl/blog/kartiny-na-osnove-pigmentnyh-ili-solventnyh-chernil-kakie-luchshe","","Closure","web","routes/redirect.php","388","","","redirects","READ_REDIRECT","","SECURITY_REPLACE","SEO-003+SEO-004"
"GET","pl/blog/kinkekaart-on-suurepärane-kingitus-igal-juhul","","Closure","web","routes/redirect.php","388","","","redirects","READ_REDIRECT","","SECURITY_REPLACE","SEO-003+SEO-004"
"GET","pl/blog/kinkepakk","","Closure","web","routes/redirect.php","388","","","redirects","READ_REDIRECT","","SECURITY_REPLACE","SEO-003+SEO-004"
"GET","pl/blog/kolaza–pati-labaka-davana","","Closure","web","routes/redirect.php","388","","","redirects","READ_REDIRECT","","SECURITY_REPLACE","SEO-003+SEO-004"
"GET","pl/blog/kolaże-z-dziećmi-najlepszy-prezent-dla-rodziców-i-ich-dzieci","","Closure","web","routes/redirect.php","388","","","redirects","READ_REDIRECT","","SECURITY_REPLACE","SEO-003+SEO-004"
"GET","pl/blog/Koliažas-ant-drobės","","Closure","web","routes/redirect.php","388","","","redirects","READ_REDIRECT","","SECURITY_REPLACE","SEO-003+SEO-004"
"GET","pl/blog/kollaaž-on-parim-kingitus-vanematele-ja-nende","","Closure","web","routes/redirect.php","388","","","redirects","READ_REDIRECT","","SECURITY_REPLACE","SEO-003+SEO-004"
"GET","pl/blog/kompozycja-z-fotoobrazów","","Closure","web","routes/redirect.php","388","","","redirects","READ_REDIRECT","","SECURITY_REPLACE","SEO-003+SEO-004"
"GET","pl/blog/kuidas-joonistatakse-graafiline-portree","","Closure","web","routes/redirect.php","388","","","redirects","READ_REDIRECT","","SECURITY_REPLACE","SEO-003+SEO-004"
"GET","pl/blog/labaka-davana-vecakiem","","Closure","web","routes/redirect.php","388","","","redirects","READ_REDIRECT","","SECURITY_REPLACE","SEO-003+SEO-004"
"GET","pl/blog/legendaarsete-maalide-reprodutseerimine-lõuendil-kvaliteetselt","","Closure","web","routes/redirect.php","388","","","redirects","READ_REDIRECT","","SECURITY_REPLACE","SEO-003+SEO-004"
"GET","pl/blog/leģendāras-gleznas-reprodukcijas","","Closure","web","routes/redirect.php","388","","","redirects","READ_REDIRECT","","SECURITY_REPLACE","SEO-003+SEO-004"
"GET","pl/blog/looge-digitaalse-printimise-ja-õli-abil-elutruud-maalid","","Closure","web","routes/redirect.php","388","","","redirects","READ_REDIRECT","","SECURITY_REPLACE","SEO-003+SEO-004"
"GET","pl/blog/lustiges-simpsons-stil-porträt-werden-einer-der-helden-des-legendären-cartoons","","Closure","web","routes/redirect.php","388","","","redirects","READ_REDIRECT","","SECURITY_REPLACE","SEO-003+SEO-004"
"GET","pl/blog/maalide-baguette-raamimine","","Closure","web","routes/redirect.php","388","","","redirects","READ_REDIRECT","","SECURITY_REPLACE","SEO-003+SEO-004"
"GET","pl/blog/maalimine-fotost-lõuendile-suurepärane-kingitus","","Closure","web","routes/redirect.php","388","","","redirects","READ_REDIRECT","","SECURITY_REPLACE","SEO-003+SEO-004"
"GET","pl/blog/mājdzīvnieka-portrets","","Closure","web","routes/redirect.php","388","","","redirects","READ_REDIRECT","","SECURITY_REPLACE","SEO-003+SEO-004"
"GET","pl/blog/man-gift","","Closure","web","routes/redirect.php","388","","","redirects","READ_REDIRECT","","SECURITY_REPLACE","SEO-003+SEO-004"
"GET","pl/blog/millised-fotod-sobivad-portree-loomiseks","","Closure","web","routes/redirect.php","388","","","redirects","READ_REDIRECT","","SECURITY_REPLACE","SEO-003+SEO-004"
"GET","pl/blog/modulare-malerei-eine-ungewöhnliche-und-interessante-einrichtungslösung","","Closure","web","routes/redirect.php","388","","","redirects","READ_REDIRECT","","SECURITY_REPLACE","SEO-003+SEO-004"
"GET","pl/blog/Moduliniai-paveikslai","","Closure","web","routes/redirect.php","388","","","redirects","READ_REDIRECT","","SECURITY_REPLACE","SEO-003+SEO-004"
"GET","pl/blog/modulnye-kartiny-neobychnoe-i-interesnoe-reshenie-dlya-interera","","Closure","web","routes/redirect.php","388","","","redirects","READ_REDIRECT","","SECURITY_REPLACE","SEO-003+SEO-004"
"GET","pl/blog/moduļu-kanvas-generators","","Closure","web","routes/redirect.php","388","","","redirects","READ_REDIRECT","","SECURITY_REPLACE","SEO-003+SEO-004"
"GET","pl/blog/moodulmaalid-ebatavaline-ja-huvitav-lahendus-interjööri-jaoks","","Closure","web","routes/redirect.php","388","","","redirects","READ_REDIRECT","","SECURITY_REPLACE","SEO-003+SEO-004"
"GET","pl/blog/naljakas-portree-stiilis-simpsonid-saage-üheks-legendaarse-animasarja-kangelaseks","","Closure","web","routes/redirect.php","388","","","redirects","READ_REDIRECT","","SECURITY_REPLACE","SEO-003+SEO-004"
"GET","pl/blog/obrazy-modułowe","","Closure","web","routes/redirect.php","388","","","redirects","READ_REDIRECT","","SECURITY_REPLACE","SEO-003+SEO-004"
"GET","pl/blog/obrazy-wykonane-farbami","","Closure","web","routes/redirect.php","388","","","redirects","READ_REDIRECT","","SECURITY_REPLACE","SEO-003+SEO-004"
"GET","pl/blog/opakowanie-prezentowe","","Closure","web","routes/redirect.php","388","","","redirects","READ_REDIRECT","","SECURITY_REPLACE","SEO-003+SEO-004"
"GET","pl/blog/painting-artists","","Closure","web","routes/redirect.php","388","","","redirects","READ_REDIRECT","","SECURITY_REPLACE","SEO-003+SEO-004"
"GET","pl/blog/Paveikslas-is-nuotraukos-ant-drobės","","Closure","web","routes/redirect.php","388","","","redirects","READ_REDIRECT","","SECURITY_REPLACE","SEO-003+SEO-004"
"GET","pl/blog/Paveikslas-iš-nuotraukos-ant-drobės","","Closure","web","routes/redirect.php","388","","","redirects","READ_REDIRECT","","SECURITY_REPLACE","SEO-003+SEO-004"
"GET","pl/blog/pet-portrait-on-canvas","","Closure","web","routes/redirect.php","388","","","redirects","READ_REDIRECT","","SECURITY_REPLACE","SEO-003+SEO-004"
"GET","pl/blog/photo-canvas-quality","","Closure","web","routes/redirect.php","388","","","redirects","READ_REDIRECT","","SECURITY_REPLACE","SEO-003+SEO-004"
"GET","pl/blog/photo-canvas-with-high-quality-printing","","Closure","web","routes/redirect.php","388","","","redirects","READ_REDIRECT","","SECURITY_REPLACE","SEO-003+SEO-004"
"GET","pl/blog/photo-recovery-canvas","","Closure","web","routes/redirect.php","388","","","redirects","READ_REDIRECT","","SECURITY_REPLACE","SEO-003+SEO-004"
"GET","pl/blog/Pigment- oder Lösemitteltinte - was ist besser","","Closure","web","routes/redirect.php","388","","","redirects","READ_REDIRECT","","SECURITY_REPLACE","SEO-003+SEO-004"
"GET","pl/blog/pigmentiniai-ar-tirpikliniai-paveikslai","","Closure","web","routes/redirect.php","388","","","redirects","READ_REDIRECT","","SECURITY_REPLACE","SEO-003+SEO-004"
"GET","pl/blog/pigment-või-lahustivärvil-põhinevad-maalid-millised-neist-on-paremad","","Closure","web","routes/redirect.php","388","","","redirects","READ_REDIRECT","","SECURITY_REPLACE","SEO-003+SEO-004"
"GET","pl/blog/Podarochnaya upakovka","","Closure","web","routes/redirect.php","388","","","redirects","READ_REDIRECT","","SECURITY_REPLACE","SEO-003+SEO-004"
"GET","pl/blog/podarochnaya-karta-velikolepnyj-prezent-na-lyuboj-sluchaj","","Closure","web","routes/redirect.php","388","","","redirects","READ_REDIRECT","","SECURITY_REPLACE","SEO-003+SEO-004"
"GET","pl/blog/Podarotschnaja-upakowka","","Closure","web","routes/redirect.php","388","","","redirects","READ_REDIRECT","","SECURITY_REPLACE","SEO-003+SEO-004"
"GET","pl/blog/portraitdrawing","","Closure","web","routes/redirect.php","388","","","redirects","READ_REDIRECT","","SECURITY_REPLACE","SEO-003+SEO-004"
"GET","pl/blog/porträt-in-der-similitude-mehr-als-nur-eine-fotomontage","","Closure","web","routes/redirect.php","388","","","redirects","READ_REDIRECT","","SECURITY_REPLACE","SEO-003+SEO-004"
"GET","pl/blog/porträt-ist-ein-teil-der-seele-auf-der-leinwand-ein-ein paar-worte-über-die-qualität-des-porträts","","Closure","web","routes/redirect.php","388","","","redirects","READ_REDIRECT","","SECURITY_REPLACE","SEO-003+SEO-004"
"GET","pl/blog/portree-on-tükk-hinge-lõuendil","","Closure","web","routes/redirect.php","388","","","redirects","READ_REDIRECT","","SECURITY_REPLACE","SEO-003+SEO-004"
"GET","pl/blog/portree-pildil-on-midagi-enamat-kui-lihtsalt-fotomontaaž","","Closure","web","routes/redirect.php","388","","","redirects","READ_REDIRECT","","SECURITY_REPLACE","SEO-003+SEO-004"
"GET","pl/blog/portree-stiilis-lemmikloomad-aristokraadid","","Closure","web","routes/redirect.php","388","","","redirects","READ_REDIRECT","","SECURITY_REPLACE","SEO-003+SEO-004"
"GET","pl/blog/portret-chastichka-dushi-na-polotne","","Closure","web","routes/redirect.php","388","","","redirects","READ_REDIRECT","","SECURITY_REPLACE","SEO-003+SEO-004"
"GET","pl/blog/portreti-pēc-fotografījas","","Closure","web","routes/redirect.php","388","","","redirects","READ_REDIRECT","","SECURITY_REPLACE","SEO-003+SEO-004"
"GET","pl/blog/portrets","","Closure","web","routes/redirect.php","388","","","redirects","READ_REDIRECT","","SECURITY_REPLACE","SEO-003+SEO-004"
"GET","pl/blog/portrets_vesturiska_kostima","","Closure","web","routes/redirect.php","388","","","redirects","READ_REDIRECT","","SECURITY_REPLACE","SEO-003+SEO-004"
"GET","pl/blog/portrets-pēc-foto – kā-dāvana","","Closure","web","routes/redirect.php","388","","","redirects","READ_REDIRECT","","SECURITY_REPLACE","SEO-003+SEO-004"
"GET","pl/blog/portrets-uz-kanvas -simpsonu-stilā","","Closure","web","routes/redirect.php","388","","","redirects","READ_REDIRECT","","SECURITY_REPLACE","SEO-003+SEO-004"
"GET","pl/blog/portret-to-fragment-duszy-na-płotnie-o-jakości-portretu","","Closure","web","routes/redirect.php","388","","","redirects","READ_REDIRECT","","SECURITY_REPLACE","SEO-003+SEO-004"
"GET","pl/blog/portret-v-obraze-nechto-bolshee-chem-prosto-fotomontazh","","Closure","web","routes/redirect.php","388","","","redirects","READ_REDIRECT","","SECURITY_REPLACE","SEO-003+SEO-004"
"GET","pl/blog/portret-w-stylu-pupila","","Closure","web","routes/redirect.php","388","","","redirects","READ_REDIRECT","","SECURITY_REPLACE","SEO-003+SEO-004"
"GET","pl/blog/portrety-artystyczne","","Closure","web","routes/redirect.php","388","","","redirects","READ_REDIRECT","","SECURITY_REPLACE","SEO-003+SEO-004"
"GET","pl/blog/portrety-graficzne-sztuka-nowoczesności.","","Closure","web","routes/redirect.php","388","","","redirects","READ_REDIRECT","","SECURITY_REPLACE","SEO-003+SEO-004"
"GET","pl/blog/portret-z-charakterem","","Closure","web","routes/redirect.php","388","","","redirects","READ_REDIRECT","","SECURITY_REPLACE","SEO-003+SEO-004"
"GET","pl/blog/quality-print-on-canvas","","Closure","web","routes/redirect.php","388","","","redirects","READ_REDIRECT","","SECURITY_REPLACE","SEO-003+SEO-004"
"GET","pl/blog/ramki-do-obrazów","","Closure","web","routes/redirect.php","388","","","redirects","READ_REDIRECT","","SECURITY_REPLACE","SEO-003+SEO-004"
"GET","pl/blog/Realistische-Bilder-erstellen-mit-Digitaldruck-und-Öl","","Closure","web","routes/redirect.php","388","","","redirects","READ_REDIRECT","","SECURITY_REPLACE","SEO-003+SEO-004"
"GET","pl/blog/reprodukciya-legendarnyh-kartin-na-holste-v-vysokom-kachestve","","Closure","web","routes/redirect.php","388","","","redirects","READ_REDIRECT","","SECURITY_REPLACE","SEO-003+SEO-004"
"GET","pl/blog/reprodukcja-legendarnych-obrazów","","Closure","web","routes/redirect.php","388","","","redirects","READ_REDIRECT","","SECURITY_REPLACE","SEO-003+SEO-004"
"GET","pl/blog/Reproduktion-der-Legendenmalerei-auf-Leinwand-in-hochwertiger-Qualität","","Closure","web","routes/redirect.php","388","","","redirects","READ_REDIRECT","","SECURITY_REPLACE","SEO-003+SEO-004"
"GET","pl/blog/sarzas-karikaturas","","Closure","web","routes/redirect.php","388","","","redirects","READ_REDIRECT","","SECURITY_REPLACE","SEO-003+SEO-004"
"GET","pl/blog/sarzas-karykatura","","Closure","web","routes/redirect.php","388","","","redirects","READ_REDIRECT","","SECURITY_REPLACE","SEO-003+SEO-004"
"GET","pl/blog/simpsonu-stiliaus-portretas","","Closure","web","routes/redirect.php","388","","","redirects","READ_REDIRECT","","SECURITY_REPLACE","SEO-003+SEO-004"
"GET","pl/blog/sõbralik-koomiks-on-suurepärane-viis-sõprade-ja-tuttavate-lõbustamiseks","","Closure","web","routes/redirect.php","388","","","redirects","READ_REDIRECT","","SECURITY_REPLACE","SEO-003+SEO-004"
"GET","pl/blog/sozdanie-realistichnyh-kartin-pri-pomoshchi-cifrovoj-pechati-i-masla","","Closure","web","routes/redirect.php","388","","","redirects","READ_REDIRECT","","SECURITY_REPLACE","SEO-003+SEO-004"
"GET","pl/blog/tworzenie-realistycznych-obrazów-za-pomocą-wydruków-cyfrowych-i-olejów","","Closure","web","routes/redirect.php","388","","","redirects","READ_REDIRECT","","SECURITY_REPLACE","SEO-003+SEO-004"
"GET","pl/blog/wspólna-karykatura-to-świetny-sposób-na-przyjemną-zabawę-z-przyjaciółmi-i-znajomymi","","Closure","web","routes/redirect.php","388","","","redirects","READ_REDIRECT","","SECURITY_REPLACE","SEO-003+SEO-004"
"GET","pl/blog/zabavnyj-portret-v-stile-simpsony-stan-odnim-iz-geroev-legendarnogo-multseriala","","Closure","web","routes/redirect.php","388","","","redirects","READ_REDIRECT","","SECURITY_REPLACE","SEO-003+SEO-004"
"GET","pl/blog/zabawny-portret-w-stylu","","Closure","web","routes/redirect.php","388","","","redirects","READ_REDIRECT","","SECURITY_REPLACE","SEO-003+SEO-004"
"GET","pl/blog/zdjęcia-na-płótnie","","Closure","web","routes/redirect.php","388","","","redirects","READ_REDIRECT","","SECURITY_REPLACE","SEO-003+SEO-004"
"GET","pl/canvas","","Closure","web","routes/redirect.php","388","","","redirects","READ_REDIRECT","","SECURITY_REPLACE","SEO-003+SEO-004"
"GET","pl/gallery/oil-pictures","","Closure","web","routes/redirect.php","388","","","redirects","READ_REDIRECT","","SECURITY_REPLACE","SEO-003+SEO-004"
"GET","pl/graphic-portrait/classic-portrait","","Closure","web","routes/redirect.php","388","","","redirects","READ_REDIRECT","","SECURITY_REPLACE","SEO-003+SEO-004"
"GET","pl/graphic-portrait/classic-portrait/buy","","Closure","web","routes/redirect.php","388","","","redirects","READ_REDIRECT","","SECURITY_REPLACE","SEO-003+SEO-004"
"GET","pl/graphic-portrait/color-and-black-and-white-photos","","Closure","web","routes/redirect.php","388","","","redirects","READ_REDIRECT","","SECURITY_REPLACE","SEO-003+SEO-004"
"GET","pl/graphic-portrait/customs-royal-portraits","","Closure","web","routes/redirect.php","388","","","redirects","READ_REDIRECT","","SECURITY_REPLACE","SEO-003+SEO-004"
"GET","pl/graphic-portrait/Doppelbelichtung-Portrait","","Closure","web","routes/redirect.php","388","","","redirects","READ_REDIRECT","","SECURITY_REPLACE","SEO-003+SEO-004"
"GET","pl/graphic-portrait/double-exposition-portrait","","Closure","web","routes/redirect.php","388","","","redirects","READ_REDIRECT","","SECURITY_REPLACE","SEO-003+SEO-004"
"GET","pl/graphic-portrait/dream-art-portrait","","Closure","web","routes/redirect.php","388","","","redirects","READ_REDIRECT","","SECURITY_REPLACE","SEO-003+SEO-004"
"GET","pl/graphic-portrait/Farb- und Schwarz-Weiß-Fotos","","Closure","web","routes/redirect.php","388","","","redirects","READ_REDIRECT","","SECURITY_REPLACE","SEO-003+SEO-004"
"GET","pl/graphic-portrait/foto-korekcja","","Closure","web","routes/redirect.php","388","","","redirects","READ_REDIRECT","","SECURITY_REPLACE","SEO-003+SEO-004"
"GET","pl/graphic-portrait/Fotokorrektur","","Closure","web","routes/redirect.php","388","","","redirects","READ_REDIRECT","","SECURITY_REPLACE","SEO-003+SEO-004"
"GET","pl/graphic-portrait/Fotowiederherstellung","","Closure","web","routes/redirect.php","388","","","redirects","READ_REDIRECT","","SECURITY_REPLACE","SEO-003+SEO-004"
"GET","pl/graphic-portrait/Grafik-Porträt","","Closure","web","routes/redirect.php","388","","","redirects","READ_REDIRECT","","SECURITY_REPLACE","SEO-003+SEO-004"
"GET","pl/graphic-portrait/graphic-portrait","","Closure","web","routes/redirect.php","388","","","redirects","READ_REDIRECT","","SECURITY_REPLACE","SEO-003+SEO-004"
"GET","pl/graphic-portrait/graphic-portrait/buy","","Closure","web","routes/redirect.php","388","","","redirects","READ_REDIRECT","","SECURITY_REPLACE","SEO-003+SEO-004"
"GET","pl/graphic-portrait/karikatur-porträt","","Closure","web","routes/redirect.php","388","","","redirects","READ_REDIRECT","","SECURITY_REPLACE","SEO-003+SEO-004"
"GET","pl/graphic-portrait/kolorowe-czarno-białe-zdjęcie","","Closure","web","routes/redirect.php","388","","","redirects","READ_REDIRECT","","SECURITY_REPLACE","SEO-003+SEO-004"
"GET","pl/graphic-portrait/Liebe ist Porträt","","Closure","web","routes/redirect.php","388","","","redirects","READ_REDIRECT","","SECURITY_REPLACE","SEO-003+SEO-004"
"GET","pl/graphic-portrait/love-isportrait","","Closure","web","routes/redirect.php","388","","","redirects","READ_REDIRECT","","SECURITY_REPLACE","SEO-003+SEO-004"
"GET","pl/graphic-portrait/love-is-portrait","","Closure","web","routes/redirect.php","388","","","redirects","READ_REDIRECT","","SECURITY_REPLACE","SEO-003+SEO-004"
"GET","pl/graphic-portrait/Low Poly Portrait","","Closure","web","routes/redirect.php","388","","","redirects","READ_REDIRECT","","SECURITY_REPLACE","SEO-003+SEO-004"
"GET","pl/graphic-portrait/low-poly-portrait","","Closure","web","routes/redirect.php","388","","","redirects","READ_REDIRECT","","SECURITY_REPLACE","SEO-003+SEO-004"
"GET","pl/graphic-portrait/low-poly-portret","","Closure","web","routes/redirect.php","388","","","redirects","READ_REDIRECT","","SECURITY_REPLACE","SEO-003+SEO-004"
"GET","pl/graphic-portrait/modulnaya-kartina-pavliny","","Closure","web","routes/redirect.php","388","","","redirects","READ_REDIRECT","","SECURITY_REPLACE","SEO-003+SEO-004"
"GET","pl/graphic-portrait/murciano-portrait","","Closure","web","routes/redirect.php","388","","","redirects","READ_REDIRECT","","SECURITY_REPLACE","SEO-003+SEO-004"
"GET","pl/graphic-portrait/murkisches Porträt","","Closure","web","routes/redirect.php","388","","","redirects","READ_REDIRECT","","SECURITY_REPLACE","SEO-003+SEO-004"
"GET","pl/graphic-portrait/odnawianie-zdjęć","","Closure","web","routes/redirect.php","388","","","redirects","READ_REDIRECT","","SECURITY_REPLACE","SEO-003+SEO-004"
"GET","pl/graphic-portrait/photo-correction","","Closure","web","routes/redirect.php","388","","","redirects","READ_REDIRECT","","SECURITY_REPLACE","SEO-003+SEO-004"
"GET","pl/graphic-portrait/photo-recovery","","Closure","web","routes/redirect.php","388","","","redirects","READ_REDIRECT","","SECURITY_REPLACE","SEO-003+SEO-004"
"GET","pl/graphic-portrait/pop-art-portrait","","Closure","web","routes/redirect.php","388","","","redirects","READ_REDIRECT","","SECURITY_REPLACE","SEO-003+SEO-004"
"GET","pl/graphic-portrait/pop-art-portrait/buy","","Closure","web","routes/redirect.php","388","","","redirects","READ_REDIRECT","","SECURITY_REPLACE","SEO-003+SEO-004"
"GET","pl/graphic-portrait/portrait-beauty-art","","Closure","web","routes/redirect.php","388","","","redirects","READ_REDIRECT","","SECURITY_REPLACE","SEO-003+SEO-004"
"GET","pl/graphic-portrait/portrait-beauty-art/buy","","Closure","web","routes/redirect.php","388","","","redirects","READ_REDIRECT","","SECURITY_REPLACE","SEO-003+SEO-004"
"GET","pl/graphic-portrait/portrait-caricature","","Closure","web","routes/redirect.php","388","","","redirects","READ_REDIRECT","","SECURITY_REPLACE","SEO-003+SEO-004"
"GET","pl/graphic-portrait/portrait-caricature/buy","","Closure","web","routes/redirect.php","388","","","redirects","READ_REDIRECT","","SECURITY_REPLACE","SEO-003+SEO-004"
"GET","pl/graphic-portrait/portrait-colorization","","Closure","web","routes/redirect.php","388","","","redirects","READ_REDIRECT","","SECURITY_REPLACE","SEO-003+SEO-004"
"GET","pl/graphic-portrait/portrait-compliment","","Closure","web","routes/redirect.php","388","","","redirects","READ_REDIRECT","","SECURITY_REPLACE","SEO-003+SEO-004"
"GET","pl/graphic-portrait/portrait-double-exposure","","Closure","web","routes/redirect.php","388","","","redirects","READ_REDIRECT","","SECURITY_REPLACE","SEO-003+SEO-004"
"GET","pl/graphic-portrait/portrait-dream-art","","Closure","web","routes/redirect.php","388","","","redirects","READ_REDIRECT","","SECURITY_REPLACE","SEO-003+SEO-004"
"GET","pl/graphic-portrait/portrait-dream-art/buy","","Closure","web","routes/redirect.php","388","","","redirects","READ_REDIRECT","","SECURITY_REPLACE","SEO-003+SEO-004"
"GET","pl/graphic-portrait/portrait-in-image","","Closure","web","routes/redirect.php","388","","","redirects","READ_REDIRECT","","SECURITY_REPLACE","SEO-003+SEO-004"
"GET","pl/graphic-portrait/portrait-in-the-image","","Closure","web","routes/redirect.php","388","","","redirects","READ_REDIRECT","","SECURITY_REPLACE","SEO-003+SEO-004"
"GET","pl/graphic-portrait/portrait-made-from-words","","Closure","web","routes/redirect.php","388","","","redirects","READ_REDIRECT","","SECURITY_REPLACE","SEO-003+SEO-004"
"GET","pl/graphic-portrait/portrait-of-love-is","","Closure","web","routes/redirect.php","388","","","redirects","READ_REDIRECT","","SECURITY_REPLACE","SEO-003+SEO-004"
"GET","pl/graphic-portrait/portrait-of-murciano","","Closure","web","routes/redirect.php","388","","","redirects","READ_REDIRECT","","SECURITY_REPLACE","SEO-003+SEO-004"
"GET","pl/graphic-portrait/portrait-pop-art","","Closure","web","routes/redirect.php","388","","","redirects","READ_REDIRECT","","SECURITY_REPLACE","SEO-003+SEO-004"
"GET","pl/graphic-portrait/portrait-retouch","","Closure","web","routes/redirect.php","388","","","redirects","READ_REDIRECT","","SECURITY_REPLACE","SEO-003+SEO-004"
"GET","pl/graphic-portrait/portrait-spancaricaturespan","","Closure","web","routes/redirect.php","388","","","redirects","READ_REDIRECT","","SECURITY_REPLACE","SEO-003+SEO-004"
"GET","pl/graphic-portrait/portrait-spanclassicspan","","Closure","web","routes/redirect.php","388","","","redirects","READ_REDIRECT","","SECURITY_REPLACE","SEO-003+SEO-004"
"GET","pl/graphic-portrait/Porträt-aus-Wörtern","","Closure","web","routes/redirect.php","388","","","redirects","READ_REDIRECT","","SECURITY_REPLACE","SEO-003+SEO-004"
"GET","pl/graphic-portrait/portret-beauty-art","","Closure","web","routes/redirect.php","388","","","redirects","READ_REDIRECT","","SECURITY_REPLACE","SEO-003+SEO-004"
"GET","pl/graphic-portrait/portret-karykatura","","Closure","web","routes/redirect.php","388","","","redirects","READ_REDIRECT","","SECURITY_REPLACE","SEO-003+SEO-004"
"GET","pl/graphic-portrait/portret-murchiano","","Closure","web","routes/redirect.php","388","","","redirects","READ_REDIRECT","","SECURITY_REPLACE","SEO-003+SEO-004"
"GET","pl/graphic-portrait/portret-pop-art","","Closure","web","routes/redirect.php","388","","","redirects","READ_REDIRECT","","SECURITY_REPLACE","SEO-003+SEO-004"
"GET","pl/graphic-portrait/portret-stylizowany","","Closure","web","routes/redirect.php","388","","","redirects","READ_REDIRECT","","SECURITY_REPLACE","SEO-003+SEO-004"
"GET","pl/graphic-portrait/Portret-w-stylu-Love-is","","Closure","web","routes/redirect.php","388","","","redirects","READ_REDIRECT","","SECURITY_REPLACE","SEO-003+SEO-004"
"GET","pl/graphic-portrait/portret-ze-słów","","Closure","web","routes/redirect.php","388","","","redirects","READ_REDIRECT","","SECURITY_REPLACE","SEO-003+SEO-004"
"GET","pl/graphic-portrait/portret-z-podwójną-ekspozycją","","Closure","web","routes/redirect.php","388","","","redirects","READ_REDIRECT","","SECURITY_REPLACE","SEO-003+SEO-004"
"GET","pl/graphic-portrait/simpsons-portrait","","Closure","web","routes/redirect.php","388","","","redirects","READ_REDIRECT","","SECURITY_REPLACE","SEO-003+SEO-004"
"GET","pl/graphic-portrait/spanartspan-portraits","","Closure","web","routes/redirect.php","388","","","redirects","READ_REDIRECT","","SECURITY_REPLACE","SEO-003+SEO-004"
"GET","pl/graphic-portrait/spanpaintingsspan","","Closure","web","routes/redirect.php","388","","","redirects","READ_REDIRECT","","SECURITY_REPLACE","SEO-003+SEO-004"
"GET","pl/graphic-portrait/spanpetspanportrait","","Closure","web","routes/redirect.php","388","","","redirects","READ_REDIRECT","","SECURITY_REPLACE","SEO-003+SEO-004"
"GET","pl/graphic-portrait/vintage-portrait","","Closure","web","routes/redirect.php","388","","","redirects","READ_REDIRECT","","SECURITY_REPLACE","SEO-003+SEO-004"
"GET","pl/modular-pictures","","Closure","web","routes/redirect.php","388","","","redirects","READ_REDIRECT","","SECURITY_REPLACE","SEO-003+SEO-004"
"GET","pl/new/caricature/athlete_caricatures","","Closure","web","routes/redirect.php","388","","","redirects","READ_REDIRECT","","SECURITY_REPLACE","SEO-003+SEO-004"
"GET","pl/new/caricature/black_and_white_caricatures","","Closure","web","routes/redirect.php","388","","","redirects","READ_REDIRECT","","SECURITY_REPLACE","SEO-003+SEO-004"
"GET","pl/new/caricature/caricature_for_birthday","","Closure","web","routes/redirect.php","388","","","redirects","READ_REDIRECT","","SECURITY_REPLACE","SEO-003+SEO-004"
"GET","pl/new/caricature/family_caricature","","Closure","web","routes/redirect.php","388","","","redirects","READ_REDIRECT","","SECURITY_REPLACE","SEO-003+SEO-004"
"GET","pl/new/caricature/group_caricatures","","Closure","web","routes/redirect.php","388","","","redirects","READ_REDIRECT","","SECURITY_REPLACE","SEO-003+SEO-004"
"GET","pl/new/caricature/portrait-in-image","","Closure","web","routes/redirect.php","388","","","redirects","READ_REDIRECT","","SECURITY_REPLACE","SEO-003+SEO-004"
"GET","pl/new/caricature/portrait-in-the-image","","Closure","web","routes/redirect.php","388","","","redirects","READ_REDIRECT","","SECURITY_REPLACE","SEO-003+SEO-004"
"GET","pl/new/caricature/portret-stylizowany","","Closure","web","routes/redirect.php","388","","","redirects","READ_REDIRECT","","SECURITY_REPLACE","SEO-003+SEO-004"
"GET","pl/new/caricature/spancaricaturespan-for-birthday","","Closure","web","routes/redirect.php","388","","","redirects","READ_REDIRECT","","SECURITY_REPLACE","SEO-003+SEO-004"
"GET","pl/new/caricature/wedding_caricature","","Closure","web","routes/redirect.php","388","","","redirects","READ_REDIRECT","","SECURITY_REPLACE","SEO-003+SEO-004"
"GET","pl/new/caricature/сaricature_for_сolleagues","","Closure","web","routes/redirect.php","388","","","redirects","READ_REDIRECT","","SECURITY_REPLACE","SEO-003+SEO-004"
"GET","pl/new/graphic-portrait/-988","","Closure","web","routes/redirect.php","388","","","redirects","READ_REDIRECT","","SECURITY_REPLACE","SEO-003+SEO-004"
"GET","pl/new/graphic-portrait/classic-portrait","","Closure","web","routes/redirect.php","388","","","redirects","READ_REDIRECT","","SECURITY_REPLACE","SEO-003+SEO-004"
"GET","pl/new/graphic-portrait/customs-royal-portraits","","Closure","web","routes/redirect.php","388","","","redirects","READ_REDIRECT","","SECURITY_REPLACE","SEO-003+SEO-004"
"GET","pl/new/graphic-portrait/Grafik-Porträt","","Closure","web","routes/redirect.php","388","","","redirects","READ_REDIRECT","","SECURITY_REPLACE","SEO-003+SEO-004"
"GET","pl/new/graphic-portrait/karikatur-porträt","","Closure","web","routes/redirect.php","388","","","redirects","READ_REDIRECT","","SECURITY_REPLACE","SEO-003+SEO-004"
"GET","pl/new/graphic-portrait/klasisks-portrets","","Closure","web","routes/redirect.php","388","","","redirects","READ_REDIRECT","","SECURITY_REPLACE","SEO-003+SEO-004"
"GET","pl/new/graphic-portrait/portrait-beauty-art/buy","","Closure","web","routes/redirect.php","388","","","redirects","READ_REDIRECT","","SECURITY_REPLACE","SEO-003+SEO-004"
"GET","pl/new/graphic-portrait/portrait-caricature","","Closure","web","routes/redirect.php","388","","","redirects","READ_REDIRECT","","SECURITY_REPLACE","SEO-003+SEO-004"
"GET","pl/new/graphic-portrait/portrait-Dream-Art","","Closure","web","routes/redirect.php","388","","","redirects","READ_REDIRECT","","SECURITY_REPLACE","SEO-003+SEO-004"
"GET","pl/new/graphic-portrait/portrait-dream-art/buy","","Closure","web","routes/redirect.php","388","","","redirects","READ_REDIRECT","","SECURITY_REPLACE","SEO-003+SEO-004"
"GET","pl/new/graphic-portrait/portrait-pop-art","","Closure","web","routes/redirect.php","388","","","redirects","READ_REDIRECT","","SECURITY_REPLACE","SEO-003+SEO-004"
"GET","pl/new/graphic-portrait/portrait-spancaricaturespan","","Closure","web","routes/redirect.php","388","","","redirects","READ_REDIRECT","","SECURITY_REPLACE","SEO-003+SEO-004"
"GET","pl/new/graphic-portrait/portrait-spanclassicspan","","Closure","web","routes/redirect.php","388","","","redirects","READ_REDIRECT","","SECURITY_REPLACE","SEO-003+SEO-004"
"GET","pl/new/graphic-portrait/portret-beauty-art","","Closure","web","routes/redirect.php","388","","","redirects","READ_REDIRECT","","SECURITY_REPLACE","SEO-003+SEO-004"
"GET","pl/new/graphic-portrait/portret-dream-art","","Closure","web","routes/redirect.php","388","","","redirects","READ_REDIRECT","","SECURITY_REPLACE","SEO-003+SEO-004"
"GET","pl/new/graphic-portrait/portret-graficzny","","Closure","web","routes/redirect.php","388","","","redirects","READ_REDIRECT","","SECURITY_REPLACE","SEO-003+SEO-004"
"GET","pl/new/graphic-portrait/portret-karykatura","","Closure","web","routes/redirect.php","388","","","redirects","READ_REDIRECT","","SECURITY_REPLACE","SEO-003+SEO-004"
"GET","pl/new/graphic-portrait/simposons-custums","","Closure","web","routes/redirect.php","388","","","redirects","READ_REDIRECT","","SECURITY_REPLACE","SEO-003+SEO-004"
"GET","pl/new/graphic-portrait/simpsons-portrait","","Closure","web","routes/redirect.php","388","","","redirects","READ_REDIRECT","","SECURITY_REPLACE","SEO-003+SEO-004"
"GET","pl/new/graphic-portrait/spanartspan-portraits","","Closure","web","routes/redirect.php","388","","","redirects","READ_REDIRECT","","SECURITY_REPLACE","SEO-003+SEO-004"
"GET","pl/new/graphic-portrait/spanbeauty-art-span-portree","","Closure","web","routes/redirect.php","388","","","redirects","READ_REDIRECT","","SECURITY_REPLACE","SEO-003+SEO-004"
"GET","pl/new/graphic-portrait/spanpaintingsspan","","Closure","web","routes/redirect.php","388","","","redirects","READ_REDIRECT","","SECURITY_REPLACE","SEO-003+SEO-004"
"GET","pl/new/graphic-portrait/spanpetspanportrait","","Closure","web","routes/redirect.php","388","","","redirects","READ_REDIRECT","","SECURITY_REPLACE","SEO-003+SEO-004"
"GET","pl/new/graphic-portrait/süßes Kunstportrait","","Closure","web","routes/redirect.php","388","","","redirects","READ_REDIRECT","","SECURITY_REPLACE","SEO-003+SEO-004"
"GET","pl/new/graphic-portrait/traum-kunst-porträt","","Closure","web","routes/redirect.php","388","","","redirects","READ_REDIRECT","","SECURITY_REPLACE","SEO-003+SEO-004"
"GET","pl/oil-portrait","","Closure","web","routes/redirect.php","388","","","redirects","READ_REDIRECT","","SECURITY_REPLACE","SEO-003+SEO-004"
"GET","pl/page/faq","","Closure","web","routes/redirect.php","388","","","redirects","READ_REDIRECT","","SECURITY_REPLACE","SEO-003+SEO-004"
"GET","pl/photo","","Closure","web","routes/redirect.php","388","","","redirects","READ_REDIRECT","","SECURITY_REPLACE","SEO-003+SEO-004"
"GET","register","register","App\Http\Controllers\Auth\RegisterController@showRegistrationForm","web","vendor/laravel/framework/src/Illuminate/Foundation/Auth/RegistersUsers.php","18","","","standard auth","SESSION_OR_DB_WRITE","","SHELL_ONLY","AUTH-001"
"POST","register","","App\Http\Controllers\Auth\RegisterController@register","web","vendor/laravel/framework/src/Illuminate/Foundation/Auth/RegistersUsers.php","29","","","standard auth","SESSION_OR_DB_WRITE","","SHELL_ONLY","AUTH-001"
"GET","review","review","App\Http\Controllers\Pages\ReviewController@index","web|resetPlLocale|localize|localeSessionRedirect|localizationRedirect|lastModified","app/Http/Controllers/Pages/ReviewController.php","28","","","reviews","READ_DB","","MISSING_TARGET","SEO-006"
"POST","review","review.store","App\Http\Controllers\Pages\ReviewController@store","web|resetPlLocale|localize|localeSessionRedirect|localizationRedirect|lastModified","app/Http/Controllers/Pages/ReviewController.php","122","","DB|MODEL_WRITE","reviews","WRITE_DB_FILE","","MISSING_TARGET","SEO-006"
"GET","robots.txt","main.robots.txt","App\Http\Controllers\RobotsController@mainRobots","web","app/Http/Controllers/RobotsController.php","41","","REDIRECT","implemented foundation","READ_DB","GET|HEAD robots.txt [public.robots] || GET|HEAD {locale}/robots.txt [public.localized.robots]","PARITY_DONE","APP-005A"
"GET","ru/blog/-10","","Closure","web","routes/redirect.php","388","","","redirects","READ_REDIRECT","","SECURITY_REPLACE","SEO-003+SEO-004"
"GET","ru/blog/-11","","Closure","web","routes/redirect.php","388","","","redirects","READ_REDIRECT","","SECURITY_REPLACE","SEO-003+SEO-004"
"GET","ru/blog/-12","","Closure","web","routes/redirect.php","388","","","redirects","READ_REDIRECT","","SECURITY_REPLACE","SEO-003+SEO-004"
"GET","ru/blog/-13","","Closure","web","routes/redirect.php","388","","","redirects","READ_REDIRECT","","SECURITY_REPLACE","SEO-003+SEO-004"
"GET","ru/blog/-14","","Closure","web","routes/redirect.php","388","","","redirects","READ_REDIRECT","","SECURITY_REPLACE","SEO-003+SEO-004"
"GET","ru/blog/-15","","Closure","web","routes/redirect.php","388","","","redirects","READ_REDIRECT","","SECURITY_REPLACE","SEO-003+SEO-004"
"GET","ru/blog/-16","","Closure","web","routes/redirect.php","388","","","redirects","READ_REDIRECT","","SECURITY_REPLACE","SEO-003+SEO-004"
"GET","ru/blog/-17","","Closure","web","routes/redirect.php","388","","","redirects","READ_REDIRECT","","SECURITY_REPLACE","SEO-003+SEO-004"
"GET","ru/blog/-18","","Closure","web","routes/redirect.php","388","","","redirects","READ_REDIRECT","","SECURITY_REPLACE","SEO-003+SEO-004"
"GET","ru/blog/-19","","Closure","web","routes/redirect.php","388","","","redirects","READ_REDIRECT","","SECURITY_REPLACE","SEO-003+SEO-004"
"GET","ru/blog/-2","","Closure","web","routes/redirect.php","388","","","redirects","READ_REDIRECT","","SECURITY_REPLACE","SEO-003+SEO-004"
"GET","ru/blog/-20","","Closure","web","routes/redirect.php","388","","","redirects","READ_REDIRECT","","SECURITY_REPLACE","SEO-003+SEO-004"
"GET","ru/blog/-4","","Closure","web","routes/redirect.php","388","","","redirects","READ_REDIRECT","","SECURITY_REPLACE","SEO-003+SEO-004"
"GET","ru/blog/-6","","Closure","web","routes/redirect.php","388","","","redirects","READ_REDIRECT","","SECURITY_REPLACE","SEO-003+SEO-004"
"GET","ru/blog/-9","","Closure","web","routes/redirect.php","388","","","redirects","READ_REDIRECT","","SECURITY_REPLACE","SEO-003+SEO-004"
"GET","ru/blog/art-portrait-canvas-kanvas","","Closure","web","routes/redirect.php","388","","","redirects","READ_REDIRECT","","SECURITY_REPLACE","SEO-003+SEO-004"
"GET","ru/blog/art-portrait-kanvas-art","","Closure","web","routes/redirect.php","388","","","redirects","READ_REDIRECT","","SECURITY_REPLACE","SEO-003+SEO-004"
"GET","ru/blog/art-prezent-dla-bliskich","","Closure","web","routes/redirect.php","388","","","redirects","READ_REDIRECT","","SECURITY_REPLACE","SEO-003+SEO-004"
"GET","ru/blog/augintinio-portretas","","Closure","web","routes/redirect.php","388","","","redirects","READ_REDIRECT","","SECURITY_REPLACE","SEO-003+SEO-004"
"GET","ru/blog/aukstos-kokybės-reprodukcija","","Closure","web","routes/redirect.php","388","","","redirects","READ_REDIRECT","","SECURITY_REPLACE","SEO-003+SEO-004"
"GET","ru/blog/Bagetinis-paveikslų-rėminimas","","Closure","web","routes/redirect.php","388","","","redirects","READ_REDIRECT","","SECURITY_REPLACE","SEO-003+SEO-004"
"GET","ru/blog/bagetnoe-obramlenie-kartin","","Closure","web","routes/redirect.php","388","","","redirects","READ_REDIRECT","","SECURITY_REPLACE","SEO-003+SEO-004"
"GET","ru/blog/Baguette-Rahmen-aus-Gemälden-Relikte-aus-der-Vergangenheit-oder-noch-relevant","","Closure","web","routes/redirect.php","388","","","redirects","READ_REDIRECT","","SECURITY_REPLACE","SEO-003+SEO-004"
"GET","ru/blog/canvas","","Closure","web","routes/redirect.php","388","","","redirects","READ_REDIRECT","","SECURITY_REPLACE","SEO-003+SEO-004"
"GET","ru/blog/canvas-or-photo-painting-transform-your-memories-into-art","","Closure","web","routes/redirect.php","388","","","redirects","READ_REDIRECT","","SECURITY_REPLACE","SEO-003+SEO-004"
"GET","ru/blog/canvas-wall-print","","Closure","web","routes/redirect.php","388","","","redirects","READ_REDIRECT","","SECURITY_REPLACE","SEO-003+SEO-004"
"GET","ru/blog/collage-mit-kindern-das-beste-geschenk-für-eltern-und-ihre-kinder","","Closure","web","routes/redirect.php","388","","","redirects","READ_REDIRECT","","SECURITY_REPLACE","SEO-003+SEO-004"
"GET","ru/blog/detskij-kollazh-samyj-luchshij-podarok-dlya-roditelej-i-druzej","","Closure","web","routes/redirect.php","388","","","redirects","READ_REDIRECT","","SECURITY_REPLACE","SEO-003+SEO-004"
"GET","ru/blog/digitāla-druka-un-eļļa.","","Closure","web","routes/redirect.php","388","","","redirects","READ_REDIRECT","","SECURITY_REPLACE","SEO-003+SEO-004"
"GET","ru/blog/dovanu-kortele-puiki-dovana","","Closure","web","routes/redirect.php","388","","","redirects","READ_REDIRECT","","SECURITY_REPLACE","SEO-003+SEO-004"
"GET","ru/blog/dovanu-pakuote","","Closure","web","routes/redirect.php","388","","","redirects","READ_REDIRECT","","SECURITY_REPLACE","SEO-003+SEO-004"
"GET","ru/blog/druka-uz-audekla-dāvanā","","Closure","web","routes/redirect.php","388","","","redirects","READ_REDIRECT","","SECURITY_REPLACE","SEO-003+SEO-004"
"GET","ru/blog/druzheskij-sharzh-otlichnyj-sposob-poveselit-druzej-i-znakomyh","","Closure","web","routes/redirect.php","388","","","redirects","READ_REDIRECT","","SECURITY_REPLACE","SEO-003+SEO-004"
"GET","ru/blog/eine-geschenk-karte-ist-ein-gutes-geschenk-für-einen-anlass","","Closure","web","routes/redirect.php","388","","","redirects","READ_REDIRECT","","SECURITY_REPLACE","SEO-003+SEO-004"
"GET","ru/blog/ffff","","Closure","web","routes/redirect.php","388","","","redirects","READ_REDIRECT","","SECURITY_REPLACE","SEO-003+SEO-004"
"GET","ru/blog/foto_uz_kanvas","","Closure","web","routes/redirect.php","388","","","redirects","READ_REDIRECT","","SECURITY_REPLACE","SEO-003+SEO-004"
"GET","ru/blog/fotod-fotosessioonist-õuendil","","Closure","web","routes/redirect.php","388","","","redirects","READ_REDIRECT","","SECURITY_REPLACE","SEO-003+SEO-004"
"GET","ru/blog/fotodrobės","","Closure","web","routes/redirect.php","388","","","redirects","READ_REDIRECT","","SECURITY_REPLACE","SEO-003+SEO-004"
"GET","ru/blog/fotografie-do-portretu","","Closure","web","routes/redirect.php","388","","","redirects","READ_REDIRECT","","SECURITY_REPLACE","SEO-003+SEO-004"
"GET","ru/blog/foto-kanvas","","Closure","web","routes/redirect.php","388","","","redirects","READ_REDIRECT","","SECURITY_REPLACE","SEO-003+SEO-004"
"GET","ru/blog/fotokartina-luchshij-podarok-roditelyam","","Closure","web","routes/redirect.php","388","","","redirects","READ_REDIRECT","","SECURITY_REPLACE","SEO-003+SEO-004"
"GET","ru/blog/fotolõuend","","Closure","web","routes/redirect.php","388","","","redirects","READ_REDIRECT","","SECURITY_REPLACE","SEO-003+SEO-004"
"GET","ru/blog/fotoobraz-jest-najlepszym-prezentem-dla-rodziców","","Closure","web","routes/redirect.php","388","","","redirects","READ_REDIRECT","","SECURITY_REPLACE","SEO-003+SEO-004"
"GET","ru/blog/fotoobraz-na-płótnie-w-prezencie","","Closure","web","routes/redirect.php","388","","","redirects","READ_REDIRECT","","SECURITY_REPLACE","SEO-003+SEO-004"
"GET","ru/blog/fotopaveikslas","","Closure","web","routes/redirect.php","388","","","redirects","READ_REDIRECT","","SECURITY_REPLACE","SEO-003+SEO-004"
"GET","ru/blog/fotopilt-on-parim-kingitus-vanematele","","Closure","web","routes/redirect.php","388","","","redirects","READ_REDIRECT","","SECURITY_REPLACE","SEO-003+SEO-004"
"GET","ru/blog/Fotos auf Leinwand","","Closure","web","routes/redirect.php","388","","","redirects","READ_REDIRECT","","SECURITY_REPLACE","SEO-003+SEO-004"
"GET","ru/blog/freundliche-karikatur-ist-ein-guter-weg-um-spaß-mit-freunden-und-bekannten-zu-haben","","Closure","web","routes/redirect.php","388","","","redirects","READ_REDIRECT","","SECURITY_REPLACE","SEO-003+SEO-004"
"GET","ru/blog/giclee-technology-art","","Closure","web","routes/redirect.php","388","","","redirects","READ_REDIRECT","","SECURITY_REPLACE","SEO-003+SEO-004"
"GET","ru/blog/gift-for_man","","Closure","web","routes/redirect.php","388","","","redirects","READ_REDIRECT","","SECURITY_REPLACE","SEO-003+SEO-004"
"GET","ru/blog/gift-for-mather","","Closure","web","routes/redirect.php","388","","","redirects","READ_REDIRECT","","SECURITY_REPLACE","SEO-003+SEO-004"
"GET","ru/blog/gleznas-uz-audekla-dāvanu-iesaiņojums","","Closure","web","routes/redirect.php","388","","","redirects","READ_REDIRECT","","SECURITY_REPLACE","SEO-003+SEO-004"
"GET","ru/blog/Gleznu-bagetes-ieramešana","","Closure","web","routes/redirect.php","388","","","redirects","READ_REDIRECT","","SECURITY_REPLACE","SEO-003+SEO-004"
"GET","ru/blog/graafilised-portreed-kaasaegse-maailma-kunst","","Closure","web","routes/redirect.php","388","","","redirects","READ_REDIRECT","","SECURITY_REPLACE","SEO-003+SEO-004"
"GET","ru/blog/graficheskie-portrety-iskusstvo-sovremennogo-mira","","Closure","web","routes/redirect.php","388","","","redirects","READ_REDIRECT","","SECURITY_REPLACE","SEO-003+SEO-004"
"GET","ru/blog/grafische-porträts-der-kunst-der-modernen-welt","","Closure","web","routes/redirect.php","388","","","redirects","READ_REDIRECT","","SECURITY_REPLACE","SEO-003+SEO-004"
"GET","ru/blog/Haustierporträt Aristokraten","","Closure","web","routes/redirect.php","388","","","redirects","READ_REDIRECT","","SECURITY_REPLACE","SEO-003+SEO-004"
"GET","ru/blog/ivaizdzio-portretas","","Closure","web","routes/redirect.php","388","","","redirects","READ_REDIRECT","","SECURITY_REPLACE","SEO-003+SEO-004"
"GET","ru/blog/jak-powstaje-portret-graficzny","","Closure","web","routes/redirect.php","388","","","redirects","READ_REDIRECT","","SECURITY_REPLACE","SEO-003+SEO-004"
"GET","ru/blog/kak-risuetsya-graficheskiy-portret","","Closure","web","routes/redirect.php","388","","","redirects","READ_REDIRECT","","SECURITY_REPLACE","SEO-003+SEO-004"
"GET","ru/blog/kanva","","Closure","web","routes/redirect.php","388","","","redirects","READ_REDIRECT","","SECURITY_REPLACE","SEO-003+SEO-004"
"GET","ru/blog/kanvas","","Closure","web","routes/redirect.php","388","","","redirects","READ_REDIRECT","","SECURITY_REPLACE","SEO-003+SEO-004"
"GET","ru/blog/kanvas_ pamatā _pigments_vai_šķīdinātāja_tinte_kura_ir_labāka","","Closure","web","routes/redirect.php","388","","","redirects","READ_REDIRECT","","SECURITY_REPLACE","SEO-003+SEO-004"
"GET","ru/blog/kanvas_apdruka","","Closure","web","routes/redirect.php","388","","","redirects","READ_REDIRECT","","SECURITY_REPLACE","SEO-003+SEO-004"
"GET","ru/blog/kanvas-apdruka-foto","","Closure","web","routes/redirect.php","388","","","redirects","READ_REDIRECT","","SECURITY_REPLACE","SEO-003+SEO-004"
"GET","ru/blog/kanvas-kvalitāte-foto","","Closure","web","routes/redirect.php","388","","","redirects","READ_REDIRECT","","SECURITY_REPLACE","SEO-003+SEO-004"
"GET","ru/blog/kanvas-nice-gift-for","","Closure","web","routes/redirect.php","388","","","redirects","READ_REDIRECT","","SECURITY_REPLACE","SEO-003+SEO-004"
"GET","ru/blog/karikatura-pec-pasutijuma","","Closure","web","routes/redirect.php","388","","","redirects","READ_REDIRECT","","SECURITY_REPLACE","SEO-003+SEO-004"
"GET","ru/blog/karta-podarunkowa","","Closure","web","routes/redirect.php","388","","","redirects","READ_REDIRECT","","SECURITY_REPLACE","SEO-003+SEO-004"
"GET","ru/blog/kartiny-na-osnove-pigmentnyh-ili-solventnyh-chernil-kakie-luchshe","","Closure","web","routes/redirect.php","388","","","redirects","READ_REDIRECT","","SECURITY_REPLACE","SEO-003+SEO-004"
"GET","ru/blog/kinkekaart-on-suurepärane-kingitus-igal-juhul","","Closure","web","routes/redirect.php","388","","","redirects","READ_REDIRECT","","SECURITY_REPLACE","SEO-003+SEO-004"
"GET","ru/blog/kinkepakk","","Closure","web","routes/redirect.php","388","","","redirects","READ_REDIRECT","","SECURITY_REPLACE","SEO-003+SEO-004"
"GET","ru/blog/kolaza–pati-labaka-davana","","Closure","web","routes/redirect.php","388","","","redirects","READ_REDIRECT","","SECURITY_REPLACE","SEO-003+SEO-004"
"GET","ru/blog/kolaże-z-dziećmi-najlepszy-prezent-dla-rodziców-i-ich-dzieci","","Closure","web","routes/redirect.php","388","","","redirects","READ_REDIRECT","","SECURITY_REPLACE","SEO-003+SEO-004"
"GET","ru/blog/Koliažas-ant-drobės","","Closure","web","routes/redirect.php","388","","","redirects","READ_REDIRECT","","SECURITY_REPLACE","SEO-003+SEO-004"
"GET","ru/blog/kollaaž-on-parim-kingitus-vanematele-ja-nende","","Closure","web","routes/redirect.php","388","","","redirects","READ_REDIRECT","","SECURITY_REPLACE","SEO-003+SEO-004"
"GET","ru/blog/kompozycja-z-fotoobrazów","","Closure","web","routes/redirect.php","388","","","redirects","READ_REDIRECT","","SECURITY_REPLACE","SEO-003+SEO-004"
"GET","ru/blog/kuidas-joonistatakse-graafiline-portree","","Closure","web","routes/redirect.php","388","","","redirects","READ_REDIRECT","","SECURITY_REPLACE","SEO-003+SEO-004"
"GET","ru/blog/labaka-davana-vecakiem","","Closure","web","routes/redirect.php","388","","","redirects","READ_REDIRECT","","SECURITY_REPLACE","SEO-003+SEO-004"
"GET","ru/blog/legendaarsete-maalide-reprodutseerimine-lõuendil-kvaliteetselt","","Closure","web","routes/redirect.php","388","","","redirects","READ_REDIRECT","","SECURITY_REPLACE","SEO-003+SEO-004"
"GET","ru/blog/leģendāras-gleznas-reprodukcijas","","Closure","web","routes/redirect.php","388","","","redirects","READ_REDIRECT","","SECURITY_REPLACE","SEO-003+SEO-004"
"GET","ru/blog/looge-digitaalse-printimise-ja-õli-abil-elutruud-maalid","","Closure","web","routes/redirect.php","388","","","redirects","READ_REDIRECT","","SECURITY_REPLACE","SEO-003+SEO-004"
"GET","ru/blog/lustiges-simpsons-stil-porträt-werden-einer-der-helden-des-legendären-cartoons","","Closure","web","routes/redirect.php","388","","","redirects","READ_REDIRECT","","SECURITY_REPLACE","SEO-003+SEO-004"
"GET","ru/blog/maalide-baguette-raamimine","","Closure","web","routes/redirect.php","388","","","redirects","READ_REDIRECT","","SECURITY_REPLACE","SEO-003+SEO-004"
"GET","ru/blog/maalimine-fotost-lõuendile-suurepärane-kingitus","","Closure","web","routes/redirect.php","388","","","redirects","READ_REDIRECT","","SECURITY_REPLACE","SEO-003+SEO-004"
"GET","ru/blog/mājdzīvnieka-portrets","","Closure","web","routes/redirect.php","388","","","redirects","READ_REDIRECT","","SECURITY_REPLACE","SEO-003+SEO-004"
"GET","ru/blog/man-gift","","Closure","web","routes/redirect.php","388","","","redirects","READ_REDIRECT","","SECURITY_REPLACE","SEO-003+SEO-004"
"GET","ru/blog/millised-fotod-sobivad-portree-loomiseks","","Closure","web","routes/redirect.php","388","","","redirects","READ_REDIRECT","","SECURITY_REPLACE","SEO-003+SEO-004"
"GET","ru/blog/modulare-malerei-eine-ungewöhnliche-und-interessante-einrichtungslösung","","Closure","web","routes/redirect.php","388","","","redirects","READ_REDIRECT","","SECURITY_REPLACE","SEO-003+SEO-004"
"GET","ru/blog/Moduliniai-paveikslai","","Closure","web","routes/redirect.php","388","","","redirects","READ_REDIRECT","","SECURITY_REPLACE","SEO-003+SEO-004"
"GET","ru/blog/modulnye-kartiny-neobychnoe-i-interesnoe-reshenie-dlya-interera","","Closure","web","routes/redirect.php","388","","","redirects","READ_REDIRECT","","SECURITY_REPLACE","SEO-003+SEO-004"
"GET","ru/blog/moduļu-kanvas-generators","","Closure","web","routes/redirect.php","388","","","redirects","READ_REDIRECT","","SECURITY_REPLACE","SEO-003+SEO-004"
"GET","ru/blog/moodulmaalid-ebatavaline-ja-huvitav-lahendus-interjööri-jaoks","","Closure","web","routes/redirect.php","388","","","redirects","READ_REDIRECT","","SECURITY_REPLACE","SEO-003+SEO-004"
"GET","ru/blog/naljakas-portree-stiilis-simpsonid-saage-üheks-legendaarse-animasarja-kangelaseks","","Closure","web","routes/redirect.php","388","","","redirects","READ_REDIRECT","","SECURITY_REPLACE","SEO-003+SEO-004"
"GET","ru/blog/obrazy-modułowe","","Closure","web","routes/redirect.php","388","","","redirects","READ_REDIRECT","","SECURITY_REPLACE","SEO-003+SEO-004"
"GET","ru/blog/obrazy-wykonane-farbami","","Closure","web","routes/redirect.php","388","","","redirects","READ_REDIRECT","","SECURITY_REPLACE","SEO-003+SEO-004"
"GET","ru/blog/opakowanie-prezentowe","","Closure","web","routes/redirect.php","388","","","redirects","READ_REDIRECT","","SECURITY_REPLACE","SEO-003+SEO-004"
"GET","ru/blog/painting-artists","","Closure","web","routes/redirect.php","388","","","redirects","READ_REDIRECT","","SECURITY_REPLACE","SEO-003+SEO-004"
"GET","ru/blog/Paveikslas-is-nuotraukos-ant-drobės","","Closure","web","routes/redirect.php","388","","","redirects","READ_REDIRECT","","SECURITY_REPLACE","SEO-003+SEO-004"
"GET","ru/blog/Paveikslas-iš-nuotraukos-ant-drobės","","Closure","web","routes/redirect.php","388","","","redirects","READ_REDIRECT","","SECURITY_REPLACE","SEO-003+SEO-004"
"GET","ru/blog/pet-portrait-on-canvas","","Closure","web","routes/redirect.php","388","","","redirects","READ_REDIRECT","","SECURITY_REPLACE","SEO-003+SEO-004"
"GET","ru/blog/photo-canvas-quality","","Closure","web","routes/redirect.php","388","","","redirects","READ_REDIRECT","","SECURITY_REPLACE","SEO-003+SEO-004"
"GET","ru/blog/photo-canvas-with-high-quality-printing","","Closure","web","routes/redirect.php","388","","","redirects","READ_REDIRECT","","SECURITY_REPLACE","SEO-003+SEO-004"
"GET","ru/blog/photo-recovery-canvas","","Closure","web","routes/redirect.php","388","","","redirects","READ_REDIRECT","","SECURITY_REPLACE","SEO-003+SEO-004"
"GET","ru/blog/Pigment- oder Lösemitteltinte - was ist besser","","Closure","web","routes/redirect.php","388","","","redirects","READ_REDIRECT","","SECURITY_REPLACE","SEO-003+SEO-004"
"GET","ru/blog/pigmentiniai-ar-tirpikliniai-paveikslai","","Closure","web","routes/redirect.php","388","","","redirects","READ_REDIRECT","","SECURITY_REPLACE","SEO-003+SEO-004"
"GET","ru/blog/pigment-või-lahustivärvil-põhinevad-maalid-millised-neist-on-paremad","","Closure","web","routes/redirect.php","388","","","redirects","READ_REDIRECT","","SECURITY_REPLACE","SEO-003+SEO-004"
"GET","ru/blog/Podarochnaya upakovka","","Closure","web","routes/redirect.php","388","","","redirects","READ_REDIRECT","","SECURITY_REPLACE","SEO-003+SEO-004"
"GET","ru/blog/podarochnaya-karta-velikolepnyj-prezent-na-lyuboj-sluchaj","","Closure","web","routes/redirect.php","388","","","redirects","READ_REDIRECT","","SECURITY_REPLACE","SEO-003+SEO-004"
"GET","ru/blog/Podarotschnaja-upakowka","","Closure","web","routes/redirect.php","388","","","redirects","READ_REDIRECT","","SECURITY_REPLACE","SEO-003+SEO-004"
"GET","ru/blog/portraitdrawing","","Closure","web","routes/redirect.php","388","","","redirects","READ_REDIRECT","","SECURITY_REPLACE","SEO-003+SEO-004"
"GET","ru/blog/porträt-in-der-similitude-mehr-als-nur-eine-fotomontage","","Closure","web","routes/redirect.php","388","","","redirects","READ_REDIRECT","","SECURITY_REPLACE","SEO-003+SEO-004"
"GET","ru/blog/porträt-ist-ein-teil-der-seele-auf-der-leinwand-ein-ein paar-worte-über-die-qualität-des-porträts","","Closure","web","routes/redirect.php","388","","","redirects","READ_REDIRECT","","SECURITY_REPLACE","SEO-003+SEO-004"
"GET","ru/blog/portree-on-tükk-hinge-lõuendil","","Closure","web","routes/redirect.php","388","","","redirects","READ_REDIRECT","","SECURITY_REPLACE","SEO-003+SEO-004"
"GET","ru/blog/portree-pildil-on-midagi-enamat-kui-lihtsalt-fotomontaaž","","Closure","web","routes/redirect.php","388","","","redirects","READ_REDIRECT","","SECURITY_REPLACE","SEO-003+SEO-004"
"GET","ru/blog/portree-stiilis-lemmikloomad-aristokraadid","","Closure","web","routes/redirect.php","388","","","redirects","READ_REDIRECT","","SECURITY_REPLACE","SEO-003+SEO-004"
"GET","ru/blog/portret-chastichka-dushi-na-polotne","","Closure","web","routes/redirect.php","388","","","redirects","READ_REDIRECT","","SECURITY_REPLACE","SEO-003+SEO-004"
"GET","ru/blog/portreti-pēc-fotografījas","","Closure","web","routes/redirect.php","388","","","redirects","READ_REDIRECT","","SECURITY_REPLACE","SEO-003+SEO-004"
"GET","ru/blog/portrets","","Closure","web","routes/redirect.php","388","","","redirects","READ_REDIRECT","","SECURITY_REPLACE","SEO-003+SEO-004"
"GET","ru/blog/portrets_vesturiska_kostima","","Closure","web","routes/redirect.php","388","","","redirects","READ_REDIRECT","","SECURITY_REPLACE","SEO-003+SEO-004"
"GET","ru/blog/portrets-pēc-foto – kā-dāvana","","Closure","web","routes/redirect.php","388","","","redirects","READ_REDIRECT","","SECURITY_REPLACE","SEO-003+SEO-004"
"GET","ru/blog/portrets-uz-kanvas -simpsonu-stilā","","Closure","web","routes/redirect.php","388","","","redirects","READ_REDIRECT","","SECURITY_REPLACE","SEO-003+SEO-004"
"GET","ru/blog/portret-to-fragment-duszy-na-płotnie-o-jakości-portretu","","Closure","web","routes/redirect.php","388","","","redirects","READ_REDIRECT","","SECURITY_REPLACE","SEO-003+SEO-004"
"GET","ru/blog/portret-v-obraze-nechto-bolshee-chem-prosto-fotomontazh","","Closure","web","routes/redirect.php","388","","","redirects","READ_REDIRECT","","SECURITY_REPLACE","SEO-003+SEO-004"
"GET","ru/blog/portret-w-stylu-pupila","","Closure","web","routes/redirect.php","388","","","redirects","READ_REDIRECT","","SECURITY_REPLACE","SEO-003+SEO-004"
"GET","ru/blog/portrety-artystyczne","","Closure","web","routes/redirect.php","388","","","redirects","READ_REDIRECT","","SECURITY_REPLACE","SEO-003+SEO-004"
"GET","ru/blog/portrety-graficzne-sztuka-nowoczesności.","","Closure","web","routes/redirect.php","388","","","redirects","READ_REDIRECT","","SECURITY_REPLACE","SEO-003+SEO-004"
"GET","ru/blog/portret-z-charakterem","","Closure","web","routes/redirect.php","388","","","redirects","READ_REDIRECT","","SECURITY_REPLACE","SEO-003+SEO-004"
"GET","ru/blog/quality-print-on-canvas","","Closure","web","routes/redirect.php","388","","","redirects","READ_REDIRECT","","SECURITY_REPLACE","SEO-003+SEO-004"
"GET","ru/blog/ramki-do-obrazów","","Closure","web","routes/redirect.php","388","","","redirects","READ_REDIRECT","","SECURITY_REPLACE","SEO-003+SEO-004"
"GET","ru/blog/Realistische-Bilder-erstellen-mit-Digitaldruck-und-Öl","","Closure","web","routes/redirect.php","388","","","redirects","READ_REDIRECT","","SECURITY_REPLACE","SEO-003+SEO-004"
"GET","ru/blog/reprodukciya-legendarnyh-kartin-na-holste-v-vysokom-kachestve","","Closure","web","routes/redirect.php","388","","","redirects","READ_REDIRECT","","SECURITY_REPLACE","SEO-003+SEO-004"
"GET","ru/blog/reprodukcja-legendarnych-obrazów","","Closure","web","routes/redirect.php","388","","","redirects","READ_REDIRECT","","SECURITY_REPLACE","SEO-003+SEO-004"
"GET","ru/blog/Reproduktion-der-Legendenmalerei-auf-Leinwand-in-hochwertiger-Qualität","","Closure","web","routes/redirect.php","388","","","redirects","READ_REDIRECT","","SECURITY_REPLACE","SEO-003+SEO-004"
"GET","ru/blog/sarzas-karikaturas","","Closure","web","routes/redirect.php","388","","","redirects","READ_REDIRECT","","SECURITY_REPLACE","SEO-003+SEO-004"
"GET","ru/blog/sarzas-karykatura","","Closure","web","routes/redirect.php","388","","","redirects","READ_REDIRECT","","SECURITY_REPLACE","SEO-003+SEO-004"
"GET","ru/blog/simpsonu-stiliaus-portretas","","Closure","web","routes/redirect.php","388","","","redirects","READ_REDIRECT","","SECURITY_REPLACE","SEO-003+SEO-004"
"GET","ru/blog/sõbralik-koomiks-on-suurepärane-viis-sõprade-ja-tuttavate-lõbustamiseks","","Closure","web","routes/redirect.php","388","","","redirects","READ_REDIRECT","","SECURITY_REPLACE","SEO-003+SEO-004"
"GET","ru/blog/sozdanie-realistichnyh-kartin-pri-pomoshchi-cifrovoj-pechati-i-masla","","Closure","web","routes/redirect.php","388","","","redirects","READ_REDIRECT","","SECURITY_REPLACE","SEO-003+SEO-004"
"GET","ru/blog/tworzenie-realistycznych-obrazów-za-pomocą-wydruków-cyfrowych-i-olejów","","Closure","web","routes/redirect.php","388","","","redirects","READ_REDIRECT","","SECURITY_REPLACE","SEO-003+SEO-004"
"GET","ru/blog/wspólna-karykatura-to-świetny-sposób-na-przyjemną-zabawę-z-przyjaciółmi-i-znajomymi","","Closure","web","routes/redirect.php","388","","","redirects","READ_REDIRECT","","SECURITY_REPLACE","SEO-003+SEO-004"
"GET","ru/blog/zabavnyj-portret-v-stile-simpsony-stan-odnim-iz-geroev-legendarnogo-multseriala","","Closure","web","routes/redirect.php","388","","","redirects","READ_REDIRECT","","SECURITY_REPLACE","SEO-003+SEO-004"
"GET","ru/blog/zabawny-portret-w-stylu","","Closure","web","routes/redirect.php","388","","","redirects","READ_REDIRECT","","SECURITY_REPLACE","SEO-003+SEO-004"
"GET","ru/blog/zdjęcia-na-płótnie","","Closure","web","routes/redirect.php","388","","","redirects","READ_REDIRECT","","SECURITY_REPLACE","SEO-003+SEO-004"
"GET","ru/canvas","","Closure","web","routes/redirect.php","388","","","redirects","READ_REDIRECT","","SECURITY_REPLACE","SEO-003+SEO-004"
"GET","ru/gallery/oil-pictures","","Closure","web","routes/redirect.php","388","","","redirects","READ_REDIRECT","","SECURITY_REPLACE","SEO-003+SEO-004"
"GET","ru/graphic-portrait/classic-portrait","","Closure","web","routes/redirect.php","388","","","redirects","READ_REDIRECT","","SECURITY_REPLACE","SEO-003+SEO-004"
"GET","ru/graphic-portrait/classic-portrait/buy","","Closure","web","routes/redirect.php","388","","","redirects","READ_REDIRECT","","SECURITY_REPLACE","SEO-003+SEO-004"
"GET","ru/graphic-portrait/color-and-black-and-white-photos","","Closure","web","routes/redirect.php","388","","","redirects","READ_REDIRECT","","SECURITY_REPLACE","SEO-003+SEO-004"
"GET","ru/graphic-portrait/customs-royal-portraits","","Closure","web","routes/redirect.php","388","","","redirects","READ_REDIRECT","","SECURITY_REPLACE","SEO-003+SEO-004"
"GET","ru/graphic-portrait/Doppelbelichtung-Portrait","","Closure","web","routes/redirect.php","388","","","redirects","READ_REDIRECT","","SECURITY_REPLACE","SEO-003+SEO-004"
"GET","ru/graphic-portrait/double-exposition-portrait","","Closure","web","routes/redirect.php","388","","","redirects","READ_REDIRECT","","SECURITY_REPLACE","SEO-003+SEO-004"
"GET","ru/graphic-portrait/dream-art-portrait","","Closure","web","routes/redirect.php","388","","","redirects","READ_REDIRECT","","SECURITY_REPLACE","SEO-003+SEO-004"
"GET","ru/graphic-portrait/Farb- und Schwarz-Weiß-Fotos","","Closure","web","routes/redirect.php","388","","","redirects","READ_REDIRECT","","SECURITY_REPLACE","SEO-003+SEO-004"
"GET","ru/graphic-portrait/foto-korekcja","","Closure","web","routes/redirect.php","388","","","redirects","READ_REDIRECT","","SECURITY_REPLACE","SEO-003+SEO-004"
"GET","ru/graphic-portrait/Fotokorrektur","","Closure","web","routes/redirect.php","388","","","redirects","READ_REDIRECT","","SECURITY_REPLACE","SEO-003+SEO-004"
"GET","ru/graphic-portrait/Fotowiederherstellung","","Closure","web","routes/redirect.php","388","","","redirects","READ_REDIRECT","","SECURITY_REPLACE","SEO-003+SEO-004"
"GET","ru/graphic-portrait/Grafik-Porträt","","Closure","web","routes/redirect.php","388","","","redirects","READ_REDIRECT","","SECURITY_REPLACE","SEO-003+SEO-004"
"GET","ru/graphic-portrait/graphic-portrait","","Closure","web","routes/redirect.php","388","","","redirects","READ_REDIRECT","","SECURITY_REPLACE","SEO-003+SEO-004"
"GET","ru/graphic-portrait/graphic-portrait/buy","","Closure","web","routes/redirect.php","388","","","redirects","READ_REDIRECT","","SECURITY_REPLACE","SEO-003+SEO-004"
"GET","ru/graphic-portrait/karikatur-porträt","","Closure","web","routes/redirect.php","388","","","redirects","READ_REDIRECT","","SECURITY_REPLACE","SEO-003+SEO-004"
"GET","ru/graphic-portrait/kolorowe-czarno-białe-zdjęcie","","Closure","web","routes/redirect.php","388","","","redirects","READ_REDIRECT","","SECURITY_REPLACE","SEO-003+SEO-004"
"GET","ru/graphic-portrait/Liebe ist Porträt","","Closure","web","routes/redirect.php","388","","","redirects","READ_REDIRECT","","SECURITY_REPLACE","SEO-003+SEO-004"
"GET","ru/graphic-portrait/love-isportrait","","Closure","web","routes/redirect.php","388","","","redirects","READ_REDIRECT","","SECURITY_REPLACE","SEO-003+SEO-004"
"GET","ru/graphic-portrait/love-is-portrait","","Closure","web","routes/redirect.php","388","","","redirects","READ_REDIRECT","","SECURITY_REPLACE","SEO-003+SEO-004"
"GET","ru/graphic-portrait/Low Poly Portrait","","Closure","web","routes/redirect.php","388","","","redirects","READ_REDIRECT","","SECURITY_REPLACE","SEO-003+SEO-004"
"GET","ru/graphic-portrait/low-poly-portrait","","Closure","web","routes/redirect.php","388","","","redirects","READ_REDIRECT","","SECURITY_REPLACE","SEO-003+SEO-004"
"GET","ru/graphic-portrait/low-poly-portret","","Closure","web","routes/redirect.php","388","","","redirects","READ_REDIRECT","","SECURITY_REPLACE","SEO-003+SEO-004"
"GET","ru/graphic-portrait/modulnaya-kartina-pavliny","","Closure","web","routes/redirect.php","388","","","redirects","READ_REDIRECT","","SECURITY_REPLACE","SEO-003+SEO-004"
"GET","ru/graphic-portrait/murciano-portrait","","Closure","web","routes/redirect.php","388","","","redirects","READ_REDIRECT","","SECURITY_REPLACE","SEO-003+SEO-004"
"GET","ru/graphic-portrait/murkisches Porträt","","Closure","web","routes/redirect.php","388","","","redirects","READ_REDIRECT","","SECURITY_REPLACE","SEO-003+SEO-004"
"GET","ru/graphic-portrait/odnawianie-zdjęć","","Closure","web","routes/redirect.php","388","","","redirects","READ_REDIRECT","","SECURITY_REPLACE","SEO-003+SEO-004"
"GET","ru/graphic-portrait/photo-correction","","Closure","web","routes/redirect.php","388","","","redirects","READ_REDIRECT","","SECURITY_REPLACE","SEO-003+SEO-004"
"GET","ru/graphic-portrait/photo-recovery","","Closure","web","routes/redirect.php","388","","","redirects","READ_REDIRECT","","SECURITY_REPLACE","SEO-003+SEO-004"
"GET","ru/graphic-portrait/pop-art-portrait","","Closure","web","routes/redirect.php","388","","","redirects","READ_REDIRECT","","SECURITY_REPLACE","SEO-003+SEO-004"
"GET","ru/graphic-portrait/pop-art-portrait/buy","","Closure","web","routes/redirect.php","388","","","redirects","READ_REDIRECT","","SECURITY_REPLACE","SEO-003+SEO-004"
"GET","ru/graphic-portrait/portrait-beauty-art","","Closure","web","routes/redirect.php","388","","","redirects","READ_REDIRECT","","SECURITY_REPLACE","SEO-003+SEO-004"
"GET","ru/graphic-portrait/portrait-beauty-art/buy","","Closure","web","routes/redirect.php","388","","","redirects","READ_REDIRECT","","SECURITY_REPLACE","SEO-003+SEO-004"
"GET","ru/graphic-portrait/portrait-caricature","","Closure","web","routes/redirect.php","388","","","redirects","READ_REDIRECT","","SECURITY_REPLACE","SEO-003+SEO-004"
"GET","ru/graphic-portrait/portrait-caricature/buy","","Closure","web","routes/redirect.php","388","","","redirects","READ_REDIRECT","","SECURITY_REPLACE","SEO-003+SEO-004"
"GET","ru/graphic-portrait/portrait-colorization","","Closure","web","routes/redirect.php","388","","","redirects","READ_REDIRECT","","SECURITY_REPLACE","SEO-003+SEO-004"
"GET","ru/graphic-portrait/portrait-compliment","","Closure","web","routes/redirect.php","388","","","redirects","READ_REDIRECT","","SECURITY_REPLACE","SEO-003+SEO-004"
"GET","ru/graphic-portrait/portrait-double-exposure","","Closure","web","routes/redirect.php","388","","","redirects","READ_REDIRECT","","SECURITY_REPLACE","SEO-003+SEO-004"
"GET","ru/graphic-portrait/portrait-dream-art","","Closure","web","routes/redirect.php","388","","","redirects","READ_REDIRECT","","SECURITY_REPLACE","SEO-003+SEO-004"
"GET","ru/graphic-portrait/portrait-dream-art/buy","","Closure","web","routes/redirect.php","388","","","redirects","READ_REDIRECT","","SECURITY_REPLACE","SEO-003+SEO-004"
"GET","ru/graphic-portrait/portrait-in-image","","Closure","web","routes/redirect.php","388","","","redirects","READ_REDIRECT","","SECURITY_REPLACE","SEO-003+SEO-004"
"GET","ru/graphic-portrait/portrait-in-the-image","","Closure","web","routes/redirect.php","388","","","redirects","READ_REDIRECT","","SECURITY_REPLACE","SEO-003+SEO-004"
"GET","ru/graphic-portrait/portrait-made-from-words","","Closure","web","routes/redirect.php","388","","","redirects","READ_REDIRECT","","SECURITY_REPLACE","SEO-003+SEO-004"
"GET","ru/graphic-portrait/portrait-of-love-is","","Closure","web","routes/redirect.php","388","","","redirects","READ_REDIRECT","","SECURITY_REPLACE","SEO-003+SEO-004"
"GET","ru/graphic-portrait/portrait-of-murciano","","Closure","web","routes/redirect.php","388","","","redirects","READ_REDIRECT","","SECURITY_REPLACE","SEO-003+SEO-004"
"GET","ru/graphic-portrait/portrait-pop-art","","Closure","web","routes/redirect.php","388","","","redirects","READ_REDIRECT","","SECURITY_REPLACE","SEO-003+SEO-004"
"GET","ru/graphic-portrait/portrait-retouch","","Closure","web","routes/redirect.php","388","","","redirects","READ_REDIRECT","","SECURITY_REPLACE","SEO-003+SEO-004"
"GET","ru/graphic-portrait/portrait-spancaricaturespan","","Closure","web","routes/redirect.php","388","","","redirects","READ_REDIRECT","","SECURITY_REPLACE","SEO-003+SEO-004"
"GET","ru/graphic-portrait/portrait-spanclassicspan","","Closure","web","routes/redirect.php","388","","","redirects","READ_REDIRECT","","SECURITY_REPLACE","SEO-003+SEO-004"
"GET","ru/graphic-portrait/Porträt-aus-Wörtern","","Closure","web","routes/redirect.php","388","","","redirects","READ_REDIRECT","","SECURITY_REPLACE","SEO-003+SEO-004"
"GET","ru/graphic-portrait/portret-beauty-art","","Closure","web","routes/redirect.php","388","","","redirects","READ_REDIRECT","","SECURITY_REPLACE","SEO-003+SEO-004"
"GET","ru/graphic-portrait/portret-karykatura","","Closure","web","routes/redirect.php","388","","","redirects","READ_REDIRECT","","SECURITY_REPLACE","SEO-003+SEO-004"
"GET","ru/graphic-portrait/portret-murchiano","","Closure","web","routes/redirect.php","388","","","redirects","READ_REDIRECT","","SECURITY_REPLACE","SEO-003+SEO-004"
"GET","ru/graphic-portrait/portret-pop-art","","Closure","web","routes/redirect.php","388","","","redirects","READ_REDIRECT","","SECURITY_REPLACE","SEO-003+SEO-004"
"GET","ru/graphic-portrait/portret-stylizowany","","Closure","web","routes/redirect.php","388","","","redirects","READ_REDIRECT","","SECURITY_REPLACE","SEO-003+SEO-004"
"GET","ru/graphic-portrait/Portret-w-stylu-Love-is","","Closure","web","routes/redirect.php","388","","","redirects","READ_REDIRECT","","SECURITY_REPLACE","SEO-003+SEO-004"
"GET","ru/graphic-portrait/portret-ze-słów","","Closure","web","routes/redirect.php","388","","","redirects","READ_REDIRECT","","SECURITY_REPLACE","SEO-003+SEO-004"
"GET","ru/graphic-portrait/portret-z-podwójną-ekspozycją","","Closure","web","routes/redirect.php","388","","","redirects","READ_REDIRECT","","SECURITY_REPLACE","SEO-003+SEO-004"
"GET","ru/graphic-portrait/simpsons-portrait","","Closure","web","routes/redirect.php","388","","","redirects","READ_REDIRECT","","SECURITY_REPLACE","SEO-003+SEO-004"
"GET","ru/graphic-portrait/spanartspan-portraits","","Closure","web","routes/redirect.php","388","","","redirects","READ_REDIRECT","","SECURITY_REPLACE","SEO-003+SEO-004"
"GET","ru/graphic-portrait/spanpaintingsspan","","Closure","web","routes/redirect.php","388","","","redirects","READ_REDIRECT","","SECURITY_REPLACE","SEO-003+SEO-004"
"GET","ru/graphic-portrait/spanpetspanportrait","","Closure","web","routes/redirect.php","388","","","redirects","READ_REDIRECT","","SECURITY_REPLACE","SEO-003+SEO-004"
"GET","ru/graphic-portrait/vintage-portrait","","Closure","web","routes/redirect.php","388","","","redirects","READ_REDIRECT","","SECURITY_REPLACE","SEO-003+SEO-004"
"GET","ru/modular-pictures","","Closure","web","routes/redirect.php","388","","","redirects","READ_REDIRECT","","SECURITY_REPLACE","SEO-003+SEO-004"
"GET","ru/new/caricature/athlete_caricatures","","Closure","web","routes/redirect.php","388","","","redirects","READ_REDIRECT","","SECURITY_REPLACE","SEO-003+SEO-004"
"GET","ru/new/caricature/black_and_white_caricatures","","Closure","web","routes/redirect.php","388","","","redirects","READ_REDIRECT","","SECURITY_REPLACE","SEO-003+SEO-004"
"GET","ru/new/caricature/caricature_for_birthday","","Closure","web","routes/redirect.php","388","","","redirects","READ_REDIRECT","","SECURITY_REPLACE","SEO-003+SEO-004"
"GET","ru/new/caricature/family_caricature","","Closure","web","routes/redirect.php","388","","","redirects","READ_REDIRECT","","SECURITY_REPLACE","SEO-003+SEO-004"
"GET","ru/new/caricature/group_caricatures","","Closure","web","routes/redirect.php","388","","","redirects","READ_REDIRECT","","SECURITY_REPLACE","SEO-003+SEO-004"
"GET","ru/new/caricature/portrait-in-image","","Closure","web","routes/redirect.php","388","","","redirects","READ_REDIRECT","","SECURITY_REPLACE","SEO-003+SEO-004"
"GET","ru/new/caricature/portrait-in-the-image","","Closure","web","routes/redirect.php","388","","","redirects","READ_REDIRECT","","SECURITY_REPLACE","SEO-003+SEO-004"
"GET","ru/new/caricature/portret-stylizowany","","Closure","web","routes/redirect.php","388","","","redirects","READ_REDIRECT","","SECURITY_REPLACE","SEO-003+SEO-004"
"GET","ru/new/caricature/spancaricaturespan-for-birthday","","Closure","web","routes/redirect.php","388","","","redirects","READ_REDIRECT","","SECURITY_REPLACE","SEO-003+SEO-004"
"GET","ru/new/caricature/wedding_caricature","","Closure","web","routes/redirect.php","388","","","redirects","READ_REDIRECT","","SECURITY_REPLACE","SEO-003+SEO-004"
"GET","ru/new/caricature/сaricature_for_сolleagues","","Closure","web","routes/redirect.php","388","","","redirects","READ_REDIRECT","","SECURITY_REPLACE","SEO-003+SEO-004"
"GET","ru/new/graphic-portrait/-988","","Closure","web","routes/redirect.php","388","","","redirects","READ_REDIRECT","","SECURITY_REPLACE","SEO-003+SEO-004"
"GET","ru/new/graphic-portrait/classic-portrait","","Closure","web","routes/redirect.php","388","","","redirects","READ_REDIRECT","","SECURITY_REPLACE","SEO-003+SEO-004"
"GET","ru/new/graphic-portrait/customs-royal-portraits","","Closure","web","routes/redirect.php","388","","","redirects","READ_REDIRECT","","SECURITY_REPLACE","SEO-003+SEO-004"
"GET","ru/new/graphic-portrait/Grafik-Porträt","","Closure","web","routes/redirect.php","388","","","redirects","READ_REDIRECT","","SECURITY_REPLACE","SEO-003+SEO-004"
"GET","ru/new/graphic-portrait/karikatur-porträt","","Closure","web","routes/redirect.php","388","","","redirects","READ_REDIRECT","","SECURITY_REPLACE","SEO-003+SEO-004"
"GET","ru/new/graphic-portrait/klasisks-portrets","","Closure","web","routes/redirect.php","388","","","redirects","READ_REDIRECT","","SECURITY_REPLACE","SEO-003+SEO-004"
"GET","ru/new/graphic-portrait/portrait-beauty-art/buy","","Closure","web","routes/redirect.php","388","","","redirects","READ_REDIRECT","","SECURITY_REPLACE","SEO-003+SEO-004"
"GET","ru/new/graphic-portrait/portrait-caricature","","Closure","web","routes/redirect.php","388","","","redirects","READ_REDIRECT","","SECURITY_REPLACE","SEO-003+SEO-004"
"GET","ru/new/graphic-portrait/portrait-Dream-Art","","Closure","web","routes/redirect.php","388","","","redirects","READ_REDIRECT","","SECURITY_REPLACE","SEO-003+SEO-004"
"GET","ru/new/graphic-portrait/portrait-dream-art/buy","","Closure","web","routes/redirect.php","388","","","redirects","READ_REDIRECT","","SECURITY_REPLACE","SEO-003+SEO-004"
"GET","ru/new/graphic-portrait/portrait-pop-art","","Closure","web","routes/redirect.php","388","","","redirects","READ_REDIRECT","","SECURITY_REPLACE","SEO-003+SEO-004"
"GET","ru/new/graphic-portrait/portrait-spancaricaturespan","","Closure","web","routes/redirect.php","388","","","redirects","READ_REDIRECT","","SECURITY_REPLACE","SEO-003+SEO-004"
"GET","ru/new/graphic-portrait/portrait-spanclassicspan","","Closure","web","routes/redirect.php","388","","","redirects","READ_REDIRECT","","SECURITY_REPLACE","SEO-003+SEO-004"
"GET","ru/new/graphic-portrait/portret-beauty-art","","Closure","web","routes/redirect.php","388","","","redirects","READ_REDIRECT","","SECURITY_REPLACE","SEO-003+SEO-004"
"GET","ru/new/graphic-portrait/portret-dream-art","","Closure","web","routes/redirect.php","388","","","redirects","READ_REDIRECT","","SECURITY_REPLACE","SEO-003+SEO-004"
"GET","ru/new/graphic-portrait/portret-graficzny","","Closure","web","routes/redirect.php","388","","","redirects","READ_REDIRECT","","SECURITY_REPLACE","SEO-003+SEO-004"
"GET","ru/new/graphic-portrait/portret-karykatura","","Closure","web","routes/redirect.php","388","","","redirects","READ_REDIRECT","","SECURITY_REPLACE","SEO-003+SEO-004"
"GET","ru/new/graphic-portrait/simposons-custums","","Closure","web","routes/redirect.php","388","","","redirects","READ_REDIRECT","","SECURITY_REPLACE","SEO-003+SEO-004"
"GET","ru/new/graphic-portrait/simpsons-portrait","","Closure","web","routes/redirect.php","388","","","redirects","READ_REDIRECT","","SECURITY_REPLACE","SEO-003+SEO-004"
"GET","ru/new/graphic-portrait/spanartspan-portraits","","Closure","web","routes/redirect.php","388","","","redirects","READ_REDIRECT","","SECURITY_REPLACE","SEO-003+SEO-004"
"GET","ru/new/graphic-portrait/spanbeauty-art-span-portree","","Closure","web","routes/redirect.php","388","","","redirects","READ_REDIRECT","","SECURITY_REPLACE","SEO-003+SEO-004"
"GET","ru/new/graphic-portrait/spanpaintingsspan","","Closure","web","routes/redirect.php","388","","","redirects","READ_REDIRECT","","SECURITY_REPLACE","SEO-003+SEO-004"
"GET","ru/new/graphic-portrait/spanpetspanportrait","","Closure","web","routes/redirect.php","388","","","redirects","READ_REDIRECT","","SECURITY_REPLACE","SEO-003+SEO-004"
"GET","ru/new/graphic-portrait/süßes Kunstportrait","","Closure","web","routes/redirect.php","388","","","redirects","READ_REDIRECT","","SECURITY_REPLACE","SEO-003+SEO-004"
"GET","ru/new/graphic-portrait/traum-kunst-porträt","","Closure","web","routes/redirect.php","388","","","redirects","READ_REDIRECT","","SECURITY_REPLACE","SEO-003+SEO-004"
"GET","ru/oil-portrait","","Closure","web","routes/redirect.php","388","","","redirects","READ_REDIRECT","","SECURITY_REPLACE","SEO-003+SEO-004"
"GET","ru/page/faq","","Closure","web","routes/redirect.php","388","","","redirects","READ_REDIRECT","","SECURITY_REPLACE","SEO-003+SEO-004"
"GET","ru/photo","","Closure","web","routes/redirect.php","388","","","redirects","READ_REDIRECT","","SECURITY_REPLACE","SEO-003+SEO-004"
"GET","salidzini.xml","kurpirkt","App\Http\Controllers\AdvertisingController@salidzini","web|resetPlLocale|localize|localeSessionRedirect|localizationRedirect|lastModified","app/Http/Controllers/AdvertisingController.php","138","","DB","public content pages","READ_DB","","MISSING_TARGET","APP-005B-PAGES-01"
"GET","save_base64_image2","","App\Http\Controllers\BasketController@save_base64_image2","web|resetPlLocale|localize|localeSessionRedirect|localizationRedirect|lastModified","app/Http/Controllers/BasketController.php","61","","FILE","unsafe checkout GET mutation","PUBLIC_GET_MIXED_WRITE","","SECURITY_REPLACE","APP-005B-CHECKOUT-01+SEC-009"
"GET","save_order_and_pay","save_order_and_pay","App\Http\Controllers\OrdersController@save_order_and_pay","web|resetPlLocale|localize|localeSessionRedirect|localizationRedirect|lastModified","app/Http/Controllers/OrdersController.php","1901","","DB","unsafe checkout GET mutation","PUBLIC_GET_MIXED_WRITE","","SECURITY_REPLACE","APP-005B-CHECKOUT-01+SEC-009"
"POST","send_client_painter_comments","send_client_painter_comments","App\Http\Controllers\AccountController@send_client_painter_comments","web|resetPlLocale|localize|localeSessionRedirect|localizationRedirect|lastModified|auth","app/Http/Controllers/AccountController.php","266","","DB|MAIL","account chat and artwork","WRITE_DB_OR_FILE","","MISSING_TARGET","CHAT-001+CHAT-002+APP-001"
"POST","send_frend_email","send_frend_email","App\Http\Controllers\StaticPagesController@send_frend_email","web|resetPlLocale|localize|localeSessionRedirect|localizationRedirect|lastModified","app/Http/Controllers/StaticPagesController.php","552","","MAIL","content actions","DB_OR_MAIL_WRITE","","MISSING_TARGET","APP-005B-FORM-03"
"POST","send_photo_form","send_photo_form","App\Http\Controllers\UserManageController@send_photo_form","web|resetPlLocale|localize|localeSessionRedirect|localizationRedirect|lastModified","app/Http/Controllers/UserManageController.php","408","","DB|MODEL_WRITE|MAIL|REDIRECT","implemented foundation","WRITE_MIXED_GATED","POST send_photo_form [send_photo_form] || POST {locale}/send_photo_form [public.localized.send_photo_form]","PARITY_DONE","APP-005A-FORM-02"
"POST","send_photo_portrait_form","send_photo_portrait_form","App\Http\Controllers\UserManageController@send_photo_portrait_form","web|resetPlLocale|localize|localeSessionRedirect|localizationRedirect|lastModified","app/Http/Controllers/UserManageController.php","267","","SESSION|REDIRECT","product generators","READ_DB_SESSION","","MISSING_TARGET","CAT-002"
"GET","set_genre","","App\Http\Controllers\GalleryController@hb_set_genre","web|resetPlLocale|localize|localeSessionRedirect|localizationRedirect|lastModified","app/Http/Controllers/GalleryController.php","231","","MODEL_WRITE","catalogue maintenance","PUBLIC_GET_DB_WRITE","","SECURITY_REPLACE","SEC-011"
"GET","set_meta","set_meta","App\Http\Controllers\AdvertisingController@set_meta","web|resetPlLocale|localize|localeSessionRedirect|localizationRedirect|lastModified","app/Http/Controllers/AdvertisingController.php","228","","","public catalogue translation maintenance","PUBLIC_GET_DB_EXTERNAL_WRITE","","SECURITY_REPLACE","SEO-001+CUT-009"
"GET","set_sizes","","App\Http\Controllers\GalleryController@hb_set_sizes","web|resetPlLocale|localize|localeSessionRedirect|localizationRedirect|lastModified","app/Http/Controllers/GalleryController.php","164","","MODEL_WRITE","catalogue maintenance","PUBLIC_GET_DB_WRITE","","SECURITY_REPLACE","SEC-011"
"GET","set_style","","App\Http\Controllers\GalleryController@hb_set_style","web|resetPlLocale|localize|localeSessionRedirect|localizationRedirect|lastModified","app/Http/Controllers/GalleryController.php","271","","MODEL_WRITE","catalogue maintenance","PUBLIC_GET_DB_WRITE","","SECURITY_REPLACE","SEC-011"
"GET","simpsons","simpsons","App\Http\Controllers\Pages\SimpsonsController@index","web|resetPlLocale|localize|localeSessionRedirect|localizationRedirect|lastModified","app/Http/Controllers/Pages/SimpsonsController.php","45","","DB","product generators","READ_DB_SESSION","","MISSING_TARGET","CAT-002"
"GET","sitemap","sitemap","App\Http\Controllers\PageController@generate_sitemap_html","web|resetPlLocale|localize|localeSessionRedirect|localizationRedirect|lastModified","app/Http/Controllers/PageController.php","369","sitemap","","public content pages","READ_DB","","MISSING_TARGET","APP-005B-PAGES-01"
"GET","sitemap.xml","sitemap.main","App\Http\Controllers\SitemapController@sitemap","web|resetPlLocale|localize|localeSessionRedirect|localizationRedirect|lastModified","app/Http/Controllers/SitemapController.php","46","","DB","SEO feeds","READ_DB","","MISSING_TARGET","SEO-005+SEO-007"
"GET","sitemap/sitemap.xml","sitemap.lang","App\Http\Controllers\SitemapController@sitemap_products","web|resetPlLocale|localize|localeSessionRedirect|localizationRedirect|lastModified","app/Http/Controllers/SitemapController.php","70","","DB","SEO feeds","READ_DB","","MISSING_TARGET","SEO-005+SEO-007"
"GET","sitemap/sitemap-images.xml","sitemap.images","App\Http\Controllers\SitemapController@sitemap_products","web|resetPlLocale|localize|localeSessionRedirect|localizationRedirect|lastModified","app/Http/Controllers/SitemapController.php","70","","DB","SEO feeds","READ_DB","","MISSING_TARGET","SEO-005+SEO-007"
"GET","sitemap_products.xml","sitemap_products","App\Http\Controllers\AdvertisingController@sitemap_products","web|resetPlLocale|localize|localeSessionRedirect|localizationRedirect|lastModified","app/Http/Controllers/AdvertisingController.php","42","","DB","public content pages","READ_DB","","MISSING_TARGET","APP-005B-PAGES-01"
"GET","sizesprices","sizesprices","App\Http\Controllers\Pages\SizespricesController@index","web|resetPlLocale|localize|localeSessionRedirect|localizationRedirect|lastModified","app/Http/Controllers/Pages/SizespricesController.php","25","","","product generators","READ_DB_SESSION","","MISSING_TARGET","CAT-002"
"GET","stocks","new_stocks","App\Http\Controllers\StaticPagesController@hb_render_stocks","web|resetPlLocale|localize|localeSessionRedirect|localizationRedirect|lastModified","app/Http/Controllers/StaticPagesController.php","570","","DB|REDIRECT","public content pages","READ_DB","","MISSING_TARGET","APP-005B-PAGES-01"
"POST","stocks/create_coupon","create_stock_coupon","App\Http\Controllers\StaticPagesController@create_stock_coupon","web|resetPlLocale|localize|localeSessionRedirect|localizationRedirect|lastModified","app/Http/Controllers/StaticPagesController.php","499","","DB|MAIL","content actions","DB_OR_MAIL_WRITE","","MISSING_TARGET","APP-005B-FORM-03"
"GET","storage/{path}","","Closure","web","routes/web.php","48","mail_new.1.1|mail_new.1.2|mail_new.1.3|mail_new.1.4|mail_new.1.5|mail_new.1.6|mail_new.1.7","FILE|EXTERNAL","public file delivery","READ_FILE","GET|HEAD storage/{path} [storage.local]","SECURITY_REPLACE","APP-001"
"GET","stylization-paintings","stylization_paintings.index","App\Http\Controllers\StaticPagesController@render_stylization_paintings","web|resetPlLocale|localize|localeSessionRedirect|localizationRedirect|lastModified","app/Http/Controllers/StaticPagesController.php","346","stylization-paintings","REDIRECT","public content pages","READ_DB","","MISSING_TARGET","APP-005B-PAGES-01"
"GET","stylization-paintings/{slug}","stylization_paintings.page","App\Http\Controllers\StaticPagesController@render_styl_painting_page","web|resetPlLocale|localize|localeSessionRedirect|localizationRedirect|lastModified","app/Http/Controllers/StaticPagesController.php","263","styl-painting-child","DB|REDIRECT","public content pages","READ_DB","","MISSING_TARGET","APP-005B-PAGES-01"
"GET","stylization-paintings/{slug}/buy","styl_portrait.buy","App\Http\Controllers\StaticPagesController@buy_portrait_page","web|resetPlLocale|localize|localeSessionRedirect|localizationRedirect|lastModified","app/Http/Controllers/StaticPagesController.php","108","graphical-portrait-buy","DB|REDIRECT","public content pages","READ_DB","","MISSING_TARGET","APP-005B-PAGES-01"
"GET","thanks","thanks","App\Http\Controllers\StaticPagesController@thanks","web|resetPlLocale|localize|localeSessionRedirect|localizationRedirect|lastModified","app/Http/Controllers/StaticPagesController.php","719","","MAIL","implemented foundation","READ_DB","GET|HEAD thanks [thanks] || GET|HEAD {locale}/thanks [public.localized.thanks]","PARITY_DONE","APP-005A-FORM-01+APP-005A-FORM-02"
"GET","translate_item","translate_item","App\Http\Controllers\AdvertisingController@translate_item","web|resetPlLocale|localize|localeSessionRedirect|localizationRedirect|lastModified","app/Http/Controllers/AdvertisingController.php","207","","","public catalogue translation maintenance","PUBLIC_GET_DB_EXTERNAL_WRITE","","SECURITY_REPLACE","SEO-001+CUT-009"
"POST","update_order_chat","update_order_chat","App\Http\Controllers\AccountController@update_order_chat","web|resetPlLocale|localize|localeSessionRedirect|localizationRedirect|lastModified|auth","app/Http/Controllers/AccountController.php","334","","DB|MAIL","account chat and artwork","WRITE_DB_OR_FILE","","MISSING_TARGET","CHAT-001+CHAT-002+APP-001"
"POST","update_painter_comment","update_painter_comment","App\Http\Controllers\AccountController@update_painter_comment","web|resetPlLocale|localize|localeSessionRedirect|localizationRedirect|lastModified|auth","app/Http/Controllers/AccountController.php","232","","DB|MAIL","account chat and artwork","WRITE_DB_OR_FILE","","MISSING_TARGET","CHAT-001+CHAT-002+APP-001"
"POST","update_painter_order_images","update_painter_order_images","App\Http\Controllers\AccountController@update_painter_order_images","web|resetPlLocale|localize|localeSessionRedirect|localizationRedirect|lastModified|auth","app/Http/Controllers/AccountController.php","84","","DB|MAIL","account chat and artwork","WRITE_DB_OR_FILE","","MISSING_TARGET","CHAT-001+CHAT-002+APP-001"
"POST","update_painter_sketch_order_images","update_painter_sketch_order_images","App\Http\Controllers\AccountController@update_painter_sketch_order_images","web|resetPlLocale|localize|localeSessionRedirect|localizationRedirect|lastModified|auth","app/Http/Controllers/AccountController.php","158","","DB|MAIL","account chat and artwork","WRITE_DB_OR_FILE","","MISSING_TARGET","CHAT-001+CHAT-002+APP-001"
"GET","uploads/{path}","","Closure","web","routes/web.php","74","mail_new.1.1|mail_new.1.2|mail_new.1.3|mail_new.1.4|mail_new.1.5|mail_new.1.6|mail_new.1.7","EXTERNAL","public file delivery","READ_FILE","","SECURITY_REPLACE","APP-001"
"GET","user/{id}/unsubscribe","","App\Http\Controllers\UserManageController@unsubscribe","web|resetPlLocale|localize|localeSessionRedirect|localizationRedirect|lastModified","app/Http/Controllers/UserManageController.php","927","","DB|REDIRECT","unsubscribe","PUBLIC_GET_DB_WRITE","","SECURITY_REPLACE","MAIL-002+SEC-009"
"GET","user/{user_id}/approve_checkout/{order_id}","","App\Http\Controllers\OrdersController@approve_user_checkout","web|resetPlLocale|localize|localeSessionRedirect|localizationRedirect|lastModified","app/Http/Controllers/OrdersController.php","2317","","MAIL","unsafe checkout GET mutation","PUBLIC_GET_MIXED_WRITE","","SECURITY_REPLACE","APP-005B-CHECKOUT-01+SEC-009"
"POST","user/forget_email","forget_email_reset","App\Http\Controllers\UserManageController@reset_password","web|resetPlLocale|localize|localeSessionRedirect|localizationRedirect|lastModified","app/Http/Controllers/UserManageController.php","81","","","implemented foundation","WRITE_MIXED_GATED","POST user/forget_email [forget_email_reset] || POST {locale}/user/forget_email [public.localized.forget_email_reset]","PARITY_DONE","APP-005A"
"POST","user/send_dates","send_dates","App\Http\Controllers\UserManageController@send_dates","web|resetPlLocale|localize|localeSessionRedirect|localizationRedirect|lastModified","app/Http/Controllers/UserManageController.php","732","","","auxiliary public forms","DB_FILE_MAIL_WRITE","","MISSING_TARGET","APP-005B-FORM-03"
"POST","user/send_free_image","user_free_img","App\Http\Controllers\UserManageController@send_free_image","web|resetPlLocale|localize|localeSessionRedirect|localizationRedirect|lastModified","app/Http/Controllers/UserManageController.php","845","","MODEL_WRITE|FILE|MAIL","auxiliary public forms","DB_FILE_MAIL_WRITE","","MISSING_TARGET","APP-005B-FORM-03"
"POST","user/send_photo_form","send_photo_form","App\Http\Controllers\UserManageController@send_photo_form","web|resetPlLocale|localize|localeSessionRedirect|localizationRedirect|lastModified","app/Http/Controllers/UserManageController.php","408","","DB|MODEL_WRITE|MAIL|REDIRECT","implemented foundation","WRITE_MIXED_GATED","POST user/send_photo_form [user.send_photo_form] || POST {locale}/user/send_photo_form [public.localized.user.send_photo_form]","PARITY_DONE","APP-005A-FORM-02"
"GET","user/send_review","send_rev","App\Http\Controllers\Pages\ReviewController@index","web|resetPlLocale|localize|localeSessionRedirect|localizationRedirect|lastModified","app/Http/Controllers/Pages/ReviewController.php","28","","","reviews","READ_DB","","MISSING_TARGET","SEO-006"
"POST","user/send_screen","send_screen","App\Http\Controllers\UserManageController@send_screen","web|resetPlLocale|localize|localeSessionRedirect|localizationRedirect|lastModified","app/Http/Controllers/UserManageController.php","161","","MODEL_WRITE|MAIL","auxiliary public forms","DB_FILE_MAIL_WRITE","","MISSING_TARGET","APP-005B-FORM-03"
"POST","user_send_rev/{locale}","user_send_rev","App\Http\Controllers\UserManageController@user_send_rev","web|resetPlLocale|localize|localeSessionRedirect|localizationRedirect|lastModified","app/Http/Controllers/UserManageController.php","104","","MODEL_WRITE|MAIL","reviews","WRITE_DB_FILE","","MISSING_TARGET","SEO-006"
"GET","why_are_you_leaving_questions","why_are_you_leaving_questions","App\Http\Controllers\StaticPagesController@why_are_you_leaving_questions","web|resetPlLocale|localize|localeSessionRedirect|localizationRedirect|lastModified","app/Http/Controllers/StaticPagesController.php","704","","MODEL_WRITE|REDIRECT","public content pages","READ_DB","","MISSING_TARGET","APP-005B-PAGES-01"
