data_row_id,data_type_id,slug,legacy_table,legacy_model,field,voyager_type,display_name,required,browse,read,edit,add,delete,order,proposed_form_component,proposed_table_component,relationship_model,relationship_table,relationship_type,relationship_column,relationship_key,relationship_label,pivot_table,validation_rule,options_json,details_sha256,details_json,migration_notes
1,1,users,users,"TCG\Voyager\Models\User",id,number,ID,1,1,0,0,0,0,1,TextInput(numeric),TextColumn(numeric),,,,,,,,,,4f53cda18c2baa0c0354bb5f9a3ecbe5ed12ab4d8e11ba873c2f11161202b945,[],required
3,1,users,users,"TCG\Voyager\Models\User",email,text,Email,1,1,1,1,1,1,2,TextInput,TextColumn,,,,,,,,,,4f53cda18c2baa0c0354bb5f9a3ecbe5ed12ab4d8e11ba873c2f11161202b945,[],required
150,1,users,users,"TCG\Voyager\Models\User",type_id,text,"Type Id",0,1,1,1,1,1,3,TextInput,TextColumn,,,,,,,,,,4f53cda18c2baa0c0354bb5f9a3ecbe5ed12ab4d8e11ba873c2f11161202b945,[],
4,1,users,users,"TCG\Voyager\Models\User",password,password,Пароль,1,0,0,1,1,0,4,"TextInput(password,revealable=false,dehydrate only when filled)","Never display",,,,,,,,,,4f53cda18c2baa0c0354bb5f9a3ecbe5ed12ab4d8e11ba873c2f11161202b945,[],required
5,1,users,users,"TCG\Voyager\Models\User",remember_token,text,"Токен восстановления",0,0,0,0,0,0,5,TextInput,TextColumn,,,,,,,,,,4f53cda18c2baa0c0354bb5f9a3ecbe5ed12ab4d8e11ba873c2f11161202b945,[],"omit from UI unless server-side lifecycle requires it"
6,1,users,users,"TCG\Voyager\Models\User",created_at,timestamp,"Дата создания",0,0,1,0,0,0,6,"DateTimePicker or read-only Placeholder",TextColumn(dateTime),,,,,,,,,,4f53cda18c2baa0c0354bb5f9a3ecbe5ed12ab4d8e11ba873c2f11161202b945,[],
113,1,users,users,"TCG\Voyager\Models\User",first_name,text,"First Name",0,1,1,1,1,1,7,TextInput,TextColumn,,,,,,,,,,4f53cda18c2baa0c0354bb5f9a3ecbe5ed12ab4d8e11ba873c2f11161202b945,[],
7,1,users,users,"TCG\Voyager\Models\User",updated_at,timestamp,"Дата обновления",0,0,0,0,0,0,8,"DateTimePicker or read-only Placeholder",TextColumn(dateTime),,,,,,,,,,4f53cda18c2baa0c0354bb5f9a3ecbe5ed12ab4d8e11ba873c2f11161202b945,[],"omit from UI unless server-side lifecycle requires it"
114,1,users,users,"TCG\Voyager\Models\User",last_name,text,"Last Name",0,0,1,1,1,1,9,TextInput,TextColumn,,,,,,,,,,4f53cda18c2baa0c0354bb5f9a3ecbe5ed12ab4d8e11ba873c2f11161202b945,[],
967,1,users,users,"TCG\Voyager\Models\User",screenshot,text,Screenshot,0,0,1,1,1,1,10,TextInput,TextColumn,,,,,,,,,,4f53cda18c2baa0c0354bb5f9a3ecbe5ed12ab4d8e11ba873c2f11161202b945,[],
115,1,users,users,"TCG\Voyager\Models\User",phone,text,Phone,0,1,1,1,1,1,11,TextInput,TextColumn,,,,,,,,,,4f53cda18c2baa0c0354bb5f9a3ecbe5ed12ab4d8e11ba873c2f11161202b945,[],
8,1,users,users,"TCG\Voyager\Models\User",avatar,image,Аватар,0,0,1,1,1,1,12,"FileUpload(image) with legacy-path adapter",ImageColumn,,,,,,,,,,4f53cda18c2baa0c0354bb5f9a3ecbe5ed12ab4d8e11ba873c2f11161202b945,[],"preserve existing URLs and derivatives; validate real MIME/decode/size/path"
116,1,users,users,"TCG\Voyager\Models\User",address,text,Address,0,0,1,1,1,1,13,TextInput,TextColumn,,,,,,,,,,4f53cda18c2baa0c0354bb5f9a3ecbe5ed12ab4d8e11ba873c2f11161202b945,[],
21,1,users,users,"TCG\Voyager\Models\User",role_id,text,Роль,0,0,1,1,1,1,14,TextInput,TextColumn,,,,,,,,,,4f53cda18c2baa0c0354bb5f9a3ecbe5ed12ab4d8e11ba873c2f11161202b945,[],
9,1,users,users,"TCG\Voyager\Models\User",user_belongsto_role_relationship,relationship,Роль,0,1,1,1,1,0,15,"Select/CheckboxList or RelationManager from details","TextColumn via eager-loaded relation","TCG\Voyager\Models\Role",roles,belongsTo,role_id,id,display_name,roles,,,2c2e23405334e15dea09cb6eb38f9006efa686b6c97d74dfeaa1987044549073,"{""model"":""TCG\\Voyager\\Models\\Role"",""table"":""roles"",""type"":""belongsTo"",""column"":""role_id"",""key"":""id"",""label"":""display_name"",""pivot_table"":""roles"",""pivot"":""0"",""taggable"":""0""}","eager-load and scope relation; preserve null/orphan/pivot behavior"
117,1,users,users,"TCG\Voyager\Models\User",invited,text,Invited,0,0,1,1,1,1,16,TextInput,TextColumn,,,,,,,,,,4f53cda18c2baa0c0354bb5f9a3ecbe5ed12ab4d8e11ba873c2f11161202b945,[],
118,1,users,users,"TCG\Voyager\Models\User",news,text,News,0,0,0,0,0,0,17,TextInput,TextColumn,,,,,,,,,,4f53cda18c2baa0c0354bb5f9a3ecbe5ed12ab4d8e11ba873c2f11161202b945,[],"omit from UI unless server-side lifecycle requires it"
957,1,users,users,"TCG\Voyager\Models\User",bonuses,number,Буносы,0,1,1,1,1,1,18,TextInput(numeric),TextColumn(numeric),,,,,,,,,,4f53cda18c2baa0c0354bb5f9a3ecbe5ed12ab4d8e11ba873c2f11161202b945,[],
11,1,users,users,"TCG\Voyager\Models\User",settings,hidden,Settings,0,0,0,0,0,0,19,"Hidden only when server-owned; otherwise omit","Hidden by default",,,,,,,,,,4f53cda18c2baa0c0354bb5f9a3ecbe5ed12ab4d8e11ba873c2f11161202b945,[],"omit from UI unless server-side lifecycle requires it"
119,1,users,users,"TCG\Voyager\Models\User",ad,text,Ad,0,0,0,0,0,0,20,TextInput,TextColumn,,,,,,,,,,4f53cda18c2baa0c0354bb5f9a3ecbe5ed12ab4d8e11ba873c2f11161202b945,[],"omit from UI unless server-side lifecycle requires it"
120,1,users,users,"TCG\Voyager\Models\User",client_data,text,"Client Data",0,0,0,0,0,0,21,TextInput,TextColumn,,,,,,,,,,4f53cda18c2baa0c0354bb5f9a3ecbe5ed12ab4d8e11ba873c2f11161202b945,[],"omit from UI unless server-side lifecycle requires it"
966,1,users,users,"TCG\Voyager\Models\User",inv_sale_code,text,"Inv Sale Code",0,0,1,1,1,1,22,TextInput,TextColumn,,,,,,,,,,4f53cda18c2baa0c0354bb5f9a3ecbe5ed12ab4d8e11ba873c2f11161202b945,[],
972,1,users,users,"TCG\Voyager\Models\User",is_facebook_sale,text,"Скидка Facebook",0,0,1,1,1,1,23,TextInput,TextColumn,,,,,,,,,,4f53cda18c2baa0c0354bb5f9a3ecbe5ed12ab4d8e11ba873c2f11161202b945,[],
149,1,users,users,"TCG\Voyager\Models\User",user_belongsto_user_type_relationship,relationship,Тип,0,1,1,1,1,1,24,"Select/CheckboxList or RelationManager from details","TextColumn via eager-loaded relation","App\Entity\UserType",user_types,belongsTo,type_id,id,name,data_rows,,,806368c487bc1f33f41adfa5b46591a4abbe209eac9e2920adaa3818f841866f,"{""model"":""App\\Entity\\UserType"",""table"":""user_types"",""type"":""belongsTo"",""column"":""type_id"",""key"":""id"",""label"":""name"",""pivot_table"":""data_rows"",""pivot"":""0"",""taggable"":""0""}","eager-load and scope relation; preserve null/orphan/pivot behavior"
980,1,users,users,"TCG\Voyager\Models\User",date1,date,Дата-1,0,0,1,1,1,1,25,DatePicker,TextColumn(date),,,,,,,,,,4f53cda18c2baa0c0354bb5f9a3ecbe5ed12ab4d8e11ba873c2f11161202b945,[],
982,1,users,users,"TCG\Voyager\Models\User",date2,date,Дата-2,0,0,1,1,1,1,26,DatePicker,TextColumn(date),,,,,,,,,,4f53cda18c2baa0c0354bb5f9a3ecbe5ed12ab4d8e11ba873c2f11161202b945,[],
1255,1,users,users,"TCG\Voyager\Models\User",active_coupon,text,"Активный купон",0,0,1,1,1,1,27,TextInput,TextColumn,,,,,,,,,,4f53cda18c2baa0c0354bb5f9a3ecbe5ed12ab4d8e11ba873c2f11161202b945,[],
981,1,users,users,"TCG\Voyager\Models\User",torj1,text,Торжество-1,0,0,1,1,1,1,28,TextInput,TextColumn,,,,,,,,,,4f53cda18c2baa0c0354bb5f9a3ecbe5ed12ab4d8e11ba873c2f11161202b945,[],
1256,1,users,users,"TCG\Voyager\Models\User",client_status,text,"Статус клиента",0,0,1,1,1,1,29,TextInput,TextColumn,,,,,,,,,,4f53cda18c2baa0c0354bb5f9a3ecbe5ed12ab4d8e11ba873c2f11161202b945,[],
983,1,users,users,"TCG\Voyager\Models\User",torj2,text,Торжество-2,0,0,1,1,1,1,30,TextInput,TextColumn,,,,,,,,,,4f53cda18c2baa0c0354bb5f9a3ecbe5ed12ab4d8e11ba873c2f11161202b945,[],
1257,1,users,users,"TCG\Voyager\Models\User",dates_notified,number,"Получил оповещение 1 дата",0,0,1,1,1,1,31,TextInput(numeric),TextColumn(numeric),,,,,,,,,,4f53cda18c2baa0c0354bb5f9a3ecbe5ed12ab4d8e11ba873c2f11161202b945,[],
1263,1,users,users,"TCG\Voyager\Models\User",dates_notified2,number,"Получил оповещение 2 дата",0,0,1,1,1,1,32,TextInput(numeric),TextColumn(numeric),,,,,,,,,,4f53cda18c2baa0c0354bb5f9a3ecbe5ed12ab4d8e11ba873c2f11161202b945,[],
134,1,users,users,"TCG\Voyager\Models\User",status,text,Статус,0,0,1,1,1,1,33,TextInput,TextColumn,,,,,,,,,,4f53cda18c2baa0c0354bb5f9a3ecbe5ed12ab4d8e11ba873c2f11161202b945,[],
1274,1,users,users,"TCG\Voyager\Models\User",postal_index,text,"Почтовый индекс",0,0,1,1,1,1,34,TextInput,TextColumn,,,,,,,,,,4f53cda18c2baa0c0354bb5f9a3ecbe5ed12ab4d8e11ba873c2f11161202b945,[],
1275,1,users,users,"TCG\Voyager\Models\User",country,text,Страна,0,0,1,1,1,1,35,TextInput,TextColumn,,,,,,,,,,4f53cda18c2baa0c0354bb5f9a3ecbe5ed12ab4d8e11ba873c2f11161202b945,[],
1319,1,users,users,"TCG\Voyager\Models\User",is_active_friend_inv,number,"Купон за приглашение друга активен?",0,1,1,1,1,1,35,TextInput(numeric),TextColumn(numeric),,,,,,,,,,4f53cda18c2baa0c0354bb5f9a3ecbe5ed12ab4d8e11ba873c2f11161202b945,[],
121,1,users,users,"TCG\Voyager\Models\User",email_verified_at,timestamp,"Email Verified At",0,0,1,1,1,1,36,"DateTimePicker or read-only Placeholder",TextColumn(dateTime),,,,,,,,,,4f53cda18c2baa0c0354bb5f9a3ecbe5ed12ab4d8e11ba873c2f11161202b945,[],
1453,1,users,users,"TCG\Voyager\Models\User",has_sale_20eur,text,"Has Sale 20eur",0,1,1,1,1,1,36,TextInput,TextColumn,,,,,,,,,,4f53cda18c2baa0c0354bb5f9a3ecbe5ed12ab4d8e11ba873c2f11161202b945,[],
1454,1,users,users,"TCG\Voyager\Models\User",is_coupon_dates,text,"Is Coupon Dates",0,1,1,1,1,1,37,TextInput,TextColumn,,,,,,,,,,4f53cda18c2baa0c0354bb5f9a3ecbe5ed12ab4d8e11ba873c2f11161202b945,[],
1455,1,users,users,"TCG\Voyager\Models\User",city,text,Город,0,1,1,1,1,1,38,TextInput,TextColumn,,,,,,,,,,4f53cda18c2baa0c0354bb5f9a3ecbe5ed12ab4d8e11ba873c2f11161202b945,[],
1496,1,users,users,"TCG\Voyager\Models\User",nick,text,Никнейм,0,1,1,1,1,1,39,TextInput,TextColumn,,,,,,,,,,4f53cda18c2baa0c0354bb5f9a3ecbe5ed12ab4d8e11ba873c2f11161202b945,[],
1926,1,users,users,"TCG\Voyager\Models\User",used_universal_coupon,text,"Used Universal Coupon",0,1,1,1,1,1,40,TextInput,TextColumn,,,,,,,,,,4f53cda18c2baa0c0354bb5f9a3ecbe5ed12ab4d8e11ba873c2f11161202b945,[],
1927,1,users,users,"TCG\Voyager\Models\User",facebook_id,text,"Facebook Id",0,1,1,1,1,1,41,TextInput,TextColumn,,,,,,,,,,4f53cda18c2baa0c0354bb5f9a3ecbe5ed12ab4d8e11ba873c2f11161202b945,[],
12,2,menus,menus,"TCG\Voyager\Models\Menu",id,number,ID,1,0,0,0,0,0,1,TextInput(numeric),TextColumn(numeric),,,,,,,,,,4f53cda18c2baa0c0354bb5f9a3ecbe5ed12ab4d8e11ba873c2f11161202b945,[],"required; omit from UI unless server-side lifecycle requires it"
13,2,menus,menus,"TCG\Voyager\Models\Menu",name,text,Имя,1,1,1,1,1,1,2,TextInput,TextColumn,,,,,,,,,,4f53cda18c2baa0c0354bb5f9a3ecbe5ed12ab4d8e11ba873c2f11161202b945,[],required
14,2,menus,menus,"TCG\Voyager\Models\Menu",created_at,timestamp,"Дата создания",0,0,0,0,0,0,3,"DateTimePicker or read-only Placeholder",TextColumn(dateTime),,,,,,,,,,4f53cda18c2baa0c0354bb5f9a3ecbe5ed12ab4d8e11ba873c2f11161202b945,[],"omit from UI unless server-side lifecycle requires it"
15,2,menus,menus,"TCG\Voyager\Models\Menu",updated_at,timestamp,"Дата обновления",0,0,0,0,0,0,4,"DateTimePicker or read-only Placeholder",TextColumn(dateTime),,,,,,,,,,4f53cda18c2baa0c0354bb5f9a3ecbe5ed12ab4d8e11ba873c2f11161202b945,[],"omit from UI unless server-side lifecycle requires it"
16,3,roles,roles,"TCG\Voyager\Models\Role",id,number,ID,1,0,0,0,0,0,1,TextInput(numeric),TextColumn(numeric),,,,,,,,,,4f53cda18c2baa0c0354bb5f9a3ecbe5ed12ab4d8e11ba873c2f11161202b945,[],"required; omit from UI unless server-side lifecycle requires it"
17,3,roles,roles,"TCG\Voyager\Models\Role",name,text,Имя,1,1,1,1,1,1,2,TextInput,TextColumn,,,,,,,,,,4f53cda18c2baa0c0354bb5f9a3ecbe5ed12ab4d8e11ba873c2f11161202b945,[],required
18,3,roles,roles,"TCG\Voyager\Models\Role",created_at,timestamp,"Дата создания",0,0,0,0,0,0,3,"DateTimePicker or read-only Placeholder",TextColumn(dateTime),,,,,,,,,,4f53cda18c2baa0c0354bb5f9a3ecbe5ed12ab4d8e11ba873c2f11161202b945,[],"omit from UI unless server-side lifecycle requires it"
19,3,roles,roles,"TCG\Voyager\Models\Role",updated_at,timestamp,"Дата обновления",0,0,0,0,0,0,4,"DateTimePicker or read-only Placeholder",TextColumn(dateTime),,,,,,,,,,4f53cda18c2baa0c0354bb5f9a3ecbe5ed12ab4d8e11ba873c2f11161202b945,[],"omit from UI unless server-side lifecycle requires it"
20,3,roles,roles,"TCG\Voyager\Models\Role",display_name,text,"Отображаемое имя",1,1,1,1,1,1,5,TextInput,TextColumn,,,,,,,,,,4f53cda18c2baa0c0354bb5f9a3ecbe5ed12ab4d8e11ba873c2f11161202b945,[],required
28,5,locales,locales,"App\Models\Locale",id,text,Id,1,0,0,0,0,0,1,TextInput,TextColumn,,,,,,,,,,4f53cda18c2baa0c0354bb5f9a3ecbe5ed12ab4d8e11ba873c2f11161202b945,[],"required; omit from UI unless server-side lifecycle requires it"
29,5,locales,locales,"App\Models\Locale",prefix,text,Prefix,1,1,1,1,1,1,2,TextInput,TextColumn,,,,,,,,,,4f53cda18c2baa0c0354bb5f9a3ecbe5ed12ab4d8e11ba873c2f11161202b945,[],required
30,5,locales,locales,"App\Models\Locale",name,text,Name,1,1,1,1,1,1,3,TextInput,TextColumn,,,,,,,,,,4f53cda18c2baa0c0354bb5f9a3ecbe5ed12ab4d8e11ba873c2f11161202b945,[],required
31,5,locales,locales,"App\Models\Locale",created_at,timestamp,"Created At",0,0,0,0,0,0,4,"DateTimePicker or read-only Placeholder",TextColumn(dateTime),,,,,,,,,,4f53cda18c2baa0c0354bb5f9a3ecbe5ed12ab4d8e11ba873c2f11161202b945,[],"omit from UI unless server-side lifecycle requires it"
32,5,locales,locales,"App\Models\Locale",updated_at,timestamp,"Updated At",0,0,0,0,0,0,5,"DateTimePicker or read-only Placeholder",TextColumn(dateTime),,,,,,,,,,4f53cda18c2baa0c0354bb5f9a3ecbe5ed12ab4d8e11ba873c2f11161202b945,[],"omit from UI unless server-side lifecycle requires it"
33,6,pages,pages,"App\Models\Page",id,text,Id,1,1,0,0,0,0,1,TextInput,TextColumn,,,,,,,,,,4f53cda18c2baa0c0354bb5f9a3ecbe5ed12ab4d8e11ba873c2f11161202b945,[],required
34,6,pages,pages,"App\Models\Page",title,text,Заголовок,0,1,1,1,1,1,2,TextInput,TextColumn,,,,,,,,,,4f53cda18c2baa0c0354bb5f9a3ecbe5ed12ab4d8e11ba873c2f11161202b945,[],
37,6,pages,pages,"App\Models\Page",url,text,Url,0,1,1,1,1,1,3,TextInput,TextColumn,,,,,,,,,,4f53cda18c2baa0c0354bb5f9a3ecbe5ed12ab4d8e11ba873c2f11161202b945,[],
1472,6,pages,pages,"App\Models\Page",meta_title,text,"Мета заголовок",0,1,1,1,1,1,4,TextInput,TextColumn,,,,,,,,max:255,,d6f93a8f833374b96cf5bf1e2d34aeaa6d6baab96b489b4b3b4714dd03ba73d9,"{""validation"":{""rule"":""max:255""}}",
36,6,pages,pages,"App\Models\Page",meta_description,text,"Мета описание",0,1,1,1,1,1,5,TextInput,TextColumn,,,,,,,,max:255,,d6f93a8f833374b96cf5bf1e2d34aeaa6d6baab96b489b4b3b4714dd03ba73d9,"{""validation"":{""rule"":""max:255""}}",
2065,6,pages,pages,"App\Models\Page",video_img,image,"Video Img",0,1,1,1,1,1,7,"FileUpload(image) with legacy-path adapter",ImageColumn,,,,,,,,,,4f53cda18c2baa0c0354bb5f9a3ecbe5ed12ab4d8e11ba873c2f11161202b945,[],"preserve existing URLs and derivatives; validate real MIME/decode/size/path"
2066,6,pages,pages,"App\Models\Page",video_file,file,"Video File",0,1,1,1,1,1,8,"FileUpload with MIME/size/path allowlist","File link Action with policy",,,,,,,,,,4f53cda18c2baa0c0354bb5f9a3ecbe5ed12ab4d8e11ba873c2f11161202b945,[],"preserve existing URLs and derivatives; validate real MIME/decode/size/path"
39,6,pages,pages,"App\Models\Page",created_at,timestamp,"Created At",0,0,0,0,0,0,9,"DateTimePicker or read-only Placeholder",TextColumn(dateTime),,,,,,,,,,4f53cda18c2baa0c0354bb5f9a3ecbe5ed12ab4d8e11ba873c2f11161202b945,[],"omit from UI unless server-side lifecycle requires it"
40,6,pages,pages,"App\Models\Page",updated_at,timestamp,"Updated At",0,0,0,0,0,0,10,"DateTimePicker or read-only Placeholder",TextColumn(dateTime),,,,,,,,,,4f53cda18c2baa0c0354bb5f9a3ecbe5ed12ab4d8e11ba873c2f11161202b945,[],"omit from UI unless server-side lifecycle requires it"
41,7,gallery-types,gallery_types,"App\Models\GalleryType",id,text,Id,1,1,1,0,0,0,1,TextInput,TextColumn,,,,,,,,,,4f53cda18c2baa0c0354bb5f9a3ecbe5ed12ab4d8e11ba873c2f11161202b945,[],required
42,7,gallery-types,gallery_types,"App\Models\GalleryType",name,text,Name,1,1,1,1,1,1,2,TextInput,TextColumn,,,,,,,,,,4f53cda18c2baa0c0354bb5f9a3ecbe5ed12ab4d8e11ba873c2f11161202b945,[],required
100,7,gallery-types,gallery_types,"App\Models\GalleryType",url,text,Url,0,1,1,1,1,1,3,TextInput,TextColumn,,,,,,,,,,4f53cda18c2baa0c0354bb5f9a3ecbe5ed12ab4d8e11ba873c2f11161202b945,[],
43,7,gallery-types,gallery_types,"App\Models\GalleryType",active,checkbox,Active,1,1,1,1,1,1,4,"Toggle or Checkbox",IconColumn(boolean),,,,,,,,,,7a6afcf23b3d377d8fe53898a75f0ae67071a3b870c7b7822ba997df3458ae8e,"{""on"":""On"",""off"":""Off"",""checked"":""YES""}",required
796,7,gallery-types,gallery_types,"App\Models\GalleryType",price_var,text,"Множитель цены/размера",0,1,1,1,1,1,5,TextInput,TextColumn,,,,,,,,,,4f53cda18c2baa0c0354bb5f9a3ecbe5ed12ab4d8e11ba873c2f11161202b945,[],
44,7,gallery-types,gallery_types,"App\Models\GalleryType",created_at,timestamp,"Created At",0,1,0,0,0,0,6,"DateTimePicker or read-only Placeholder",TextColumn(dateTime),,,,,,,,,,4f53cda18c2baa0c0354bb5f9a3ecbe5ed12ab4d8e11ba873c2f11161202b945,[],
45,7,gallery-types,gallery_types,"App\Models\GalleryType",updated_at,timestamp,"Updated At",0,0,0,0,0,0,7,"DateTimePicker or read-only Placeholder",TextColumn(dateTime),,,,,,,,,,4f53cda18c2baa0c0354bb5f9a3ecbe5ed12ab4d8e11ba873c2f11161202b945,[],"omit from UI unless server-side lifecycle requires it"
52,8,gallery-categories,gallery_categories,"App\Models\GalleryCategory",gallery_category_belongsto_gallery_type_relationship,relationship,Тип,0,1,1,1,1,1,1,"Select/CheckboxList or RelationManager from details","TextColumn via eager-loaded relation","App\GalleryType",gallery_types,belongsTo,id_type,id,name,data_rows,,,43593113d58cddfa3cba322e305330be8fcdf184cdb318e8d0d7d7ab4019cae2,"{""model"":""App\\GalleryType"",""table"":""gallery_types"",""type"":""belongsTo"",""column"":""id_type"",""key"":""id"",""label"":""name"",""pivot_table"":""data_rows"",""pivot"":""0"",""taggable"":""0""}","eager-load and scope relation; preserve null/orphan/pivot behavior"
46,8,gallery-categories,gallery_categories,"App\Models\GalleryCategory",id,text,Id,1,0,0,0,0,0,2,TextInput,TextColumn,,,,,,,,,,4f53cda18c2baa0c0354bb5f9a3ecbe5ed12ab4d8e11ba873c2f11161202b945,[],"required; omit from UI unless server-side lifecycle requires it"
2104,8,gallery-categories,gallery_categories,"App\Models\GalleryCategory",meta_title,text,"Meta Title",0,1,1,1,1,1,3,TextInput,TextColumn,,,,,,,,,,4f53cda18c2baa0c0354bb5f9a3ecbe5ed12ab4d8e11ba873c2f11161202b945,[],
2105,8,gallery-categories,gallery_categories,"App\Models\GalleryCategory",meta_description,text,"Meta Description",0,1,1,1,1,1,4,TextInput,TextColumn,,,,,,,,,,4f53cda18c2baa0c0354bb5f9a3ecbe5ed12ab4d8e11ba873c2f11161202b945,[],
2101,8,gallery-categories,gallery_categories,"App\Models\GalleryCategory",image,image,Image,0,1,1,1,1,1,5,"FileUpload(image) with legacy-path adapter",ImageColumn,,,,,,,,,,4f53cda18c2baa0c0354bb5f9a3ecbe5ed12ab4d8e11ba873c2f11161202b945,[],"preserve existing URLs and derivatives; validate real MIME/decode/size/path"
2102,8,gallery-categories,gallery_categories,"App\Models\GalleryCategory",images_slider,multiple_images,"Images Slider",0,1,1,1,1,1,6,"FileUpload(multiple) with legacy-path adapter","Image/File count column",,,,,,,,,,4f53cda18c2baa0c0354bb5f9a3ecbe5ed12ab4d8e11ba873c2f11161202b945,[],"preserve existing URLs and derivatives; validate real MIME/decode/size/path"
48,8,gallery-categories,gallery_categories,"App\Models\GalleryCategory",name,text,Name,1,1,1,1,1,1,7,TextInput,TextColumn,,,,,,,,,,4f53cda18c2baa0c0354bb5f9a3ecbe5ed12ab4d8e11ba873c2f11161202b945,[],required
2107,8,gallery-categories,gallery_categories,"App\Models\GalleryCategory",painter_character,text,"Painter Character",0,1,1,1,1,1,8,TextInput,TextColumn,,,,,,,,,,4f53cda18c2baa0c0354bb5f9a3ecbe5ed12ab4d8e11ba873c2f11161202b945,[],
101,8,gallery-categories,gallery_categories,"App\Models\GalleryCategory",url,text,Url,0,1,1,1,1,1,9,TextInput,TextColumn,,,,,,,,,,4f53cda18c2baa0c0354bb5f9a3ecbe5ed12ab4d8e11ba873c2f11161202b945,[],
47,8,gallery-categories,gallery_categories,"App\Models\GalleryCategory",id_type,select_dropdown,"Id Type",0,1,1,1,1,1,10,"Select with explicit options",TextColumn/badge,,,,,,,,,,4f53cda18c2baa0c0354bb5f9a3ecbe5ed12ab4d8e11ba873c2f11161202b945,[],
49,8,gallery-categories,gallery_categories,"App\Models\GalleryCategory",active,checkbox,Active,1,1,1,1,1,1,11,"Toggle or Checkbox",IconColumn(boolean),,,,,,,,,,7a6afcf23b3d377d8fe53898a75f0ae67071a3b870c7b7822ba997df3458ae8e,"{""on"":""On"",""off"":""Off"",""checked"":""YES""}",required
2106,8,gallery-categories,gallery_categories,"App\Models\GalleryCategory",is_painter,checkbox,Художник,0,1,1,1,1,1,12,"Toggle or Checkbox",IconColumn(boolean),,,,,,,,,,5a5a320085bfa5b84bdbc6d87307c477ad66f865eeac8e5f034adfb071711d34,"{""on"":""Да"",""off"":""Нет"",""checked"":""Да""}",
2108,8,gallery-categories,gallery_categories,"App\Models\GalleryCategory",painter_is_modern,checkbox,"Современный художник",0,1,1,1,1,1,13,"Toggle or Checkbox",IconColumn(boolean),,,,,,,,,,5a5a320085bfa5b84bdbc6d87307c477ad66f865eeac8e5f034adfb071711d34,"{""on"":""Да"",""off"":""Нет"",""checked"":""Да""}",
2109,8,gallery-categories,gallery_categories,"App\Models\GalleryCategory",painter_top20,checkbox,"Художник Top20",0,1,1,1,1,1,14,"Toggle or Checkbox",IconColumn(boolean),,,,,,,,,,5a5a320085bfa5b84bdbc6d87307c477ad66f865eeac8e5f034adfb071711d34,"{""on"":""Да"",""off"":""Нет"",""checked"":""Да""}",
2103,8,gallery-categories,gallery_categories,"App\Models\GalleryCategory",description,rich_text_box,Description,0,1,1,1,1,1,15,"RichEditor with explicit HTML allowlist","TextColumn(html disabled by default)",,,,,,,,,,4f53cda18c2baa0c0354bb5f9a3ecbe5ed12ab4d8e11ba873c2f11161202b945,[],"trusted-content allowlist and XSS/CSP review"
50,8,gallery-categories,gallery_categories,"App\Models\GalleryCategory",created_at,timestamp,"Created At",0,1,0,0,0,0,16,"DateTimePicker or read-only Placeholder",TextColumn(dateTime),,,,,,,,,,4f53cda18c2baa0c0354bb5f9a3ecbe5ed12ab4d8e11ba873c2f11161202b945,[],
51,8,gallery-categories,gallery_categories,"App\Models\GalleryCategory",updated_at,timestamp,"Updated At",0,0,0,0,0,0,17,"DateTimePicker or read-only Placeholder",TextColumn(dateTime),,,,,,,,,,4f53cda18c2baa0c0354bb5f9a3ecbe5ed12ab4d8e11ba873c2f11161202b945,[],"omit from UI unless server-side lifecycle requires it"
53,9,gallery-sizes,gallery_sizes,"App\Models\GallerySize",id,text,Id,1,1,0,0,0,0,1,TextInput,TextColumn,,,,,,,,,,4f53cda18c2baa0c0354bb5f9a3ecbe5ed12ab4d8e11ba873c2f11161202b945,[],required
54,9,gallery-sizes,gallery_sizes,"App\Models\GallerySize",size,text,Size,1,1,1,1,1,1,2,TextInput,TextColumn,,,,,,,,,,4f53cda18c2baa0c0354bb5f9a3ecbe5ed12ab4d8e11ba873c2f11161202b945,[],required
55,9,gallery-sizes,gallery_sizes,"App\Models\GallerySize",price,number,Price,1,1,1,1,1,1,3,TextInput(numeric),TextColumn(numeric),,,,,,,,,,4f53cda18c2baa0c0354bb5f9a3ecbe5ed12ab4d8e11ba873c2f11161202b945,[],required
56,9,gallery-sizes,gallery_sizes,"App\Models\GallerySize",created_at,timestamp,"Created At",0,1,0,0,0,0,4,"DateTimePicker or read-only Placeholder",TextColumn(dateTime),,,,,,,,,,4f53cda18c2baa0c0354bb5f9a3ecbe5ed12ab4d8e11ba873c2f11161202b945,[],
2080,9,gallery-sizes,gallery_sizes,"App\Models\GallerySize",height,text,Height,0,1,1,1,1,1,5,TextInput,TextColumn,,,,,,,,,,4f53cda18c2baa0c0354bb5f9a3ecbe5ed12ab4d8e11ba873c2f11161202b945,[],
2081,9,gallery-sizes,gallery_sizes,"App\Models\GallerySize",length,text,Length,0,1,1,1,1,1,6,TextInput,TextColumn,,,,,,,,,,4f53cda18c2baa0c0354bb5f9a3ecbe5ed12ab4d8e11ba873c2f11161202b945,[],
57,9,gallery-sizes,gallery_sizes,"App\Models\GallerySize",updated_at,timestamp,"Updated At",0,0,0,0,0,0,7,"DateTimePicker or read-only Placeholder",TextColumn(dateTime),,,,,,,,,,4f53cda18c2baa0c0354bb5f9a3ecbe5ed12ab4d8e11ba873c2f11161202b945,[],"omit from UI unless server-side lifecycle requires it"
58,10,gallery-holsts,gallery_holsts,"App\Models\GalleryHolst",id,text,Id,1,0,0,0,0,0,1,TextInput,TextColumn,,,,,,,,,,4f53cda18c2baa0c0354bb5f9a3ecbe5ed12ab4d8e11ba873c2f11161202b945,[],"required; omit from UI unless server-side lifecycle requires it"
59,10,gallery-holsts,gallery_holsts,"App\Models\GalleryHolst",name,text,Name,1,1,1,1,1,1,2,TextInput,TextColumn,,,,,,,,,,4f53cda18c2baa0c0354bb5f9a3ecbe5ed12ab4d8e11ba873c2f11161202b945,[],required
60,10,gallery-holsts,gallery_holsts,"App\Models\GalleryHolst",density,text,Density,1,1,1,1,1,1,3,TextInput,TextColumn,,,,,,,,,,4f53cda18c2baa0c0354bb5f9a3ecbe5ed12ab4d8e11ba873c2f11161202b945,[],required
61,10,gallery-holsts,gallery_holsts,"App\Models\GalleryHolst",hint,text,Hint,1,1,1,1,1,1,4,TextInput,TextColumn,,,,,,,,,,4f53cda18c2baa0c0354bb5f9a3ecbe5ed12ab4d8e11ba873c2f11161202b945,[],required
62,10,gallery-holsts,gallery_holsts,"App\Models\GalleryHolst",price,number,Price,1,1,1,1,1,1,5,TextInput(numeric),TextColumn(numeric),,,,,,,,,,4f53cda18c2baa0c0354bb5f9a3ecbe5ed12ab4d8e11ba873c2f11161202b945,[],required
63,10,gallery-holsts,gallery_holsts,"App\Models\GalleryHolst",hit,checkbox,Hit,1,1,1,1,1,1,6,"Toggle or Checkbox",IconColumn(boolean),,,,,,,,,,264736b984d1de9d187d08e4b622893bb476a9b78fb79c54017428b61e1cde1d,"{""on"":""On"",""off"":""Off"",""checked"":false}",required
64,10,gallery-holsts,gallery_holsts,"App\Models\GalleryHolst",created_at,timestamp,"Created At",0,1,0,0,0,0,7,"DateTimePicker or read-only Placeholder",TextColumn(dateTime),,,,,,,,,,4f53cda18c2baa0c0354bb5f9a3ecbe5ed12ab4d8e11ba873c2f11161202b945,[],
65,10,gallery-holsts,gallery_holsts,"App\Models\GalleryHolst",updated_at,timestamp,"Updated At",0,0,0,0,0,0,8,"DateTimePicker or read-only Placeholder",TextColumn(dateTime),,,,,,,,,,4f53cda18c2baa0c0354bb5f9a3ecbe5ed12ab4d8e11ba873c2f11161202b945,[],"omit from UI unless server-side lifecycle requires it"
2190,10,gallery-holsts,gallery_holsts,"App\Models\GalleryHolst",image,image,Image,0,1,1,1,1,1,9,"FileUpload(image) with legacy-path adapter",ImageColumn,,,,,,,,,,4f53cda18c2baa0c0354bb5f9a3ecbe5ed12ab4d8e11ba873c2f11161202b945,[],"preserve existing URLs and derivatives; validate real MIME/decode/size/path"
2191,10,gallery-holsts,gallery_holsts,"App\Models\GalleryHolst",default,checkbox,Default,1,1,1,1,1,1,10,"Toggle or Checkbox",IconColumn(boolean),,,,,,,,,,f1d0e166f3fe8b8701f4dac89294e835621732cf5321b567c10e183b28618a21,"{""on"":""Yes"",""off"":""No"",""checked"":false}",required
66,11,gallery-boxes,gallery_boxes,"App\Models\GalleryBox",id,text,Id,1,0,0,0,0,0,1,TextInput,TextColumn,,,,,,,,,,4f53cda18c2baa0c0354bb5f9a3ecbe5ed12ab4d8e11ba873c2f11161202b945,[],"required; omit from UI unless server-side lifecycle requires it"
67,11,gallery-boxes,gallery_boxes,"App\Models\GalleryBox",name,text,Name,1,1,1,1,1,1,2,TextInput,TextColumn,,,,,,,,,,4f53cda18c2baa0c0354bb5f9a3ecbe5ed12ab4d8e11ba873c2f11161202b945,[],required
68,11,gallery-boxes,gallery_boxes,"App\Models\GalleryBox",hint,text,Hint,1,1,1,1,1,1,3,TextInput,TextColumn,,,,,,,,,,4f53cda18c2baa0c0354bb5f9a3ecbe5ed12ab4d8e11ba873c2f11161202b945,[],required
69,11,gallery-boxes,gallery_boxes,"App\Models\GalleryBox",price,number,Price,1,1,1,1,1,1,4,TextInput(numeric),TextColumn(numeric),,,,,,,,,,4f53cda18c2baa0c0354bb5f9a3ecbe5ed12ab4d8e11ba873c2f11161202b945,[],required
1828,11,gallery-boxes,gallery_boxes,"App\Models\GalleryBox",image,image,Image,0,1,1,1,1,1,5,"FileUpload(image) with legacy-path adapter",ImageColumn,,,,,,,,,,4f53cda18c2baa0c0354bb5f9a3ecbe5ed12ab4d8e11ba873c2f11161202b945,[],"preserve existing URLs and derivatives; validate real MIME/decode/size/path"
70,11,gallery-boxes,gallery_boxes,"App\Models\GalleryBox",created_at,timestamp,"Created At",0,1,0,0,0,0,6,"DateTimePicker or read-only Placeholder",TextColumn(dateTime),,,,,,,,,,4f53cda18c2baa0c0354bb5f9a3ecbe5ed12ab4d8e11ba873c2f11161202b945,[],
71,11,gallery-boxes,gallery_boxes,"App\Models\GalleryBox",updated_at,timestamp,"Updated At",0,0,0,0,0,0,7,"DateTimePicker or read-only Placeholder",TextColumn(dateTime),,,,,,,,,,4f53cda18c2baa0c0354bb5f9a3ecbe5ed12ab4d8e11ba873c2f11161202b945,[],"omit from UI unless server-side lifecycle requires it"
72,12,gallery-tag-rooms,gallery_tag_rooms,"App\Models\GalleryTagRoom",id,text,Id,1,1,0,0,0,0,1,TextInput,TextColumn,,,,,,,,,,4f53cda18c2baa0c0354bb5f9a3ecbe5ed12ab4d8e11ba873c2f11161202b945,[],required
82,12,gallery-tag-rooms,gallery_tag_rooms,"App\Models\GalleryTagRoom",name,text,Name,1,1,1,1,1,1,2,TextInput,TextColumn,,,,,,,,,,4f53cda18c2baa0c0354bb5f9a3ecbe5ed12ab4d8e11ba873c2f11161202b945,[],required
74,12,gallery-tag-rooms,gallery_tag_rooms,"App\Models\GalleryTagRoom",created_at,timestamp,"Created At",0,1,0,0,0,0,3,"DateTimePicker or read-only Placeholder",TextColumn(dateTime),,,,,,,,,,4f53cda18c2baa0c0354bb5f9a3ecbe5ed12ab4d8e11ba873c2f11161202b945,[],
75,12,gallery-tag-rooms,gallery_tag_rooms,"App\Models\GalleryTagRoom",updated_at,timestamp,"Updated At",0,0,0,0,0,0,4,"DateTimePicker or read-only Placeholder",TextColumn(dateTime),,,,,,,,,,4f53cda18c2baa0c0354bb5f9a3ecbe5ed12ab4d8e11ba873c2f11161202b945,[],"omit from UI unless server-side lifecycle requires it"
76,13,gallery-tag-colors,gallery_tag_colors,"App\Models\GalleryTagColor",id,text,Id,1,1,0,0,0,0,1,TextInput,TextColumn,,,,,,,,,,4f53cda18c2baa0c0354bb5f9a3ecbe5ed12ab4d8e11ba873c2f11161202b945,[],required
415,13,gallery-tag-colors,gallery_tag_colors,"App\Models\GalleryTagColor",name,text,Имя,0,1,1,1,1,1,2,TextInput,TextColumn,,,,,,,,,,4f53cda18c2baa0c0354bb5f9a3ecbe5ed12ab4d8e11ba873c2f11161202b945,[],
77,13,gallery-tag-colors,gallery_tag_colors,"App\Models\GalleryTagColor",color,color,"Код цвета css",1,1,1,1,1,1,3,ColorPicker,ColorColumn/TextColumn,,,,,,,,,,4f53cda18c2baa0c0354bb5f9a3ecbe5ed12ab4d8e11ba873c2f11161202b945,[],required
78,13,gallery-tag-colors,gallery_tag_colors,"App\Models\GalleryTagColor",created_at,timestamp,"Created At",0,1,0,0,0,0,4,"DateTimePicker or read-only Placeholder",TextColumn(dateTime),,,,,,,,,,4f53cda18c2baa0c0354bb5f9a3ecbe5ed12ab4d8e11ba873c2f11161202b945,[],
79,13,gallery-tag-colors,gallery_tag_colors,"App\Models\GalleryTagColor",updated_at,timestamp,"Updated At",0,0,0,0,0,0,5,"DateTimePicker or read-only Placeholder",TextColumn(dateTime),,,,,,,,,,4f53cda18c2baa0c0354bb5f9a3ecbe5ed12ab4d8e11ba873c2f11161202b945,[],"omit from UI unless server-side lifecycle requires it"
86,16,gallery-items,gallery_items,"App\Models\GalleryItem",id,text,Id,1,1,0,0,0,0,1,TextInput,TextColumn,,,,,,,,,,4f53cda18c2baa0c0354bb5f9a3ecbe5ed12ab4d8e11ba873c2f11161202b945,[],required
99,16,gallery-items,gallery_items,"App\Models\GalleryItem",gallery_item_belongsto_gallery_type_relationship,relationship,Типы,0,1,1,1,1,1,2,"Select/CheckboxList or RelationManager from details","TextColumn via eager-loaded relation","App\GalleryType",gallery_types,belongsTo,id_type,id,name,data_rows,,,43593113d58cddfa3cba322e305330be8fcdf184cdb318e8d0d7d7ab4019cae2,"{""model"":""App\\GalleryType"",""table"":""gallery_types"",""type"":""belongsTo"",""column"":""id_type"",""key"":""id"",""label"":""name"",""pivot_table"":""data_rows"",""pivot"":""0"",""taggable"":""0""}","eager-load and scope relation; preserve null/orphan/pivot behavior"
89,16,gallery-items,gallery_items,"App\Models\GalleryItem",name,text,Имя,1,1,1,1,1,1,3,TextInput,TextColumn,,,,,,,,,,38fb73b917fb96a4506569bf636dfb4fee286c249d23ec45eb2c68715dcd2b99,"{""tab_title"":""Main""}",required
1467,16,gallery-items,gallery_items,"App\Models\GalleryItem",meta_title,text,"Мета заголовок",0,0,1,1,1,1,4,TextInput,TextColumn,,,,,,,,max:255,,d6f93a8f833374b96cf5bf1e2d34aeaa6d6baab96b489b4b3b4714dd03ba73d9,"{""validation"":{""rule"":""max:255""}}",
1468,16,gallery-items,gallery_items,"App\Models\GalleryItem",meta_desc,text,"Мета описание",0,0,1,1,1,1,5,TextInput,TextColumn,,,,,,,,max:255,,d6f93a8f833374b96cf5bf1e2d34aeaa6d6baab96b489b4b3b4714dd03ba73d9,"{""validation"":{""rule"":""max:255""}}",
1474,16,gallery-items,gallery_items,"App\Models\GalleryItem",meta_robots,select_dropdown,"Meta Robots",0,0,1,1,1,1,6,"Select with explicit options",TextColumn/badge,,,,,,,,,"{""index, follow"":""index, follow"",""noindex, nofollow"":""noindex, nofollow""}",43dbfafd59dabd9bb3a6728a91f014043ceabacdb09b461c91521fe91ca4af02,"{""default"":""index, follow"",""options"":{""index, follow"":""index, follow"",""noindex, nofollow"":""noindex, nofollow""}}",
1923,16,gallery-items,gallery_items,"App\Models\GalleryItem",seo,rich_text_box,Seo,0,0,1,1,1,1,7,"RichEditor with explicit HTML allowlist","TextColumn(html disabled by default)",,,,,,,,,,4f53cda18c2baa0c0354bb5f9a3ecbe5ed12ab4d8e11ba873c2f11161202b945,[],"trusted-content allowlist and XSS/CSP review"
87,16,gallery-items,gallery_items,"App\Models\GalleryItem",id_type,text,"Id типа",0,1,1,1,1,1,8,TextInput,TextColumn,,,,,,,,,,4f53cda18c2baa0c0354bb5f9a3ecbe5ed12ab4d8e11ba873c2f11161202b945,[],
1465,16,gallery-items,gallery_items,"App\Models\GalleryItem",slug,text,Slug,0,1,1,1,1,1,9,TextInput,TextColumn,,,,,,,,,,4f53cda18c2baa0c0354bb5f9a3ecbe5ed12ab4d8e11ba873c2f11161202b945,[],
784,16,gallery-items,gallery_items,"App\Models\GalleryItem",shortname,text,"h1 Короткое имя",0,0,1,1,1,1,10,TextInput,TextColumn,,,,,,,,,,4f53cda18c2baa0c0354bb5f9a3ecbe5ed12ab4d8e11ba873c2f11161202b945,[],
2215,16,gallery-items,gallery_items,"App\Models\GalleryItem",zakaz_title_h2,text,"Первый заголовок H2",0,1,1,1,1,1,11,TextInput,TextColumn,,,,,,,,,,4f53cda18c2baa0c0354bb5f9a3ecbe5ed12ab4d8e11ba873c2f11161202b945,[],
2214,16,gallery-items,gallery_items,"App\Models\GalleryItem",other_work_h2,text,"Второй заголовок H2",0,1,1,1,1,1,12,TextInput,TextColumn,,,,,,,,,,4f53cda18c2baa0c0354bb5f9a3ecbe5ed12ab4d8e11ba873c2f11161202b945,[],
2216,16,gallery-items,gallery_items,"App\Models\GalleryItem",third_block_h2,text,"Третий заголовок  H2",0,1,1,1,1,1,13,TextInput,TextColumn,,,,,,,,,,4f53cda18c2baa0c0354bb5f9a3ecbe5ed12ab4d8e11ba873c2f11161202b945,[],
2217,16,gallery-items,gallery_items,"App\Models\GalleryItem",fourth_block_h2,text,"Четвертый заголовок H2",0,1,1,1,1,1,14,TextInput,TextColumn,,,,,,,,,,4f53cda18c2baa0c0354bb5f9a3ecbe5ed12ab4d8e11ba873c2f11161202b945,[],
2253,16,gallery-items,gallery_items,"App\Models\GalleryItem",seo_city_title,text,"Seo Город Title",0,1,1,1,1,1,15,TextInput,TextColumn,,,,,,,,,,4f53cda18c2baa0c0354bb5f9a3ecbe5ed12ab4d8e11ba873c2f11161202b945,[],
2254,16,gallery-items,gallery_items,"App\Models\GalleryItem",seo_city_desc,text_area,"Seo Город Desc",0,1,1,1,1,1,16,Textarea,TextColumn(wrap),,,,,,,,,,4f53cda18c2baa0c0354bb5f9a3ecbe5ed12ab4d8e11ba873c2f11161202b945,[],
2255,16,gallery-items,gallery_items,"App\Models\GalleryItem",is_cities_on_page,checkbox,"Города на странице",0,1,1,1,1,1,17,"Toggle or Checkbox",IconColumn(boolean),,,,,,,,,,4f53cda18c2baa0c0354bb5f9a3ecbe5ed12ab4d8e11ba873c2f11161202b945,[],
2343,16,gallery-items,gallery_items,"App\Models\GalleryItem",allow_client_photo_upload,checkbox,"Разрешить загрузку фотографий клиенту",1,1,1,1,1,1,18,"Toggle or Checkbox",IconColumn(boolean),,,,,,,,,,4f53cda18c2baa0c0354bb5f9a3ecbe5ed12ab4d8e11ba873c2f11161202b945,[],required
547,16,gallery-items,gallery_items,"App\Models\GalleryItem",price_from,number,"Цена от",0,0,1,1,1,1,19,TextInput(numeric),TextColumn(numeric),,,,,,,,,,88aa6cd38165a5028d4618f4c7258ff09a7bc5b5fe7a3cbd879362d43de57d10,"{""tab_title"":""Цены/Размеры""}",
413,16,gallery-items,gallery_items,"App\Models\GalleryItem",gallery_item_belongstomany_gallery_size_relationship,relationship,Размеры,0,0,1,1,1,1,20,"Select/CheckboxList or RelationManager from details","TextColumn via eager-loaded relation","App\GallerySize",gallery_sizes,belongsToMany,id,id,size,"gallery_items_ gallery_tag_sizes",,,cfa619c1bec3d5728f021e8026a9f93cb92b51a7f3df5b6988429c59745f94e0,"{""model"":""App\\GallerySize"",""table"":""gallery_sizes"",""type"":""belongsToMany"",""column"":""id"",""key"":""id"",""label"":""size"",""pivot_table"":""gallery_items_ gallery_tag_sizes"",""pivot"":""1"",""taggable"":""0""}","eager-load and scope relation; preserve null/orphan/pivot behavior"
2146,16,gallery-items,gallery_items,"App\Models\GalleryItem",is_bestseller,checkbox,Bestseller,0,1,1,1,1,1,21,"Toggle or Checkbox",IconColumn(boolean),,,,,,,,,,264736b984d1de9d187d08e4b622893bb476a9b78fb79c54017428b61e1cde1d,"{""on"":""On"",""off"":""Off"",""checked"":false}",
918,16,gallery-items,gallery_items,"App\Models\GalleryItem",custom_size_prices,text,"Размер[цена] 30x40[10],40x60[30]...",0,0,1,1,1,1,22,TextInput,TextColumn,,,,,,,,,,4f53cda18c2baa0c0354bb5f9a3ecbe5ed12ab4d8e11ba873c2f11161202b945,[],
1284,16,gallery-items,gallery_items,"App\Models\GalleryItem",custom_size_prices_form2,text,"Размеры-цены Форма-2",0,0,1,1,1,1,23,TextInput,TextColumn,,,,,,,,,,4f53cda18c2baa0c0354bb5f9a3ecbe5ed12ab4d8e11ba873c2f11161202b945,[],
1285,16,gallery-items,gallery_items,"App\Models\GalleryItem",custom_size_prices_form3,text,"Размеры-цены Форма-3",0,0,1,1,1,1,24,TextInput,TextColumn,,,,,,,,,,4f53cda18c2baa0c0354bb5f9a3ecbe5ed12ab4d8e11ba873c2f11161202b945,[],
940,16,gallery-items,gallery_items,"App\Models\GalleryItem",custom_size_prices_sale,text,"Скидка на Размер[цена] 30x40[10],40x60[30]...",0,0,1,1,1,1,25,TextInput,TextColumn,,,,,,,,,,4f53cda18c2baa0c0354bb5f9a3ecbe5ed12ab4d8e11ba873c2f11161202b945,[],
956,16,gallery-items,gallery_items,"App\Models\GalleryItem",is_big_sale,checkbox,"Большая скидка",0,0,1,1,1,1,26,"Toggle or Checkbox",IconColumn(boolean),,,,,,,,,,4f53cda18c2baa0c0354bb5f9a3ecbe5ed12ab4d8e11ba873c2f11161202b945,[],
840,16,gallery-items,gallery_items,"App\Models\GalleryItem",sale_end,date,"Конец распродажи",0,0,1,1,1,1,27,DatePicker,TextColumn(date),,,,,,,,,,4f53cda18c2baa0c0354bb5f9a3ecbe5ed12ab4d8e11ba873c2f11161202b945,[],
973,16,gallery-items,gallery_items,"App\Models\GalleryItem",sizes_cals,text,"Цены и размеры для наших работ 30x40[10],40x60[30]...",0,0,1,1,1,1,28,TextInput,TextColumn,,,,,,,,,,4f53cda18c2baa0c0354bb5f9a3ecbe5ed12ab4d8e11ba873c2f11161202b945,[],
919,16,gallery-items,gallery_items,"App\Models\GalleryItem",custom_users_prices,text,"К-во[цена] 1[5],2[10],3[20]",0,0,1,1,1,1,29,TextInput,TextColumn,,,,,,,,,,4f53cda18c2baa0c0354bb5f9a3ecbe5ed12ab4d8e11ba873c2f11161202b945,[],
416,16,gallery-items,gallery_items,"App\Models\GalleryItem",gallery_item_belongstomany_gallery_box_relationship,relationship,Упаковки,0,0,1,1,1,1,30,"Select/CheckboxList or RelationManager from details","TextColumn via eager-loaded relation","App\GalleryBox",gallery_boxes,belongsToMany,id,id,name,"gallery_items_ gallery_boxes",,,0b31895e67bbf4ea9dc82f8c118f0bd05e831827bc2f50ff3e26e18e1eef9238,"{""model"":""App\\GalleryBox"",""table"":""gallery_boxes"",""type"":""belongsToMany"",""column"":""id"",""key"":""id"",""label"":""name"",""pivot_table"":""gallery_items_ gallery_boxes"",""pivot"":""1"",""taggable"":""0""}","eager-load and scope relation; preserve null/orphan/pivot behavior"
417,16,gallery-items,gallery_items,"App\Models\GalleryItem",gallery_item_belongstomany_gallery_holst_relationship,relationship,Холсты,0,0,1,1,1,1,31,"Select/CheckboxList or RelationManager from details","TextColumn via eager-loaded relation","App\GalleryHolst",gallery_holsts,belongsToMany,id,id,name,gallery_items_gallery_holsts,,,1e0b240d849f0d9ec16174ace94b6e3f39fff33ab4f3f7a03d469a1ef3c77234,"{""model"":""App\\GalleryHolst"",""table"":""gallery_holsts"",""type"":""belongsToMany"",""column"":""id"",""key"":""id"",""label"":""name"",""pivot_table"":""gallery_items_gallery_holsts"",""pivot"":""1"",""taggable"":""0""}","eager-load and scope relation; preserve null/orphan/pivot behavior"
2195,16,gallery-items,gallery_items,"App\Models\GalleryItem",template_sizes1,text,"Размер[цена] для Шаблонов 1",0,0,1,1,1,1,32,TextInput,TextColumn,,,,,,,,,,4f53cda18c2baa0c0354bb5f9a3ecbe5ed12ab4d8e11ba873c2f11161202b945,[],
2196,16,gallery-items,gallery_items,"App\Models\GalleryItem",template_sizes2,text,"Размер[цена] для Шаблонов 2",0,0,1,1,1,1,33,TextInput,TextColumn,,,,,,,,,,4f53cda18c2baa0c0354bb5f9a3ecbe5ed12ab4d8e11ba873c2f11161202b945,[],
2197,16,gallery-items,gallery_items,"App\Models\GalleryItem",template_sizes3,text,"Размер[цена] для Шаблонов 3",0,0,1,1,1,1,34,TextInput,TextColumn,,,,,,,,,,4f53cda18c2baa0c0354bb5f9a3ecbe5ed12ab4d8e11ba873c2f11161202b945,[],
88,16,gallery-items,gallery_items,"App\Models\GalleryItem",id_category,text,Категория,0,1,0,0,0,0,35,TextInput,TextColumn,,,,,,,,,,4f53cda18c2baa0c0354bb5f9a3ecbe5ed12ab4d8e11ba873c2f11161202b945,[],
95,16,gallery-items,gallery_items,"App\Models\GalleryItem",active,checkbox,Активно,1,1,1,1,1,1,36,"Toggle or Checkbox",IconColumn(boolean),,,,,,,,,,e980fbcac01cf061ef0dcb967db9a4d3365eb018b77352d41a2cdacbc008c856,"{""on"":""On"",""off"":""Off"",""checked"":true,""tab_title"":""Фильтры""}",required
102,16,gallery-items,gallery_items,"App\Models\GalleryItem",genre,text,Жанр,0,0,0,0,0,0,37,TextInput,TextColumn,,,,,,,,,,4f53cda18c2baa0c0354bb5f9a3ecbe5ed12ab4d8e11ba873c2f11161202b945,[],"omit from UI unless server-side lifecycle requires it"
103,16,gallery-items,gallery_items,"App\Models\GalleryItem",style,text,Стиль,0,0,0,0,0,0,38,TextInput,TextColumn,,,,,,,,,,4f53cda18c2baa0c0354bb5f9a3ecbe5ed12ab4d8e11ba873c2f11161202b945,[],"omit from UI unless server-side lifecycle requires it"
98,16,gallery-items,gallery_items,"App\Models\GalleryItem",gallery_item_belongsto_gallery_category_relationship,relationship,Категории,0,0,1,1,1,1,39,"Select/CheckboxList or RelationManager from details","TextColumn via eager-loaded relation","App\GalleryCategory",gallery_categories,belongsToMany,id_category,id,name,gallery_category_gallery_item,,,33f95e6c97df0bca78148072ba7159a63273df1b7206553f9bc85803a90bffdc,"{""scope"":""Type"",""model"":""App\\GalleryCategory"",""table"":""gallery_categories"",""type"":""belongsToMany"",""column"":""id_category"",""key"":""id"",""label"":""name"",""pivot_table"":""gallery_category_gallery_item"",""pivot"":""1"",""taggable"":""0""}","eager-load and scope relation; preserve null/orphan/pivot behavior"
390,16,gallery-items,gallery_items,"App\Models\GalleryItem",gallery_item_hasmany_gallery_tag_room_relationship,relationship,"Теги комнат",0,0,1,1,1,1,40,"Select/CheckboxList or RelationManager from details","TextColumn via eager-loaded relation","App\GalleryTagRoom",gallery_tag_rooms,belongsToMany,id,id,name,gallery_items_gallery_tag_rooms,,,1f95a1110523279c1a5f20704fcf382edd058ebc9e4d98522af055524850b1fe,"{""model"":""App\\GalleryTagRoom"",""table"":""gallery_tag_rooms"",""type"":""belongsToMany"",""column"":""id"",""key"":""id"",""label"":""name"",""pivot_table"":""gallery_items_gallery_tag_rooms"",""pivot"":""1"",""taggable"":""0""}","eager-load and scope relation; preserve null/orphan/pivot behavior"
414,16,gallery-items,gallery_items,"App\Models\GalleryItem",gallery_item_belongstomany_gallery_tag_color_relationship,relationship,Цвета,0,0,1,1,1,1,41,"Select/CheckboxList or RelationManager from details","TextColumn via eager-loaded relation","App\GalleryTagColor",gallery_tag_colors,belongsToMany,id,id,name,"gallery_items_ gallery_tag_colors",,,9be90194e39cd75ac9c0557bb01048c127da3abaabe98083f788d977e9fb8a16,"{""model"":""App\\GalleryTagColor"",""table"":""gallery_tag_colors"",""type"":""belongsToMany"",""column"":""id"",""key"":""id"",""label"":""name"",""pivot_table"":""gallery_items_ gallery_tag_colors"",""pivot"":""1"",""taggable"":""0""}","eager-load and scope relation; preserve null/orphan/pivot behavior"
2133,16,gallery-items,gallery_items,"App\Models\GalleryItem",gallery_item_belongstomany_a_gallery_genre_relationship,relationship,Жанр,0,0,1,1,1,1,42,"Select/CheckboxList or RelationManager from details","TextColumn via eager-loaded relation","App\Models\AGalleryGenre",a_gallery_genre,belongsToMany,id,id,name,gallery_items_a_gallery_genre,,,022223d72263f6c477da608dbf08c9fee50ceb431cf51140006da8f98c56ed5b,"{""model"":""App\\Models\\AGalleryGenre"",""table"":""a_gallery_genre"",""type"":""belongsToMany"",""column"":""id"",""key"":""id"",""label"":""name"",""pivot_table"":""gallery_items_a_gallery_genre"",""pivot"":""1"",""taggable"":""0""}","eager-load and scope relation; preserve null/orphan/pivot behavior"
2132,16,gallery-items,gallery_items,"App\Models\GalleryItem",gallery_item_belongstomany_a_gallery_style_relationship,relationship,Стиль,0,0,1,1,1,1,43,"Select/CheckboxList or RelationManager from details","TextColumn via eager-loaded relation","App\Models\AGalleryStyle",a_gallery_style,belongsToMany,id,id,name,gallery_items_a_gallery_style,,,3de1037ac473f4adc6295186a1ef60ed76f0cc8bcaa757259b03b21ad1224785,"{""model"":""App\\Models\\AGalleryStyle"",""table"":""a_gallery_style"",""type"":""belongsToMany"",""column"":""id"",""key"":""id"",""label"":""name"",""pivot_table"":""gallery_items_a_gallery_style"",""pivot"":""1"",""taggable"":""0""}","eager-load and scope relation; preserve null/orphan/pivot behavior"
2141,16,gallery-items,gallery_items,"App\Models\GalleryItem",gallery_item_belongstomany_a_gallery_age_relationship,relationship,Век,0,0,1,1,1,1,44,"Select/CheckboxList or RelationManager from details","TextColumn via eager-loaded relation","App\Models\AGalleryAge",a_gallery_age,belongsToMany,id,id,name,gallery_items_a_gallery_age,,,cfdfe549571cc10aef9b75c1823e0a51a300872e53887a0f96979d097f59beb8,"{""model"":""App\\Models\\AGalleryAge"",""table"":""a_gallery_age"",""type"":""belongsToMany"",""column"":""id"",""key"":""id"",""label"":""name"",""pivot_table"":""gallery_items_a_gallery_age"",""pivot"":""1"",""taggable"":""0""}","eager-load and scope relation; preserve null/orphan/pivot behavior"
2110,16,gallery-items,gallery_items,"App\Models\GalleryItem",modern_handmade_paintings,checkbox,"Современная картина ручной работы",0,1,1,1,1,1,45,"Toggle or Checkbox",IconColumn(boolean),,,,,,,,,,16fb615d56fd43b0cb91cd66040d2697fabebd82ece2461c8dfe3160f6d37123,"{""on"":""Да"",""off"":""Нет"",""checked"":false}",
1489,16,gallery-items,gallery_items,"App\Models\GalleryItem",short_desc,rich_text_box,"Краткое описание",0,0,1,1,1,1,46,"RichEditor with explicit HTML allowlist","TextColumn(html disabled by default)",,,,,,,,,,2567cf791804d715a2c3d247df2984582e57aa0b00c4da8f1be26307786cfa9c,"{""tab_title"":""Общее""}","trusted-content allowlist and XSS/CSP review"
90,16,gallery-items,gallery_items,"App\Models\GalleryItem",description,rich_text_box,Описание,1,0,1,1,1,1,47,"RichEditor with explicit HTML allowlist","TextColumn(html disabled by default)",,,,,,,,,,4f53cda18c2baa0c0354bb5f9a3ecbe5ed12ab4d8e11ba873c2f11161202b945,[],"required; trusted-content allowlist and XSS/CSP review"
412,16,gallery-items,gallery_items,"App\Models\GalleryItem",views,text,"К-во просмотров",0,0,1,0,1,1,48,TextInput,TextColumn,,,,,,,,,,19cfc922373e6a3795bbb2fb7151301435937345fa90ac06dd9b7f3dea866dab,"{""tab_title"":""Медиа""}",
779,16,gallery-items,gallery_items,"App\Models\GalleryItem",add_image1,image,"Доп картинка",0,0,1,1,1,1,49,"FileUpload(image) with legacy-path adapter",ImageColumn,,,,,,,,,,4f53cda18c2baa0c0354bb5f9a3ecbe5ed12ab4d8e11ba873c2f11161202b945,[],"preserve existing URLs and derivatives; validate real MIME/decode/size/path"
1462,16,gallery-items,gallery_items,"App\Models\GalleryItem",is_left_image,checkbox,"Картинка слева",0,0,1,1,1,1,50,"Toggle or Checkbox",IconColumn(boolean),,,,,,,,,,d67f494909e521e25f93f7e35543557e4e99c4a58219fe203836b6f93f681d0a,"{""0"":""нет"",""1"":""да"",""checked"":false}",
1142,16,gallery-items,gallery_items,"App\Models\GalleryItem",our_works,media_picker,"Наши работы",0,0,1,1,1,1,51,"Custom ExistingPathMediaPicker","Image/File summary column",,,,,,,,,,d561c9ac700d1123ed43e7cb87066971a55d25751d21ef83306e82f98aef6be5,"{""max"":100,""min"":0,""expanded"":true,""show_folders"":true,""show_toolbar"":true,""allow_upload"":true,""allow_move"":true,""allow_delete"":true,""allow_create_folder"":true,""allow_rename"":true,""allow_crop"":true,""allowed"":[""image/jpeg"",""image/png"",""image/bmp""],""hide_thumbnails"":false,""quality"":90}","preserve existing URLs and derivatives; validate real MIME/decode/size/path"
1140,16,gallery-items,gallery_items,"App\Models\GalleryItem",add_image2_inner,image,"Картинка внутри ""подробнее""",0,0,1,1,1,1,52,"FileUpload(image) with legacy-path adapter",ImageColumn,,,,,,,,,,4f53cda18c2baa0c0354bb5f9a3ecbe5ed12ab4d8e11ba873c2f11161202b945,[],"preserve existing URLs and derivatives; validate real MIME/decode/size/path"
1141,16,gallery-items,gallery_items,"App\Models\GalleryItem",add_image3_inner,image,"Картинка внутри ""подробнее"" снизу",0,0,1,1,1,1,53,"FileUpload(image) with legacy-path adapter",ImageColumn,,,,,,,,,,4f53cda18c2baa0c0354bb5f9a3ecbe5ed12ab4d8e11ba873c2f11161202b945,[],"preserve existing URLs and derivatives; validate real MIME/decode/size/path"
780,16,gallery-items,gallery_items,"App\Models\GalleryItem",add_image_bg,image,"Картинка на фоне",0,0,1,1,1,1,54,"FileUpload(image) with legacy-path adapter",ImageColumn,,,,,,,,,,4f53cda18c2baa0c0354bb5f9a3ecbe5ed12ab4d8e11ba873c2f11161202b945,[],"preserve existing URLs and derivatives; validate real MIME/decode/size/path"
1461,16,gallery-items,gallery_items,"App\Models\GalleryItem",etc_style_image,image,"Картинка - другие стили",0,0,1,1,1,1,55,"FileUpload(image) with legacy-path adapter",ImageColumn,,,,,,,,,,4f53cda18c2baa0c0354bb5f9a3ecbe5ed12ab4d8e11ba873c2f11161202b945,[],"preserve existing URLs and derivatives; validate real MIME/decode/size/path"
860,16,gallery-items,gallery_items,"App\Models\GalleryItem",port_in_obr,checkbox,"Портрет в образе?",0,1,1,1,1,1,56,"Toggle or Checkbox",IconColumn(boolean),,,,,,,,,,264736b984d1de9d187d08e4b622893bb476a9b78fb79c54017428b61e1cde1d,"{""on"":""On"",""off"":""Off"",""checked"":false}",
822,16,gallery-items,gallery_items,"App\Models\GalleryItem",is_sharj,checkbox,"Портрет шарж?",0,0,1,1,1,1,57,"Toggle or Checkbox",IconColumn(boolean),,,,,,,,,,264736b984d1de9d187d08e4b622893bb476a9b78fb79c54017428b61e1cde1d,"{""on"":""On"",""off"":""Off"",""checked"":false}",
1649,16,gallery-items,gallery_items,"App\Models\GalleryItem",meta_url,text,Ссылка,0,1,1,1,1,1,58,TextInput,TextColumn,,,,,,,,,,4f53cda18c2baa0c0354bb5f9a3ecbe5ed12ab4d8e11ba873c2f11161202b945,[],
1641,16,gallery-items,gallery_items,"App\Models\GalleryItem",new_image1,image,"Картинка в шапке-1",0,0,1,1,1,1,59,"FileUpload(image) with legacy-path adapter",ImageColumn,,,,,,,,,,a88a57eee2597918cf08ab0ccb09e0a4f5d2a45c689fdaa8c0bdaffae31f4edc,"{""format"":""webp"",""tab_title"":""Новые медиа""}","preserve existing URLs and derivatives; validate real MIME/decode/size/path"
109,16,gallery-items,gallery_items,"App\Models\GalleryItem",images,multiple_images,"Картинка в корзине",0,0,1,1,1,1,60,"FileUpload(multiple) with legacy-path adapter","Image/File count column",,,,,,,,,,4f53cda18c2baa0c0354bb5f9a3ecbe5ed12ab4d8e11ba873c2f11161202b945,[],"preserve existing URLs and derivatives; validate real MIME/decode/size/path"
1642,16,gallery-items,gallery_items,"App\Models\GalleryItem",new_image2,image,"Картинка в шапке-2",0,0,1,1,1,1,61,"FileUpload(image) with legacy-path adapter",ImageColumn,,,,,,,,,,a819136ab19a5ef403649a626e92735e75d9a6b9e960262be2e54907354b072b,"{""format"":""webp""}","preserve existing URLs and derivatives; validate real MIME/decode/size/path"
1643,16,gallery-items,gallery_items,"App\Models\GalleryItem",new_main_image,image,"Картинка в описании",0,0,1,1,1,1,62,"FileUpload(image) with legacy-path adapter",ImageColumn,,,,,,,,,,a819136ab19a5ef403649a626e92735e75d9a6b9e960262be2e54907354b072b,"{""format"":""webp""}","preserve existing URLs and derivatives; validate real MIME/decode/size/path"
1640,16,gallery-items,gallery_items,"App\Models\GalleryItem",video,file,Видео,0,0,1,1,1,1,63,"FileUpload with MIME/size/path allowlist","File link Action with policy",,,,,,,,,,4f53cda18c2baa0c0354bb5f9a3ecbe5ed12ab4d8e11ba873c2f11161202b945,[],"preserve existing URLs and derivatives; validate real MIME/decode/size/path"
1647,16,gallery-items,gallery_items,"App\Models\GalleryItem",new_before_items,adv_media_files,"Картинки - до",0,0,1,1,1,1,64,"Custom ExistingPathMediaPicker/FileUpload adapter","Image/File summary column",,,,,,,,,,9fb98be115334017cfa61fd489d7d4ac995bf918b689bf9efe8439a31e3a0c17,"{""tab_title"":""До/после медиа""}","preserve existing URLs and derivatives; validate real MIME/decode/size/path"
1645,16,gallery-items,gallery_items,"App\Models\GalleryItem",new_after_items,adv_media_files,"Картинки - после",0,0,1,1,1,1,65,"Custom ExistingPathMediaPicker/FileUpload adapter","Image/File summary column",,,,,,,,,,52698a6b30fd5832f825e6a02f9743126a3e505fd1ed9de3d7b556d53dd72475,"{""extra_fields"":{""name"":{""type"":""textarea"",""title"":""Имя""},""size"":{""type"":""text"",""title"":""Размер""},""price"":{""type"":""text"",""title"":""Цена""}}}","preserve existing URLs and derivatives; validate real MIME/decode/size/path"
2182,16,gallery-items,gallery_items,"App\Models\GalleryItem",sorting,number,Sorting,0,1,1,1,1,1,66,TextInput(numeric),TextColumn(numeric),,,integer,,,,,,,edb2cdcaf04b9bafcf291ef6c3b5584661f9599fc3e6d5bfb60fb8d8e76e672d,"{""tab_title"":""Сортировка на странице цены"",""type"":""integer"",""title"":""Порядоковый номер"",""default"":""null""}",
2172,16,gallery-items,gallery_items,"App\Models\GalleryItem",background,adv_media_files,Background,0,1,1,1,1,1,67,"Custom ExistingPathMediaPicker/FileUpload adapter","Image/File summary column",,,,,,,,,,71fb328c64880a0bbbc39c1237a591b230d2ef8737eaadab4be23e54f73f1067,"{""tab_title"":""Фон"",""extra_fields"":{""title_ru"":{""type"":""text"",""title"":""Название ru""},""title_en"":{""type"":""text"",""title"":""Название en""},""title_lv"":{""type"":""text"",""title"":""Название lv""},""title_ee"":{""type"":""text"",""title"":""Название ee""},""title_lt"":{""type"":""text"",""title"":""Название lt""},""title_pl"":{""type"":""text"",""title"":""Название pl""},""title_de"":{""type"":""text"",""title"":""Название de""}}}","preserve existing URLs and derivatives; validate real MIME/decode/size/path"
1650,16,gallery-items,gallery_items,"App\Models\GalleryItem",our_works_new,adv_media_files,"Наши работы",0,0,1,1,1,1,68,"Custom ExistingPathMediaPicker/FileUpload adapter","Image/File summary column",,,,,,,,,,6d43945d52a6440eb8aaa0b9add292488974a094500816eb414ba6c713b4645b,"{""tab_title"":""Таб - наши работы"",""extra_fields"":{""name"":{""type"":""textarea"",""title"":""Имя""},""size"":{""type"":""text"",""title"":""Размер""},""price"":{""type"":""text"",""title"":""Цена""},""title_ru"":{""type"":""text"",""title"":""Название ru""},""title_en"":{""type"":""text"",""title"":""Название en""},""title_lv"":{""type"":""text"",""title"":""Название lv""},""title_ee"":{""type"":""text"",""title"":""Название ee""},""title_lt"":{""type"":""text"",""title"":""Название lt""},""title_pl"":{""type"":""text"",""title"":""Название pl""},""title_de"":{""type"":""text"",""title"":""Название de""}}}","preserve existing URLs and derivatives; validate real MIME/decode/size/path"
1651,16,gallery-items,gallery_items,"App\Models\GalleryItem",new_prices_sizes,adv_media_files,Цены/Размеры,0,0,1,1,1,1,69,"Custom ExistingPathMediaPicker/FileUpload adapter","Image/File summary column",,,,,,,,,,ecd6498fd0d71f3d27ed6e80064db03b705c80b92d74a4d732913427bf313e0b,"{""tab_title"":""Таб - цены/размеры"",""extra_fields"":{""size"":{""type"":""text"",""title"":""Размер""},""price"":{""type"":""text"",""title"":""Цена""}}}","preserve existing URLs and derivatives; validate real MIME/decode/size/path"
1652,16,gallery-items,gallery_items,"App\Models\GalleryItem",new_sizes,adv_media_files,"Разнообразие размеров",0,1,1,1,1,1,70,"Custom ExistingPathMediaPicker/FileUpload adapter","Image/File summary column",,,,,,,,,,a0251faff24542c42d557f199e395c1f09e590797dab874c0480bd541c528048,"{""tab_title"":""Разнообразие размеров"",""extra_fields"":{""size"":{""type"":""text"",""title"":""Размер""}}}","preserve existing URLs and derivatives; validate real MIME/decode/size/path"
1653,16,gallery-items,gallery_items,"App\Models\GalleryItem",new_clients_works,adv_media_files,"Работы клиентов",0,1,1,1,1,1,71,"Custom ExistingPathMediaPicker/FileUpload adapter","Image/File summary column",,,,,,,,,,7f88b0f0ed1c55b84f83ab7a8c8689f93543d98d1fbfebb8f0119ce921330973,"{""tab_title"":""Работы клиентов"",""extra_fields"":{""name"":{""type"":""textarea"",""title"":""Имя""},""size"":{""type"":""text"",""title"":""Размер""},""price"":{""type"":""text"",""title"":""Цена""}}}","preserve existing URLs and derivatives; validate real MIME/decode/size/path"
1679,16,gallery-items,gallery_items,"App\Models\GalleryItem",works_examples_new,adv_media_files,"Примеры портретов - Работы",0,1,1,1,1,1,72,"Custom ExistingPathMediaPicker/FileUpload adapter","Image/File summary column",,,,,,,,,,cb259da8984721f9ce9151abd725bf479794d7498a75fcb16a8fc25c5c139331,"{""tab_title"":""Работы клиентов"",""extra_fields"":{""name"":{""type"":""textarea"",""title"":""Имя""},""size"":{""type"":""text"",""title"":""Размер""}}}","preserve existing URLs and derivatives; validate real MIME/decode/size/path"
96,16,gallery-items,gallery_items,"App\Models\GalleryItem",created_at,timestamp,"Created At",0,0,0,0,0,0,73,"DateTimePicker or read-only Placeholder",TextColumn(dateTime),,,,,,,,,,4f53cda18c2baa0c0354bb5f9a3ecbe5ed12ab4d8e11ba873c2f11161202b945,[],"omit from UI unless server-side lifecycle requires it"
97,16,gallery-items,gallery_items,"App\Models\GalleryItem",updated_at,timestamp,"Updated At",0,0,0,0,0,0,74,"DateTimePicker or read-only Placeholder",TextColumn(dateTime),,,,,,,,,,4f53cda18c2baa0c0354bb5f9a3ecbe5ed12ab4d8e11ba873c2f11161202b945,[],"omit from UI unless server-side lifecycle requires it"
2169,16,gallery-items,gallery_items,"App\Models\GalleryItem",reason_example,adv_media_files,"Галерея образов",0,1,1,1,1,1,75,"Custom ExistingPathMediaPicker/FileUpload adapter","Image/File summary column",,,,,,,,,,8c9feaec77da895befcd57538fc7f87fccd6026df27d8200079c1b0abe8e8d4d,"{""tab_title"":""Образы"",""extra_fields"":{""slug"":{""type"":""text"",""title"":""slug""},""title_ru"":{""type"":""text"",""title"":""Название ru""},""title_en"":{""type"":""text"",""title"":""Название en""},""title_lv"":{""type"":""text"",""title"":""Название lv""},""title_ee"":{""type"":""text"",""title"":""Название ee""},""title_lt"":{""type"":""text"",""title"":""Название lt""},""title_pl"":{""type"":""text"",""title"":""Название pl""},""title_de"":{""type"":""text"",""title"":""Название de""},""category"":{""type"":""dropdown"",""title"":""Категория"",""options"":[""s_reason_cat_family"",""s_reason_cat_female"",""s_reason_cat_male"",""s_reason_cat_pet"",""s_reason_cat_pair""]}}}","preserve existing URLs and derivatives; validate real MIME/decode/size/path"
2171,16,gallery-items,gallery_items,"App\Models\GalleryItem",royal_category,text_area,Категории,0,0,1,1,1,1,76,Textarea,TextColumn(wrap),,,,,,,,,,5ebce85f5e34d1dd8188c75388e484dd3989aa78f0c928de16cfb1caab878999,"{""tab_title"":""Образы""}",
122,18,orders,orders,"App\Models\Orders",id,text,Id,1,1,0,0,0,0,1,TextInput,TextColumn,,,,,,,,,,4f53cda18c2baa0c0354bb5f9a3ecbe5ed12ab4d8e11ba873c2f11161202b945,[],required
123,18,orders,orders,"App\Models\Orders",user_id,text,"User Id",1,1,1,1,1,1,2,TextInput,TextColumn,,,,,,,,,,4f53cda18c2baa0c0354bb5f9a3ecbe5ed12ab4d8e11ba873c2f11161202b945,[],required
124,18,orders,orders,"App\Models\Orders",items,text,Товары,1,1,1,1,1,1,3,TextInput,TextColumn,,,,,,,,,,4f53cda18c2baa0c0354bb5f9a3ecbe5ed12ab4d8e11ba873c2f11161202b945,[],required
125,18,orders,orders,"App\Models\Orders",price,text,Цена,1,1,1,1,1,1,4,TextInput,TextColumn,,,,,,,,,,4f53cda18c2baa0c0354bb5f9a3ecbe5ed12ab4d8e11ba873c2f11161202b945,[],required
126,18,orders,orders,"App\Models\Orders",country,text,Страна,1,1,1,1,1,1,5,TextInput,TextColumn,,,,,,,,,,4f53cda18c2baa0c0354bb5f9a3ecbe5ed12ab4d8e11ba873c2f11161202b945,[],required
127,18,orders,orders,"App\Models\Orders",delivery,text,Доставка,1,1,1,1,1,1,6,TextInput,TextColumn,,,,,,,,,,4f53cda18c2baa0c0354bb5f9a3ecbe5ed12ab4d8e11ba873c2f11161202b945,[],required
128,18,orders,orders,"App\Models\Orders",payment,text,Оплата,1,1,1,1,1,1,7,TextInput,TextColumn,,,,,,,,,,4f53cda18c2baa0c0354bb5f9a3ecbe5ed12ab4d8e11ba873c2f11161202b945,[],required
129,18,orders,orders,"App\Models\Orders",photo,text,Фото,0,1,1,1,1,1,8,TextInput,TextColumn,,,,,,,,,,4f53cda18c2baa0c0354bb5f9a3ecbe5ed12ab4d8e11ba873c2f11161202b945,[],
130,18,orders,orders,"App\Models\Orders",comment,text,комментарий,0,1,1,1,1,1,9,TextInput,TextColumn,,,,,,,,,,4f53cda18c2baa0c0354bb5f9a3ecbe5ed12ab4d8e11ba873c2f11161202b945,[],
131,18,orders,orders,"App\Models\Orders",status,text,Статус,1,1,1,1,1,1,10,TextInput,TextColumn,,,,,,,,,,4f53cda18c2baa0c0354bb5f9a3ecbe5ed12ab4d8e11ba873c2f11161202b945,[],required
1128,18,orders,orders,"App\Models\Orders",admin_comment,text,"Комм. админа",0,1,1,1,1,1,11,TextInput,TextColumn,,,,,,,,,,4f53cda18c2baa0c0354bb5f9a3ecbe5ed12ab4d8e11ba873c2f11161202b945,[],
132,18,orders,orders,"App\Models\Orders",created_at,timestamp,"Created At",0,1,1,1,0,1,12,"DateTimePicker or read-only Placeholder",TextColumn(dateTime),,,,,,,,,,4f53cda18c2baa0c0354bb5f9a3ecbe5ed12ab4d8e11ba873c2f11161202b945,[],
133,18,orders,orders,"App\Models\Orders",updated_at,timestamp,"Updated At",0,0,0,0,0,0,13,"DateTimePicker or read-only Placeholder",TextColumn(dateTime),,,,,,,,,,4f53cda18c2baa0c0354bb5f9a3ecbe5ed12ab4d8e11ba873c2f11161202b945,[],"omit from UI unless server-side lifecycle requires it"
1129,18,orders,orders,"App\Models\Orders",payment_status,text,Оплачено,1,1,1,1,1,1,14,TextInput,TextColumn,,,,,,,,,,4f53cda18c2baa0c0354bb5f9a3ecbe5ed12ab4d8e11ba873c2f11161202b945,[],required
1130,18,orders,orders,"App\Models\Orders",labels,text,Labels,0,1,1,1,1,1,15,TextInput,TextColumn,,,,,,,,,,4f53cda18c2baa0c0354bb5f9a3ecbe5ed12ab4d8e11ba873c2f11161202b945,[],
1131,18,orders,orders,"App\Models\Orders",sale_price,text,"Цена списки",0,1,1,1,1,1,16,TextInput,TextColumn,,,,,,,,,,4f53cda18c2baa0c0354bb5f9a3ecbe5ed12ab4d8e11ba873c2f11161202b945,[],
1132,18,orders,orders,"App\Models\Orders",ur_name,text,"Юр. лицо",0,1,1,1,1,1,17,TextInput,TextColumn,,,,,,,,,,4f53cda18c2baa0c0354bb5f9a3ecbe5ed12ab4d8e11ba873c2f11161202b945,[],
1133,18,orders,orders,"App\Models\Orders",ur_reg_num,text,"Юр. рег ном.",0,1,1,1,1,1,18,TextInput,TextColumn,,,,,,,,,,4f53cda18c2baa0c0354bb5f9a3ecbe5ed12ab4d8e11ba873c2f11161202b945,[],
1134,18,orders,orders,"App\Models\Orders",ur_legal_addr,text,"Юр. аддр.",0,1,1,1,1,1,19,TextInput,TextColumn,,,,,,,,,,4f53cda18c2baa0c0354bb5f9a3ecbe5ed12ab4d8e11ba873c2f11161202b945,[],
1135,18,orders,orders,"App\Models\Orders",ur_pnr_nr,text,"Ur Pnr Nr",0,1,1,1,1,1,20,TextInput,TextColumn,,,,,,,,,,4f53cda18c2baa0c0354bb5f9a3ecbe5ed12ab4d8e11ba873c2f11161202b945,[],
1136,18,orders,orders,"App\Models\Orders",ur_bank_code,text,"Банк. счет ",0,1,1,1,1,1,21,TextInput,TextColumn,,,,,,,,,,4f53cda18c2baa0c0354bb5f9a3ecbe5ed12ab4d8e11ba873c2f11161202b945,[],
1139,18,orders,orders,"App\Models\Orders",ur_bank_name,text,"Имя банка",0,1,1,1,1,1,22,TextInput,TextColumn,,,,,,,,,,4f53cda18c2baa0c0354bb5f9a3ecbe5ed12ab4d8e11ba873c2f11161202b945,[],
1137,18,orders,orders,"App\Models\Orders",ur_bank_acc_code,text,"Банк. счет",0,1,1,1,1,1,23,TextInput,TextColumn,,,,,,,,,,4f53cda18c2baa0c0354bb5f9a3ecbe5ed12ab4d8e11ba873c2f11161202b945,[],
1138,18,orders,orders,"App\Models\Orders",is_ur,text,"Is Ur",0,1,1,1,1,1,24,TextInput,TextColumn,,,,,,,,,,4f53cda18c2baa0c0354bb5f9a3ecbe5ed12ab4d8e11ba873c2f11161202b945,[],
1178,18,orders,orders,"App\Models\Orders",pdf_link,text,"Ссылка на pdf",0,1,1,1,1,1,25,TextInput,TextColumn,,,,,,,,,,4f53cda18c2baa0c0354bb5f9a3ecbe5ed12ab4d8e11ba873c2f11161202b945,[],
1179,18,orders,orders,"App\Models\Orders",pdf_approved,text,"Показывать отчет",0,1,1,1,1,1,26,TextInput,TextColumn,,,,,,,,,,4f53cda18c2baa0c0354bb5f9a3ecbe5ed12ab4d8e11ba873c2f11161202b945,[],
1243,18,orders,orders,"App\Models\Orders",order_image,text,"Order Image",0,1,1,1,1,1,27,TextInput,TextColumn,,,,,,,,,,4f53cda18c2baa0c0354bb5f9a3ecbe5ed12ab4d8e11ba873c2f11161202b945,[],
1244,18,orders,orders,"App\Models\Orders",_url,text," Url",0,1,1,1,1,1,28,TextInput,TextColumn,,,,,,,,,,4f53cda18c2baa0c0354bb5f9a3ecbe5ed12ab4d8e11ba873c2f11161202b945,[],
1504,18,orders,orders,"App\Models\Orders",admin_coment,text,"Admin Coment",0,1,1,1,1,1,29,TextInput,TextColumn,,,,,,,,,,4f53cda18c2baa0c0354bb5f9a3ecbe5ed12ab4d8e11ba873c2f11161202b945,[],
1505,18,orders,orders,"App\Models\Orders",is_admin_order,text,"Is Admin Order",0,1,1,1,1,1,30,TextInput,TextColumn,,,,,,,,,,4f53cda18c2baa0c0354bb5f9a3ecbe5ed12ab4d8e11ba873c2f11161202b945,[],
1506,18,orders,orders,"App\Models\Orders",painter_images,text,"Painter Images",0,1,1,1,1,1,31,TextInput,TextColumn,,,,,,,,,,4f53cda18c2baa0c0354bb5f9a3ecbe5ed12ab4d8e11ba873c2f11161202b945,[],
1507,18,orders,orders,"App\Models\Orders",painter_endtime,text,"Painter Endtime",0,1,1,1,1,1,32,TextInput,TextColumn,,,,,,,,,,4f53cda18c2baa0c0354bb5f9a3ecbe5ed12ab4d8e11ba873c2f11161202b945,[],
1508,18,orders,orders,"App\Models\Orders",painter_payed,text,"Painter Payed",0,1,1,1,1,1,33,TextInput,TextColumn,,,,,,,,,,4f53cda18c2baa0c0354bb5f9a3ecbe5ed12ab4d8e11ba873c2f11161202b945,[],
1509,18,orders,orders,"App\Models\Orders",has_pdf,text,"Has Pdf",0,1,1,1,1,1,34,TextInput,TextColumn,,,,,,,,,,4f53cda18c2baa0c0354bb5f9a3ecbe5ed12ab4d8e11ba873c2f11161202b945,[],
1510,18,orders,orders,"App\Models\Orders",painter_comment,text,"Painter Comment",0,1,1,1,1,1,35,TextInput,TextColumn,,,,,,,,,,4f53cda18c2baa0c0354bb5f9a3ecbe5ed12ab4d8e11ba873c2f11161202b945,[],
1511,18,orders,orders,"App\Models\Orders",is_show_painter_images,text,"Is Show Painter Images",0,1,1,1,1,1,36,TextInput,TextColumn,,,,,,,,,,4f53cda18c2baa0c0354bb5f9a3ecbe5ed12ab4d8e11ba873c2f11161202b945,[],
1512,18,orders,orders,"App\Models\Orders",client_images,text,"Картинки клиента",0,1,1,1,1,1,37,TextInput,TextColumn,,,,,,,,,,4f53cda18c2baa0c0354bb5f9a3ecbe5ed12ab4d8e11ba873c2f11161202b945,[],
1513,18,orders,orders,"App\Models\Orders",client_comment,text,"Комментарий клиента",0,1,1,1,1,1,38,TextInput,TextColumn,,,,,,,,,,4f53cda18c2baa0c0354bb5f9a3ecbe5ed12ab4d8e11ba873c2f11161202b945,[],
140,20,gallery-decorations,gallery_decorations,"App\Models\GalleryDecoration",id,text,Id,1,0,0,0,0,0,1,TextInput,TextColumn,,,,,,,,,,4f53cda18c2baa0c0354bb5f9a3ecbe5ed12ab4d8e11ba873c2f11161202b945,[],"required; omit from UI unless server-side lifecycle requires it"
1921,20,gallery-decorations,gallery_decorations,"App\Models\GalleryDecoration",image,image,Image,0,1,1,1,1,1,2,"FileUpload(image) with legacy-path adapter",ImageColumn,,,,,,,,,,4f53cda18c2baa0c0354bb5f9a3ecbe5ed12ab4d8e11ba873c2f11161202b945,[],"preserve existing URLs and derivatives; validate real MIME/decode/size/path"
141,20,gallery-decorations,gallery_decorations,"App\Models\GalleryDecoration",name,text,Название,1,1,1,1,1,1,3,TextInput,TextColumn,,,,,,,,,,4f53cda18c2baa0c0354bb5f9a3ecbe5ed12ab4d8e11ba873c2f11161202b945,[],required
142,20,gallery-decorations,gallery_decorations,"App\Models\GalleryDecoration",price,text,Цена,1,1,1,1,1,1,4,TextInput,TextColumn,,,,,,,,,,4f53cda18c2baa0c0354bb5f9a3ecbe5ed12ab4d8e11ba873c2f11161202b945,[],required
1443,20,gallery-decorations,gallery_decorations,"App\Models\GalleryDecoration",hint,text,Подсказка,0,1,1,1,1,1,5,TextInput,TextColumn,,,,,,,,,,4f53cda18c2baa0c0354bb5f9a3ecbe5ed12ab4d8e11ba873c2f11161202b945,[],
1440,20,gallery-decorations,gallery_decorations,"App\Models\GalleryDecoration",coef_sm,number,Коэффициент-1,0,1,1,1,1,1,6,TextInput(numeric),TextColumn(numeric),,,,,,,,,,4f53cda18c2baa0c0354bb5f9a3ecbe5ed12ab4d8e11ba873c2f11161202b945,[],
1441,20,gallery-decorations,gallery_decorations,"App\Models\GalleryDecoration",coef_md,number,Коэффициент-2,0,1,1,1,1,1,7,TextInput(numeric),TextColumn(numeric),,,,,,,,,,4f53cda18c2baa0c0354bb5f9a3ecbe5ed12ab4d8e11ba873c2f11161202b945,[],
1442,20,gallery-decorations,gallery_decorations,"App\Models\GalleryDecoration",coef_lg,number,Коэффициент-3,0,1,1,1,1,1,8,TextInput(numeric),TextColumn(numeric),,,,,,,,,,4f53cda18c2baa0c0354bb5f9a3ecbe5ed12ab4d8e11ba873c2f11161202b945,[],
143,20,gallery-decorations,gallery_decorations,"App\Models\GalleryDecoration",created_at,timestamp,"Created At",0,1,1,1,0,1,9,"DateTimePicker or read-only Placeholder",TextColumn(dateTime),,,,,,,,,,4f53cda18c2baa0c0354bb5f9a3ecbe5ed12ab4d8e11ba873c2f11161202b945,[],
144,20,gallery-decorations,gallery_decorations,"App\Models\GalleryDecoration",updated_at,timestamp,"Updated At",0,0,0,0,0,0,10,"DateTimePicker or read-only Placeholder",TextColumn(dateTime),,,,,,,,,,4f53cda18c2baa0c0354bb5f9a3ecbe5ed12ab4d8e11ba873c2f11161202b945,[],"omit from UI unless server-side lifecycle requires it"
151,22,homepage-options,homepage_options,"App\Models\HomepageOption",id,text,Id,1,0,0,0,0,0,1,TextInput,TextColumn,,,,,,,,,,4f53cda18c2baa0c0354bb5f9a3ecbe5ed12ab4d8e11ba873c2f11161202b945,[],"required; omit from UI unless server-side lifecycle requires it"
152,22,homepage-options,homepage_options,"App\Models\HomepageOption",created_at,timestamp,"Created At",0,0,0,0,0,0,2,"DateTimePicker or read-only Placeholder",TextColumn(dateTime),,,,,,,,,,4f53cda18c2baa0c0354bb5f9a3ecbe5ed12ab4d8e11ba873c2f11161202b945,[],"omit from UI unless server-side lifecycle requires it"
153,22,homepage-options,homepage_options,"App\Models\HomepageOption",updated_at,timestamp,"Updated At",0,0,0,0,0,0,3,"DateTimePicker or read-only Placeholder",TextColumn(dateTime),,,,,,,,,,4f53cda18c2baa0c0354bb5f9a3ecbe5ed12ab4d8e11ba873c2f11161202b945,[],"omit from UI unless server-side lifecycle requires it"
154,22,homepage-options,homepage_options,"App\Models\HomepageOption",page_title,text,"Мета заголовок",0,1,1,1,1,1,4,TextInput,TextColumn,,,,,,,,,,4f53cda18c2baa0c0354bb5f9a3ecbe5ed12ab4d8e11ba873c2f11161202b945,[],
1466,22,homepage-options,homepage_options,"App\Models\HomepageOption",meta_desc,text,"Мета описание",0,1,1,1,1,1,5,TextInput,TextColumn,,,,,,,,,,4f53cda18c2baa0c0354bb5f9a3ecbe5ed12ab4d8e11ba873c2f11161202b945,[],
1925,22,homepage-options,homepage_options,"App\Models\HomepageOption",seo,rich_text_box,Seo,0,0,1,1,1,1,6,"RichEditor with explicit HTML allowlist","TextColumn(html disabled by default)",,,,,,,,,,4f53cda18c2baa0c0354bb5f9a3ecbe5ed12ab4d8e11ba873c2f11161202b945,[],"trusted-content allowlist and XSS/CSP review"
1639,22,homepage-options,homepage_options,"App\Models\HomepageOption",all_sizes,text_area,"Все размеры",0,1,1,1,1,1,7,Textarea,TextColumn(wrap),,,,,,,,,,4f53cda18c2baa0c0354bb5f9a3ecbe5ed12ab4d8e11ba873c2f11161202b945,[],
1638,22,homepage-options,homepage_options,"App\Models\HomepageOption",all_styles,text_area,"Все стили",0,1,1,1,1,1,8,Textarea,TextColumn(wrap),,,,,,,,,,4f53cda18c2baa0c0354bb5f9a3ecbe5ed12ab4d8e11ba873c2f11161202b945,[],
201,22,homepage-options,homepage_options,"App\Models\HomepageOption",fb_share_link_main,text,"Facebook ссылка",0,0,1,1,1,1,9,TextInput,TextColumn,,,,,,,,,,4f53cda18c2baa0c0354bb5f9a3ecbe5ed12ab4d8e11ba873c2f11161202b945,[],
2256,22,homepage-options,homepage_options,"App\Models\HomepageOption",seo_city_title,text,"Seo Город Title",0,1,1,1,1,1,10,TextInput,TextColumn,,,,,,,,,,4f53cda18c2baa0c0354bb5f9a3ecbe5ed12ab4d8e11ba873c2f11161202b945,[],
2257,22,homepage-options,homepage_options,"App\Models\HomepageOption",seo_city_desc,text_area,"Seo Город Desc",0,1,1,1,1,1,11,Textarea,TextColumn(wrap),,,,,,,,,,4f53cda18c2baa0c0354bb5f9a3ecbe5ed12ab4d8e11ba873c2f11161202b945,[],
2258,22,homepage-options,homepage_options,"App\Models\HomepageOption",is_cities_on_page,checkbox,"Города на странице",0,1,1,1,1,1,12,"Toggle or Checkbox",IconColumn(boolean),,,,,,,,,,4f53cda18c2baa0c0354bb5f9a3ecbe5ed12ab4d8e11ba873c2f11161202b945,[],
204,23,homepage-topslides,homepage_topslides,"App\Models\HomepageTopslide",id,text,Id,1,0,0,0,0,0,1,TextInput,TextColumn,,,,,,,,,,4f53cda18c2baa0c0354bb5f9a3ecbe5ed12ab4d8e11ba873c2f11161202b945,[],"required; omit from UI unless server-side lifecycle requires it"
205,23,homepage-topslides,homepage_topslides,"App\Models\HomepageTopslide",text,text,Заголовок,0,1,1,1,1,1,2,TextInput,TextColumn,,,,,,,,,,4f53cda18c2baa0c0354bb5f9a3ecbe5ed12ab4d8e11ba873c2f11161202b945,[],
206,23,homepage-topslides,homepage_topslides,"App\Models\HomepageTopslide",link,text,Ссылка,0,1,1,1,1,1,3,TextInput,TextColumn,,,,,,,,,,4f53cda18c2baa0c0354bb5f9a3ecbe5ed12ab4d8e11ba873c2f11161202b945,[],
207,23,homepage-topslides,homepage_topslides,"App\Models\HomepageTopslide",created_at,timestamp,"Created At",0,0,1,1,0,1,4,"DateTimePicker or read-only Placeholder",TextColumn(dateTime),,,,,,,,,,4f53cda18c2baa0c0354bb5f9a3ecbe5ed12ab4d8e11ba873c2f11161202b945,[],
208,23,homepage-topslides,homepage_topslides,"App\Models\HomepageTopslide",updated_at,timestamp,"Updated At",0,0,0,0,0,0,5,"DateTimePicker or read-only Placeholder",TextColumn(dateTime),,,,,,,,,,4f53cda18c2baa0c0354bb5f9a3ecbe5ed12ab4d8e11ba873c2f11161202b945,[],"omit from UI unless server-side lifecycle requires it"
237,27,canvas,canvas,"App\Models\Canva",id,text,Id,1,0,0,0,0,0,1,TextInput,TextColumn,,,,,,,,,,4f53cda18c2baa0c0354bb5f9a3ecbe5ed12ab4d8e11ba873c2f11161202b945,[],"required; omit from UI unless server-side lifecycle requires it"
238,27,canvas,canvas,"App\Models\Canva",c_left_title,text,"Заголовок слева",0,0,1,1,1,1,2,TextInput,TextColumn,,,,,,,,,,8cd9711bbb7b756d1190a7639561a46ee615a6ec53f5e77bc051ebd9864481af,"{""display"":{""width"":""6""}}",
239,27,canvas,canvas,"App\Models\Canva",c_left_sub,text,"Подзаголовок слева",0,0,1,1,1,1,3,TextInput,TextColumn,,,,,,,,,,8cd9711bbb7b756d1190a7639561a46ee615a6ec53f5e77bc051ebd9864481af,"{""display"":{""width"":""6""}}",
240,27,canvas,canvas,"App\Models\Canva",c_right_title,text,"Заголовок справа",0,0,1,1,1,1,4,TextInput,TextColumn,,,,,,,,,,a5a3b4f1fa6a55fc8d2ede21d9603a9ff8476063cc9bb7a595afa845bcdba62c,"{""display"":{""width"":""3""}}",
241,27,canvas,canvas,"App\Models\Canva",c_right_1,text,"Что это",0,0,1,1,1,1,5,TextInput,TextColumn,,,,,,,,,,a5a3b4f1fa6a55fc8d2ede21d9603a9ff8476063cc9bb7a595afa845bcdba62c,"{""display"":{""width"":""3""}}",
242,27,canvas,canvas,"App\Models\Canva",c_right_2,text,Требования,0,0,1,1,1,1,6,TextInput,TextColumn,,,,,,,,,,a5a3b4f1fa6a55fc8d2ede21d9603a9ff8476063cc9bb7a595afa845bcdba62c,"{""display"":{""width"":""3""}}",
243,27,canvas,canvas,"App\Models\Canva",c_right_3,text,"Цены и размер",0,0,1,1,1,1,7,TextInput,TextColumn,,,,,,,,,,a5a3b4f1fa6a55fc8d2ede21d9603a9ff8476063cc9bb7a595afa845bcdba62c,"{""display"":{""width"":""3""}}",
244,27,canvas,canvas,"App\Models\Canva",c_right_4,text,"Наши работы",0,0,1,1,1,1,8,TextInput,TextColumn,,,,,,,,,,a5a3b4f1fa6a55fc8d2ede21d9603a9ff8476063cc9bb7a595afa845bcdba62c,"{""display"":{""width"":""3""}}",
245,27,canvas,canvas,"App\Models\Canva",c_right_5,text,"Сервис и к.",0,0,1,1,1,1,9,TextInput,TextColumn,,,,,,,,,,a5a3b4f1fa6a55fc8d2ede21d9603a9ff8476063cc9bb7a595afa845bcdba62c,"{""display"":{""width"":""3""}}",
246,27,canvas,canvas,"App\Models\Canva",c_right_6,text,"Дост. и время",0,0,1,1,1,1,10,TextInput,TextColumn,,,,,,,,,,a5a3b4f1fa6a55fc8d2ede21d9603a9ff8476063cc9bb7a595afa845bcdba62c,"{""display"":{""width"":""3""}}",
247,27,canvas,canvas,"App\Models\Canva",c_right_quest,text,Вопросы,0,0,1,1,1,1,11,TextInput,TextColumn,,,,,,,,,,4f53cda18c2baa0c0354bb5f9a3ecbe5ed12ab4d8e11ba873c2f11161202b945,[],
248,27,canvas,canvas,"App\Models\Canva",c_right_order,text,Заказать,0,0,1,1,1,1,12,TextInput,TextColumn,,,,,,,,,,4f53cda18c2baa0c0354bb5f9a3ecbe5ed12ab4d8e11ba873c2f11161202b945,[],
249,27,canvas,canvas,"App\Models\Canva",created_at,timestamp,"Created At",0,1,1,1,0,1,13,"DateTimePicker or read-only Placeholder",TextColumn(dateTime),,,,,,,,,,4f53cda18c2baa0c0354bb5f9a3ecbe5ed12ab4d8e11ba873c2f11161202b945,[],
250,27,canvas,canvas,"App\Models\Canva",updated_at,timestamp,"Updated At",0,0,0,0,0,0,14,"DateTimePicker or read-only Placeholder",TextColumn(dateTime),,,,,,,,,,4f53cda18c2baa0c0354bb5f9a3ecbe5ed12ab4d8e11ba873c2f11161202b945,[],"omit from UI unless server-side lifecycle requires it"
251,29,canvas-header,canvas_header,"App\Models\CanvasHeader",id,text,Id,1,0,0,0,0,0,1,TextInput,TextColumn,,,,,,,,,,4f53cda18c2baa0c0354bb5f9a3ecbe5ed12ab4d8e11ba873c2f11161202b945,[],"required; omit from UI unless server-side lifecycle requires it"
1825,29,canvas-header,canvas_header,"App\Models\CanvasHeader",name,text,Name,0,1,1,1,1,1,2,TextInput,TextColumn,,,,,,,,,,4f53cda18c2baa0c0354bb5f9a3ecbe5ed12ab4d8e11ba873c2f11161202b945,[],
276,29,canvas-header,canvas_header,"App\Models\CanvasHeader",meta_title,text,"Мета заголовок",0,1,1,1,1,1,3,TextInput,TextColumn,,,,,,,,required|max:255,,d3d0dd9f80d5db5d748826be9869821bf26b93dbd2615e8f782dd1bc0cd39276,"{""validation"":{""rule"":""required|max:255""}}",
1469,29,canvas-header,canvas_header,"App\Models\CanvasHeader",meta_desc,text,"Мета описание",0,1,1,1,1,1,4,TextInput,TextColumn,,,,,,,,max:255,,d6f93a8f833374b96cf5bf1e2d34aeaa6d6baab96b489b4b3b4714dd03ba73d9,"{""validation"":{""rule"":""max:255""}}",
1922,29,canvas-header,canvas_header,"App\Models\CanvasHeader",seo,rich_text_box,Seo,0,0,1,1,1,1,5,"RichEditor with explicit HTML allowlist","TextColumn(html disabled by default)",,,,,,,,,,4f53cda18c2baa0c0354bb5f9a3ecbe5ed12ab4d8e11ba873c2f11161202b945,[],"trusted-content allowlist and XSS/CSP review"
2259,29,canvas-header,canvas_header,"App\Models\CanvasHeader",seo_city_title,text,"Seo Город Title",0,1,1,1,1,1,6,TextInput,TextColumn,,,,,,,,,,4f53cda18c2baa0c0354bb5f9a3ecbe5ed12ab4d8e11ba873c2f11161202b945,[],
2260,29,canvas-header,canvas_header,"App\Models\CanvasHeader",seo_city_desc,text_area,"Seo Город Desc",0,1,1,1,1,1,7,Textarea,TextColumn(wrap),,,,,,,,,,4f53cda18c2baa0c0354bb5f9a3ecbe5ed12ab4d8e11ba873c2f11161202b945,[],
2261,29,canvas-header,canvas_header,"App\Models\CanvasHeader",is_cities_on_page,checkbox,"Города на странице",0,1,1,1,1,1,8,"Toggle or Checkbox",IconColumn(boolean),,,,,,,,,,4f53cda18c2baa0c0354bb5f9a3ecbe5ed12ab4d8e11ba873c2f11161202b945,[],
1675,29,canvas-header,canvas_header,"App\Models\CanvasHeader",ob_price1,number,"Обработка - цена-1",0,1,1,1,1,1,9,TextInput(numeric),TextColumn(numeric),,,,,,,,,,4f53cda18c2baa0c0354bb5f9a3ecbe5ed12ab4d8e11ba873c2f11161202b945,[],
1676,29,canvas-header,canvas_header,"App\Models\CanvasHeader",ob_price2,number,"Обработка - цена-2",0,1,1,1,1,1,10,TextInput(numeric),TextColumn(numeric),,,,,,,,,,4f53cda18c2baa0c0354bb5f9a3ecbe5ed12ab4d8e11ba873c2f11161202b945,[],
1677,29,canvas-header,canvas_header,"App\Models\CanvasHeader",ob_price3,number,"Обработка - цена-3",0,1,1,1,1,1,11,TextInput(numeric),TextColumn(numeric),,,,,,,,,,4f53cda18c2baa0c0354bb5f9a3ecbe5ed12ab4d8e11ba873c2f11161202b945,[],
252,29,canvas-header,canvas_header,"App\Models\CanvasHeader",c_left1,text,"КАНВА h2",0,0,1,1,1,1,12,TextInput,TextColumn,,,,,,,,,,4f53cda18c2baa0c0354bb5f9a3ecbe5ed12ab4d8e11ba873c2f11161202b945,[],
254,29,canvas-header,canvas_header,"App\Models\CanvasHeader",c_right_top,text,"КАНВАС h1",0,0,1,1,1,1,13,TextInput,TextColumn,,,,,,,,,,4f53cda18c2baa0c0354bb5f9a3ecbe5ed12ab4d8e11ba873c2f11161202b945,[],
253,29,canvas-header,canvas_header,"App\Models\CanvasHeader",c_left2,text,"СТИЛЬНЫЙ ЭЛЕМЕНТ ИНТЕРЕРА h4",0,0,1,1,1,1,14,TextInput,TextColumn,,,,,,,,,,4f53cda18c2baa0c0354bb5f9a3ecbe5ed12ab4d8e11ba873c2f11161202b945,[],
1180,29,canvas-header,canvas_header,"App\Models\CanvasHeader",sizes_30x40,text,Размеры-1,0,1,1,1,1,1,15,TextInput,TextColumn,,,,,,,,,,4f53cda18c2baa0c0354bb5f9a3ecbe5ed12ab4d8e11ba873c2f11161202b945,[],
1181,29,canvas-header,canvas_header,"App\Models\CanvasHeader",sizes_38x38,text,Размеры-2,0,0,1,1,1,1,16,TextInput,TextColumn,,,,,,,,,,4f53cda18c2baa0c0354bb5f9a3ecbe5ed12ab4d8e11ba873c2f11161202b945,[],
1182,29,canvas-header,canvas_header,"App\Models\CanvasHeader",sizes_40x30,text,Размеры-3,0,0,1,1,1,1,17,TextInput,TextColumn,,,,,,,,,,4f53cda18c2baa0c0354bb5f9a3ecbe5ed12ab4d8e11ba873c2f11161202b945,[],
2239,29,canvas-header,canvas_header,"App\Models\CanvasHeader",sizes_60x30,text,"Размеры-4 панорама",0,1,1,1,1,1,18,TextInput,TextColumn,,,,,,,,,,4f53cda18c2baa0c0354bb5f9a3ecbe5ed12ab4d8e11ba873c2f11161202b945,[],
1170,29,canvas-header,canvas_header,"App\Models\CanvasHeader",our_works,media_picker,"Наши работы",0,1,1,1,1,1,19,"Custom ExistingPathMediaPicker","Image/File summary column",,,,,,,,,,d561c9ac700d1123ed43e7cb87066971a55d25751d21ef83306e82f98aef6be5,"{""max"":100,""min"":0,""expanded"":true,""show_folders"":true,""show_toolbar"":true,""allow_upload"":true,""allow_move"":true,""allow_delete"":true,""allow_create_folder"":true,""allow_rename"":true,""allow_crop"":true,""allowed"":[""image/jpeg"",""image/png"",""image/bmp""],""hide_thumbnails"":false,""quality"":90}","preserve existing URLs and derivatives; validate real MIME/decode/size/path"
255,29,canvas-header,canvas_header,"App\Models\CanvasHeader",c_right1,text,"ЧТО ЭТО ТАКОЕ",0,0,1,1,1,1,20,TextInput,TextColumn,,,,,,,,,,4f53cda18c2baa0c0354bb5f9a3ecbe5ed12ab4d8e11ba873c2f11161202b945,[],
256,29,canvas-header,canvas_header,"App\Models\CanvasHeader",c_right2,text,ТРЕБОВАНИЯ,0,0,1,1,1,1,21,TextInput,TextColumn,,,,,,,,,,4f53cda18c2baa0c0354bb5f9a3ecbe5ed12ab4d8e11ba873c2f11161202b945,[],
257,29,canvas-header,canvas_header,"App\Models\CanvasHeader",c_right3,text,"ЦЕНЫ И РАЗМЕРЫ",0,0,1,1,1,1,22,TextInput,TextColumn,,,,,,,,,,4f53cda18c2baa0c0354bb5f9a3ecbe5ed12ab4d8e11ba873c2f11161202b945,[],
258,29,canvas-header,canvas_header,"App\Models\CanvasHeader",c_right4,text,"НАШИ РАБОТЫ",0,0,1,1,1,1,23,TextInput,TextColumn,,,,,,,,,,4f53cda18c2baa0c0354bb5f9a3ecbe5ed12ab4d8e11ba873c2f11161202b945,[],
259,29,canvas-header,canvas_header,"App\Models\CanvasHeader",c_right5,text,"СЕРВИС И КАЧЕСТВО",0,0,1,1,1,1,24,TextInput,TextColumn,,,,,,,,,,4f53cda18c2baa0c0354bb5f9a3ecbe5ed12ab4d8e11ba873c2f11161202b945,[],
260,29,canvas-header,canvas_header,"App\Models\CanvasHeader",c_right6,text,"ДОСТАВКА И ВРЕМЯ",0,0,1,1,1,1,25,TextInput,TextColumn,,,,,,,,,,4f53cda18c2baa0c0354bb5f9a3ecbe5ed12ab4d8e11ba873c2f11161202b945,[],
261,29,canvas-header,canvas_header,"App\Models\CanvasHeader",c_right1_quest_title,text,ВОПРОСЫ:,0,0,1,1,1,1,26,TextInput,TextColumn,,,,,,,,,,4f53cda18c2baa0c0354bb5f9a3ecbe5ed12ab4d8e11ba873c2f11161202b945,[],
262,29,canvas-header,canvas_header,"App\Models\CanvasHeader",c_right_order_title,text,ЗАКАЗАТЬ,0,0,1,1,1,1,27,TextInput,TextColumn,,,,,,,,,,4f53cda18c2baa0c0354bb5f9a3ecbe5ed12ab4d8e11ba873c2f11161202b945,[],
263,29,canvas-header,canvas_header,"App\Models\CanvasHeader",created_at,timestamp,"Created At",0,0,1,1,0,1,28,"DateTimePicker or read-only Placeholder",TextColumn(dateTime),,,,,,,,,,4f53cda18c2baa0c0354bb5f9a3ecbe5ed12ab4d8e11ba873c2f11161202b945,[],
264,29,canvas-header,canvas_header,"App\Models\CanvasHeader",updated_at,timestamp,"Updated At",0,0,0,0,0,0,29,"DateTimePicker or read-only Placeholder",TextColumn(dateTime),,,,,,,,,,4f53cda18c2baa0c0354bb5f9a3ecbe5ed12ab4d8e11ba873c2f11161202b945,[],"omit from UI unless server-side lifecycle requires it"
430,29,canvas-header,canvas_header,"App\Models\CanvasHeader",calc_sub_title,text,"Подзаголовок калькулятора",0,0,1,1,1,1,30,TextInput,TextColumn,,,,,,,,,,4f53cda18c2baa0c0354bb5f9a3ecbe5ed12ab4d8e11ba873c2f11161202b945,[],
443,29,canvas-header,canvas_header,"App\Models\CanvasHeader",calc_tab_1_main_title,text,"Выберите продукт",0,0,1,1,1,1,31,TextInput,TextColumn,,,,,,,,,,4f53cda18c2baa0c0354bb5f9a3ecbe5ed12ab4d8e11ba873c2f11161202b945,[],
444,29,canvas-header,canvas_header,"App\Models\CanvasHeader",calc_tab_2_main_title,text,"В интерьере",0,0,1,1,1,1,32,TextInput,TextColumn,,,,,,,,,,4f53cda18c2baa0c0354bb5f9a3ecbe5ed12ab4d8e11ba873c2f11161202b945,[],
431,29,canvas-header,canvas_header,"App\Models\CanvasHeader",c_tab1_title,text,"Выберите продукт",0,0,1,1,1,1,33,TextInput,TextColumn,,,,,,,,,,4f53cda18c2baa0c0354bb5f9a3ecbe5ed12ab4d8e11ba873c2f11161202b945,[],
432,29,canvas-header,canvas_header,"App\Models\CanvasHeader",c_tab2_title,text,"Выберите форму",0,0,1,1,1,1,34,TextInput,TextColumn,,,,,,,,,,4f53cda18c2baa0c0354bb5f9a3ecbe5ed12ab4d8e11ba873c2f11161202b945,[],
433,29,canvas-header,canvas_header,"App\Models\CanvasHeader",c_tab3_title,text,"Выберите размер",0,0,1,1,1,1,35,TextInput,TextColumn,,,,,,,,,,4f53cda18c2baa0c0354bb5f9a3ecbe5ed12ab4d8e11ba873c2f11161202b945,[],
434,29,canvas-header,canvas_header,"App\Models\CanvasHeader",c_tab4_title,text,"Выберите эффекты",0,0,1,1,1,1,36,TextInput,TextColumn,,,,,,,,,,4f53cda18c2baa0c0354bb5f9a3ecbe5ed12ab4d8e11ba873c2f11161202b945,[],
1064,29,canvas-header,canvas_header,"App\Models\CanvasHeader",choose_pack,text,"Выберите упаковку",0,0,1,1,1,1,37,TextInput,TextColumn,,,,,,,,,,4f53cda18c2baa0c0354bb5f9a3ecbe5ed12ab4d8e11ba873c2f11161202b945,[],
435,29,canvas-header,canvas_header,"App\Models\CanvasHeader",c_tab5_title,text,"Тип исполнения",0,0,1,1,1,1,38,TextInput,TextColumn,,,,,,,,,,4f53cda18c2baa0c0354bb5f9a3ecbe5ed12ab4d8e11ba873c2f11161202b945,[],
436,29,canvas-header,canvas_header,"App\Models\CanvasHeader",c_tab6_title,text,"Вид холста",0,0,1,1,1,1,39,TextInput,TextColumn,,,,,,,,,,4f53cda18c2baa0c0354bb5f9a3ecbe5ed12ab4d8e11ba873c2f11161202b945,[],
437,29,canvas-header,canvas_header,"App\Models\CanvasHeader",c_tab7_title,text,"Худ. оформление",0,0,1,1,1,1,40,TextInput,TextColumn,,,,,,,,,,4f53cda18c2baa0c0354bb5f9a3ecbe5ed12ab4d8e11ba873c2f11161202b945,[],
438,29,canvas-header,canvas_header,"App\Models\CanvasHeader",c_tab8_title,text,Комментарии,0,0,1,1,1,1,41,TextInput,TextColumn,,,,,,,,,,4f53cda18c2baa0c0354bb5f9a3ecbe5ed12ab4d8e11ba873c2f11161202b945,[],
439,29,canvas-header,canvas_header,"App\Models\CanvasHeader",c_eff_origin,text,"Эф. оригинал",0,0,1,1,1,1,42,TextInput,TextColumn,,,,,,,,,,4f53cda18c2baa0c0354bb5f9a3ecbe5ed12ab4d8e11ba873c2f11161202b945,[],
440,29,canvas-header,canvas_header,"App\Models\CanvasHeader",c_eff_cb,text,"Эф. чб.",0,0,1,1,1,1,43,TextInput,TextColumn,,,,,,,,,,4f53cda18c2baa0c0354bb5f9a3ecbe5ed12ab4d8e11ba873c2f11161202b945,[],
441,29,canvas-header,canvas_header,"App\Models\CanvasHeader",c_eff_sepia,text,"Эф. сепиа",0,0,1,1,1,1,44,TextInput,TextColumn,,,,,,,,,,4f53cda18c2baa0c0354bb5f9a3ecbe5ed12ab4d8e11ba873c2f11161202b945,[],
445,29,canvas-header,canvas_header,"App\Models\CanvasHeader",tear_away_text,text,"текст отложить",0,0,1,1,1,1,45,TextInput,TextColumn,,,,,,,,,,4f53cda18c2baa0c0354bb5f9a3ecbe5ed12ab4d8e11ba873c2f11161202b945,[],
446,29,canvas-header,canvas_header,"App\Models\CanvasHeader",share_text,text,"текст поделиться",0,0,1,1,1,1,46,TextInput,TextColumn,,,,,,,,,,4f53cda18c2baa0c0354bb5f9a3ecbe5ed12ab4d8e11ba873c2f11161202b945,[],
677,29,canvas-header,canvas_header,"App\Models\CanvasHeader",load_btn_text,text,"Текст кн. загрузить",0,0,1,1,1,1,47,TextInput,TextColumn,,,,,,,,,,4f53cda18c2baa0c0354bb5f9a3ecbe5ed12ab4d8e11ba873c2f11161202b945,[],
1063,29,canvas-header,canvas_header,"App\Models\CanvasHeader",person_count,text,"Person Count",0,0,1,1,1,1,48,TextInput,TextColumn,,,,,,,,,,4f53cda18c2baa0c0354bb5f9a3ecbe5ed12ab4d8e11ba873c2f11161202b945,[],
265,33,canvas-what,canvas_what,"App\Models\CanvasWhat",id,text,Id,1,0,0,0,0,0,1,TextInput,TextColumn,,,,,,,,,,4f53cda18c2baa0c0354bb5f9a3ecbe5ed12ab4d8e11ba873c2f11161202b945,[],"required; omit from UI unless server-side lifecycle requires it"
266,33,canvas-what,canvas_what,"App\Models\CanvasWhat",title,text,"ЧТО ТАКОЕ КАНВАС?",0,1,1,1,1,1,2,TextInput,TextColumn,,,,,,,,,,4f53cda18c2baa0c0354bb5f9a3ecbe5ed12ab4d8e11ba873c2f11161202b945,[],
267,33,canvas-what,canvas_what,"App\Models\CanvasWhat",top_text,rich_text_box,"Текст сверху",0,1,1,1,1,1,3,"RichEditor with explicit HTML allowlist","TextColumn(html disabled by default)",,,,,,,,,,a84c09dd1c0da821b7b07a0d2565a9a4e657bf11face9618c8b4503e9348f02d,"{""display"":{""width"":""4""}}","trusted-content allowlist and XSS/CSP review"
268,33,canvas-what,canvas_what,"App\Models\CanvasWhat",left_text,rich_text_box,"Фотография на холсте",0,1,1,1,1,1,4,"RichEditor with explicit HTML allowlist","TextColumn(html disabled by default)",,,,,,,,,,a84c09dd1c0da821b7b07a0d2565a9a4e657bf11face9618c8b4503e9348f02d,"{""display"":{""width"":""4""}}","trusted-content allowlist and XSS/CSP review"
269,33,canvas-what,canvas_what,"App\Models\CanvasWhat",right_text,rich_text_box,"Художественные холсты",0,0,1,1,1,1,5,"RichEditor with explicit HTML allowlist","TextColumn(html disabled by default)",,,,,,,,,,a84c09dd1c0da821b7b07a0d2565a9a4e657bf11face9618c8b4503e9348f02d,"{""display"":{""width"":""4""}}","trusted-content allowlist and XSS/CSP review"
270,33,canvas-what,canvas_what,"App\Models\CanvasWhat",bot_left_text,rich_text_box,"Полотно, которое натянуто на подрамник.",0,0,1,1,1,1,6,"RichEditor with explicit HTML allowlist","TextColumn(html disabled by default)",,,,,,,,,,a84c09dd1c0da821b7b07a0d2565a9a4e657bf11face9618c8b4503e9348f02d,"{""display"":{""width"":""4""}}","trusted-content allowlist and XSS/CSP review"
271,33,canvas-what,canvas_what,"App\Models\CanvasWhat",bot_right_text,rich_text_box,"Красота и удобство",0,0,1,1,1,1,7,"RichEditor with explicit HTML allowlist","TextColumn(html disabled by default)",,,,,,,,,,a84c09dd1c0da821b7b07a0d2565a9a4e657bf11face9618c8b4503e9348f02d,"{""display"":{""width"":""4""}}","trusted-content allowlist and XSS/CSP review"
272,33,canvas-what,canvas_what,"App\Models\CanvasWhat",bot_bot_text,rich_text_box,"Как настоящее искусство",0,0,1,1,1,1,8,"RichEditor with explicit HTML allowlist","TextColumn(html disabled by default)",,,,,,,,,,a84c09dd1c0da821b7b07a0d2565a9a4e657bf11face9618c8b4503e9348f02d,"{""display"":{""width"":""4""}}","trusted-content allowlist and XSS/CSP review"
273,33,canvas-what,canvas_what,"App\Models\CanvasWhat",created_at,timestamp,"Created At",0,0,1,1,0,1,9,"DateTimePicker or read-only Placeholder",TextColumn(dateTime),,,,,,,,,,4f53cda18c2baa0c0354bb5f9a3ecbe5ed12ab4d8e11ba873c2f11161202b945,[],
274,33,canvas-what,canvas_what,"App\Models\CanvasWhat",updated_at,timestamp,"Updated At",0,0,0,0,0,0,12,"DateTimePicker or read-only Placeholder",TextColumn(dateTime),,,,,,,,,,4f53cda18c2baa0c0354bb5f9a3ecbe5ed12ab4d8e11ba873c2f11161202b945,[],"omit from UI unless server-side lifecycle requires it"
278,34,canvas-req,canvas_req,"App\Models\CanvasReq",id,text,Id,1,0,0,0,0,0,1,TextInput,TextColumn,,,,,,,,,,4f53cda18c2baa0c0354bb5f9a3ecbe5ed12ab4d8e11ba873c2f11161202b945,[],"required; omit from UI unless server-side lifecycle requires it"
279,34,canvas-req,canvas_req,"App\Models\CanvasReq",req_title,text,Заголовок,0,1,1,1,1,1,2,TextInput,TextColumn,,,,,,,,,,4f53cda18c2baa0c0354bb5f9a3ecbe5ed12ab4d8e11ba873c2f11161202b945,[],
280,34,canvas-req,canvas_req,"App\Models\CanvasReq",req_item1,rich_text_box,Требование-1,0,0,1,1,1,1,3,"RichEditor with explicit HTML allowlist","TextColumn(html disabled by default)",,,,,,,,,,a84c09dd1c0da821b7b07a0d2565a9a4e657bf11face9618c8b4503e9348f02d,"{""display"":{""width"":""4""}}","trusted-content allowlist and XSS/CSP review"
281,34,canvas-req,canvas_req,"App\Models\CanvasReq",req_item2,rich_text_box,Требование-2,0,0,1,1,1,1,4,"RichEditor with explicit HTML allowlist","TextColumn(html disabled by default)",,,,,,,,,,a84c09dd1c0da821b7b07a0d2565a9a4e657bf11face9618c8b4503e9348f02d,"{""display"":{""width"":""4""}}","trusted-content allowlist and XSS/CSP review"
282,34,canvas-req,canvas_req,"App\Models\CanvasReq",req_item3,rich_text_box,Требование-3,0,0,1,1,1,1,5,"RichEditor with explicit HTML allowlist","TextColumn(html disabled by default)",,,,,,,,,,a84c09dd1c0da821b7b07a0d2565a9a4e657bf11face9618c8b4503e9348f02d,"{""display"":{""width"":""4""}}","trusted-content allowlist and XSS/CSP review"
283,34,canvas-req,canvas_req,"App\Models\CanvasReq",req_photo_title,text,"ЧТО ДЕЛАТЬ, ЕСЛИ ФОТО ИЗ СОЦСЕТИ?",0,0,1,1,1,1,6,TextInput,TextColumn,,,,,,,,,,4f53cda18c2baa0c0354bb5f9a3ecbe5ed12ab4d8e11ba873c2f11161202b945,[],
284,34,canvas-req,canvas_req,"App\Models\CanvasReq",req_photo_1,rich_text_box,"Фото-блок-1 текст",0,0,1,1,1,1,7,"RichEditor with explicit HTML allowlist","TextColumn(html disabled by default)",,,,,,,,,,a5a3b4f1fa6a55fc8d2ede21d9603a9ff8476063cc9bb7a595afa845bcdba62c,"{""display"":{""width"":""3""}}","trusted-content allowlist and XSS/CSP review"
285,34,canvas-req,canvas_req,"App\Models\CanvasReq",req_photo_2,rich_text_box,"Фото-блок-2 текст",0,0,1,1,1,1,8,"RichEditor with explicit HTML allowlist","TextColumn(html disabled by default)",,,,,,,,,,a5a3b4f1fa6a55fc8d2ede21d9603a9ff8476063cc9bb7a595afa845bcdba62c,"{""display"":{""width"":""3""}}","trusted-content allowlist and XSS/CSP review"
286,34,canvas-req,canvas_req,"App\Models\CanvasReq",req_photo_3,rich_text_box,"Фото-блок-3 текст",0,0,1,1,1,1,9,"RichEditor with explicit HTML allowlist","TextColumn(html disabled by default)",,,,,,,,,,a5a3b4f1fa6a55fc8d2ede21d9603a9ff8476063cc9bb7a595afa845bcdba62c,"{""display"":{""width"":""3""}}","trusted-content allowlist and XSS/CSP review"
287,34,canvas-req,canvas_req,"App\Models\CanvasReq",req_photo_4,rich_text_box,"Фото-блок-4 текст",0,0,1,1,1,1,10,"RichEditor with explicit HTML allowlist","TextColumn(html disabled by default)",,,,,,,,,,a5a3b4f1fa6a55fc8d2ede21d9603a9ff8476063cc9bb7a595afa845bcdba62c,"{""display"":{""width"":""3""}}","trusted-content allowlist and XSS/CSP review"
288,34,canvas-req,canvas_req,"App\Models\CanvasReq",req_img_title,text,"ГДЕ ВЗЯТЬ ИЗОБРАЖЕНИЯ?",0,0,1,1,1,1,11,TextInput,TextColumn,,,,,,,,,,4f53cda18c2baa0c0354bb5f9a3ecbe5ed12ab4d8e11ba873c2f11161202b945,[],
289,34,canvas-req,canvas_req,"App\Models\CanvasReq",req_img_text,rich_text_box,"ГДЕ ВЗЯТЬ ИЗОБРАЖЕНИЯ? - текст",0,0,1,1,1,1,12,"RichEditor with explicit HTML allowlist","TextColumn(html disabled by default)",,,,,,,,,,4f53cda18c2baa0c0354bb5f9a3ecbe5ed12ab4d8e11ba873c2f11161202b945,[],"trusted-content allowlist and XSS/CSP review"
290,34,canvas-req,canvas_req,"App\Models\CanvasReq",req_img_sub_title,text,"ПОИСК ИЗОБРАЖЕНИЯ В ИНТЕРНЕТЕ",0,0,1,1,1,1,13,TextInput,TextColumn,,,,,,,,,,4f53cda18c2baa0c0354bb5f9a3ecbe5ed12ab4d8e11ba873c2f11161202b945,[],
291,34,canvas-req,canvas_req,"App\Models\CanvasReq",req_img_left_text,rich_text_box,"ПОИСК ИЗОБРАЖЕНИЯ В ИНТЕРНЕТЕ - текст",0,0,1,1,1,1,14,"RichEditor with explicit HTML allowlist","TextColumn(html disabled by default)",,,,,,,,,,4f53cda18c2baa0c0354bb5f9a3ecbe5ed12ab4d8e11ba873c2f11161202b945,[],"trusted-content allowlist and XSS/CSP review"
292,34,canvas-req,canvas_req,"App\Models\CanvasReq",req_img_right_title,text,"ПЛАТНЫЕ ФОТОБАНКИ",0,0,1,1,1,1,15,TextInput,TextColumn,,,,,,,,,,4f53cda18c2baa0c0354bb5f9a3ecbe5ed12ab4d8e11ba873c2f11161202b945,[],
293,34,canvas-req,canvas_req,"App\Models\CanvasReq",req_img_right_text,rich_text_box,"ПЛАТНЫЕ ФОТОБАНКИ - текст",0,0,1,1,1,1,16,"RichEditor with explicit HTML allowlist","TextColumn(html disabled by default)",,,,,,,,,,4f53cda18c2baa0c0354bb5f9a3ecbe5ed12ab4d8e11ba873c2f11161202b945,[],"trusted-content allowlist and XSS/CSP review"
314,34,canvas-req,canvas_req,"App\Models\CanvasReq",req_blank_pay,text,"ФОТОБАНКИ (платно)",0,0,1,1,1,1,17,TextInput,TextColumn,,,,,,,,,,4f53cda18c2baa0c0354bb5f9a3ecbe5ed12ab4d8e11ba873c2f11161202b945,[],
315,34,canvas-req,canvas_req,"App\Models\CanvasReq",req_int_free,text,"ИНТЕРНЕТ (бесплатно)",0,0,1,1,1,1,18,TextInput,TextColumn,,,,,,,,,,4f53cda18c2baa0c0354bb5f9a3ecbe5ed12ab4d8e11ba873c2f11161202b945,[],
294,34,canvas-req,canvas_req,"App\Models\CanvasReq",req_search_right_title,text,"Искать - заголовок слева",0,0,1,1,1,1,19,TextInput,TextColumn,,,,,,,,,,4f53cda18c2baa0c0354bb5f9a3ecbe5ed12ab4d8e11ba873c2f11161202b945,[],
318,34,canvas-req,canvas_req,"App\Models\CanvasReq",req_ins_filter,text,">Перейдите в настройки поиска «Инструменты»...",0,0,1,1,1,1,19,TextInput,TextColumn,,,,,,,,,,4f53cda18c2baa0c0354bb5f9a3ecbe5ed12ab4d8e11ba873c2f11161202b945,[],
295,34,canvas-req,canvas_req,"App\Models\CanvasReq",req_search_left_text,hidden,"Искать - текстслева",0,0,1,1,1,1,20,"Hidden only when server-owned; otherwise omit","Hidden by default",,,,,,,,,,4f53cda18c2baa0c0354bb5f9a3ecbe5ed12ab4d8e11ba873c2f11161202b945,[],
316,34,canvas-req,canvas_req,"App\Models\CanvasReq",req_zap__right_title,text,"Введите запрос в поисковую систему, затем выберите раздел «Картинки»",0,0,1,1,1,1,22,TextInput,TextColumn,,,,,,,,,,4f53cda18c2baa0c0354bb5f9a3ecbe5ed12ab4d8e11ba873c2f11161202b945,[],
317,34,canvas-req,canvas_req,"App\Models\CanvasReq",req_zap_right_text,rich_text_box,"Выставите значение «Больше чем 4Мп (2272х1704)» ...",0,0,1,1,1,1,23,"RichEditor with explicit HTML allowlist","TextColumn(html disabled by default)",,,,,,,,,,4f53cda18c2baa0c0354bb5f9a3ecbe5ed12ab4d8e11ba873c2f11161202b945,[],"trusted-content allowlist and XSS/CSP review"
297,34,canvas-req,canvas_req,"App\Models\CanvasReq",req_ready_links_title,text,"А ТАКЖЕ МОЖНО ПЕРЕЙТИ ПО ГОТОВЫМ ССЫЛКАМ",0,0,1,1,1,1,24,TextInput,TextColumn,,,,,,,,,,4f53cda18c2baa0c0354bb5f9a3ecbe5ed12ab4d8e11ba873c2f11161202b945,[],
298,34,canvas-req,canvas_req,"App\Models\CanvasReq",req_link1_img,image,Картинка-1,0,0,1,1,1,1,25,"FileUpload(image) with legacy-path adapter",ImageColumn,,,,,,,,,,4f53cda18c2baa0c0354bb5f9a3ecbe5ed12ab4d8e11ba873c2f11161202b945,[],"preserve existing URLs and derivatives; validate real MIME/decode/size/path"
299,34,canvas-req,canvas_req,"App\Models\CanvasReq",req_link1_title,text,Заголовок-1,0,0,1,1,1,1,26,TextInput,TextColumn,,,,,,,,,,4f53cda18c2baa0c0354bb5f9a3ecbe5ed12ab4d8e11ba873c2f11161202b945,[],
300,34,canvas-req,canvas_req,"App\Models\CanvasReq",req_link1_lnk,text,Ссылка-1,0,0,1,1,1,1,27,TextInput,TextColumn,,,,,,,,,,4f53cda18c2baa0c0354bb5f9a3ecbe5ed12ab4d8e11ba873c2f11161202b945,[],
301,34,canvas-req,canvas_req,"App\Models\CanvasReq",req_link2_img,image,Картинка-2,0,0,1,1,1,1,28,"FileUpload(image) with legacy-path adapter",ImageColumn,,,,,,,,,,4f53cda18c2baa0c0354bb5f9a3ecbe5ed12ab4d8e11ba873c2f11161202b945,[],"preserve existing URLs and derivatives; validate real MIME/decode/size/path"
302,34,canvas-req,canvas_req,"App\Models\CanvasReq",req_link2_title,text,Заголовок-2,0,0,1,1,1,1,29,TextInput,TextColumn,,,,,,,,,,4f53cda18c2baa0c0354bb5f9a3ecbe5ed12ab4d8e11ba873c2f11161202b945,[],
303,34,canvas-req,canvas_req,"App\Models\CanvasReq",req_link2_link,text,Ссылка-2,0,0,1,1,1,1,30,TextInput,TextColumn,,,,,,,,,,4f53cda18c2baa0c0354bb5f9a3ecbe5ed12ab4d8e11ba873c2f11161202b945,[],
304,34,canvas-req,canvas_req,"App\Models\CanvasReq",req_link3_img,image,Картинка-3,0,0,1,1,1,1,31,"FileUpload(image) with legacy-path adapter",ImageColumn,,,,,,,,,,4f53cda18c2baa0c0354bb5f9a3ecbe5ed12ab4d8e11ba873c2f11161202b945,[],"preserve existing URLs and derivatives; validate real MIME/decode/size/path"
305,34,canvas-req,canvas_req,"App\Models\CanvasReq",req_link3_title,text,Заголовок-3,0,0,1,1,1,1,32,TextInput,TextColumn,,,,,,,,,,4f53cda18c2baa0c0354bb5f9a3ecbe5ed12ab4d8e11ba873c2f11161202b945,[],
306,34,canvas-req,canvas_req,"App\Models\CanvasReq",req_link3_link,text,Ссылка-3,0,0,1,1,1,1,33,TextInput,TextColumn,,,,,,,,,,4f53cda18c2baa0c0354bb5f9a3ecbe5ed12ab4d8e11ba873c2f11161202b945,[],
308,34,canvas-req,canvas_req,"App\Models\CanvasReq",req_link4_img,image,Картинка-4,0,0,1,1,1,1,34,"FileUpload(image) with legacy-path adapter",ImageColumn,,,,,,,,,,4f53cda18c2baa0c0354bb5f9a3ecbe5ed12ab4d8e11ba873c2f11161202b945,[],"preserve existing URLs and derivatives; validate real MIME/decode/size/path"
307,34,canvas-req,canvas_req,"App\Models\CanvasReq",req_link4_title,text,Заголовок-4,0,0,1,1,1,1,35,TextInput,TextColumn,,,,,,,,,,4f53cda18c2baa0c0354bb5f9a3ecbe5ed12ab4d8e11ba873c2f11161202b945,[],
309,34,canvas-req,canvas_req,"App\Models\CanvasReq",req_link4_link,text,Ссылка-4,0,0,1,1,1,1,36,TextInput,TextColumn,,,,,,,,,,4f53cda18c2baa0c0354bb5f9a3ecbe5ed12ab4d8e11ba873c2f11161202b945,[],
310,34,canvas-req,canvas_req,"App\Models\CanvasReq",created_at,timestamp,"Created At",0,0,1,1,0,1,37,"DateTimePicker or read-only Placeholder",TextColumn(dateTime),,,,,,,,,,4f53cda18c2baa0c0354bb5f9a3ecbe5ed12ab4d8e11ba873c2f11161202b945,[],
311,34,canvas-req,canvas_req,"App\Models\CanvasReq",updated_at,timestamp,"Updated At",0,0,0,0,0,0,38,"DateTimePicker or read-only Placeholder",TextColumn(dateTime),,,,,,,,,,4f53cda18c2baa0c0354bb5f9a3ecbe5ed12ab4d8e11ba873c2f11161202b945,[],"omit from UI unless server-side lifecycle requires it"
319,36,canvas-prices,canvas_prices,"App\Models\CanvasPrice",id,text,Id,1,0,0,0,0,0,1,TextInput,TextColumn,,,,,,,,,,4f53cda18c2baa0c0354bb5f9a3ecbe5ed12ab4d8e11ba873c2f11161202b945,[],"required; omit from UI unless server-side lifecycle requires it"
320,36,canvas-prices,canvas_prices,"App\Models\CanvasPrice",title,text,Заголовок,0,1,1,1,1,1,2,TextInput,TextColumn,,,,,,,,,,4f53cda18c2baa0c0354bb5f9a3ecbe5ed12ab4d8e11ba873c2f11161202b945,[],
321,36,canvas-prices,canvas_prices,"App\Models\CanvasPrice",sub_title,text,Подзаголовок,0,1,1,1,1,1,3,TextInput,TextColumn,,,,,,,,,,4f53cda18c2baa0c0354bb5f9a3ecbe5ed12ab4d8e11ba873c2f11161202b945,[],
322,36,canvas-prices,canvas_prices,"App\Models\CanvasPrice",top_text,rich_text_box,"В разделе “Цены и размеры”...",0,0,1,1,1,1,4,"RichEditor with explicit HTML allowlist","TextColumn(html disabled by default)",,,,,,,,,,4f53cda18c2baa0c0354bb5f9a3ecbe5ed12ab4d8e11ba873c2f11161202b945,[],"trusted-content allowlist and XSS/CSP review"
324,36,canvas-prices,canvas_prices,"App\Models\CanvasPrice",sub_title3,text,"Максимальные размеры картины",0,0,1,1,1,1,6,TextInput,TextColumn,,,,,,,,,,4f53cda18c2baa0c0354bb5f9a3ecbe5ed12ab4d8e11ba873c2f11161202b945,[],
325,36,canvas-prices,canvas_prices,"App\Models\CanvasPrice",sub_title3_desc,rich_text_box,"*Для эого размера вы можете выбрать:",0,0,1,1,1,1,7,"RichEditor with explicit HTML allowlist","TextColumn(html disabled by default)",,,,,,,,,,4f53cda18c2baa0c0354bb5f9a3ecbe5ed12ab4d8e11ba873c2f11161202b945,[],"trusted-content allowlist and XSS/CSP review"
326,36,canvas-prices,canvas_prices,"App\Models\CanvasPrice",bot_text,rich_text_box,"горизонтальное или вертикальное расположение снимка",0,0,1,1,1,1,8,"RichEditor with explicit HTML allowlist","TextColumn(html disabled by default)",,,,,,,,,,4f53cda18c2baa0c0354bb5f9a3ecbe5ed12ab4d8e11ba873c2f11161202b945,[],"trusted-content allowlist and XSS/CSP review"
327,36,canvas-prices,canvas_prices,"App\Models\CanvasPrice",goto_gall,text,"перейти в галерею",0,0,1,1,1,1,9,TextInput,TextColumn,,,,,,,,,,4f53cda18c2baa0c0354bb5f9a3ecbe5ed12ab4d8e11ba873c2f11161202b945,[],
328,36,canvas-prices,canvas_prices,"App\Models\CanvasPrice",goto_gall_link,text,"ссылка на галерею",0,0,1,1,1,1,10,TextInput,TextColumn,,,,,,,,,,4f53cda18c2baa0c0354bb5f9a3ecbe5ed12ab4d8e11ba873c2f11161202b945,[],
329,36,canvas-prices,canvas_prices,"App\Models\CanvasPrice",price_title,text,"Цена указана за полностью готовую работу, это:",0,0,1,1,1,1,11,TextInput,TextColumn,,,,,,,,,,4f53cda18c2baa0c0354bb5f9a3ecbe5ed12ab4d8e11ba873c2f11161202b945,[],
330,36,canvas-prices,canvas_prices,"App\Models\CanvasPrice",price_list,rich_text_box,"Цена - текст",0,0,1,1,1,1,12,"RichEditor with explicit HTML allowlist","TextColumn(html disabled by default)",,,,,,,,,,4f53cda18c2baa0c0354bb5f9a3ecbe5ed12ab4d8e11ba873c2f11161202b945,[],"trusted-content allowlist and XSS/CSP review"
331,36,canvas-prices,canvas_prices,"App\Models\CanvasPrice",created_at,timestamp,"Created At",0,0,1,1,0,1,13,"DateTimePicker or read-only Placeholder",TextColumn(dateTime),,,,,,,,,,4f53cda18c2baa0c0354bb5f9a3ecbe5ed12ab4d8e11ba873c2f11161202b945,[],
332,36,canvas-prices,canvas_prices,"App\Models\CanvasPrice",updated_at,timestamp,"Updated At",0,0,0,0,0,0,14,"DateTimePicker or read-only Placeholder",TextColumn(dateTime),,,,,,,,,,4f53cda18c2baa0c0354bb5f9a3ecbe5ed12ab4d8e11ba873c2f11161202b945,[],"omit from UI unless server-side lifecycle requires it"
333,37,gallery-page,gallery_page,"App\Models\GalleryPage",id,text,Id,1,0,0,0,0,0,1,TextInput,TextColumn,,,,,,,,,,4f53cda18c2baa0c0354bb5f9a3ecbe5ed12ab4d8e11ba873c2f11161202b945,[],"required; omit from UI unless server-side lifecycle requires it"
334,37,gallery-page,gallery_page,"App\Models\GalleryPage",meta_title,text,"Мета заголовок",0,1,1,1,1,1,2,TextInput,TextColumn,,,,,,,,,,4f53cda18c2baa0c0354bb5f9a3ecbe5ed12ab4d8e11ba873c2f11161202b945,[],
1490,37,gallery-page,gallery_page,"App\Models\GalleryPage",meta_description,text,"Мета описание",0,1,1,1,1,1,3,TextInput,TextColumn,,,,,,,,,,4f53cda18c2baa0c0354bb5f9a3ecbe5ed12ab4d8e11ba873c2f11161202b945,[],
335,37,gallery-page,gallery_page,"App\Models\GalleryPage",left_title,text,"Заголовок слева",0,0,1,1,1,1,4,TextInput,TextColumn,,,,,,,,,,4f53cda18c2baa0c0354bb5f9a3ecbe5ed12ab4d8e11ba873c2f11161202b945,[],
336,37,gallery-page,gallery_page,"App\Models\GalleryPage",left_sub_title,text,"Подзаголовок слева",0,0,1,1,1,1,5,TextInput,TextColumn,,,,,,,,,,4f53cda18c2baa0c0354bb5f9a3ecbe5ed12ab4d8e11ba873c2f11161202b945,[],
337,37,gallery-page,gallery_page,"App\Models\GalleryPage",right_title,text,"Заголовок справа",0,0,1,1,1,1,6,TextInput,TextColumn,,,,,,,,,,4f53cda18c2baa0c0354bb5f9a3ecbe5ed12ab4d8e11ba873c2f11161202b945,[],
338,37,gallery-page,gallery_page,"App\Models\GalleryPage",right_t1,text,Модульные,0,0,1,1,1,1,7,TextInput,TextColumn,,,,,,,,,,4f53cda18c2baa0c0354bb5f9a3ecbe5ed12ab4d8e11ba873c2f11161202b945,[],
339,37,gallery-page,gallery_page,"App\Models\GalleryPage",right_t2,text,Фото,0,0,1,1,1,1,8,TextInput,TextColumn,,,,,,,,,,4f53cda18c2baa0c0354bb5f9a3ecbe5ed12ab4d8e11ba873c2f11161202b945,[],
340,37,gallery-page,gallery_page,"App\Models\GalleryPage",right_t3,text,Пепродукция,0,0,1,1,1,1,9,TextInput,TextColumn,,,,,,,,,,4f53cda18c2baa0c0354bb5f9a3ecbe5ed12ab4d8e11ba873c2f11161202b945,[],
341,37,gallery-page,gallery_page,"App\Models\GalleryPage",modc_title,text,"Мод. заголовок",0,0,1,1,1,1,10,TextInput,TextColumn,,,,,,,,,,4f53cda18c2baa0c0354bb5f9a3ecbe5ed12ab4d8e11ba873c2f11161202b945,[],
1493,37,gallery-page,gallery_page,"App\Models\GalleryPage",gal__desc,rich_text_box,"Описание галереи",0,1,1,1,1,1,11,"RichEditor with explicit HTML allowlist","TextColumn(html disabled by default)",,,,,,,,,,4f53cda18c2baa0c0354bb5f9a3ecbe5ed12ab4d8e11ba873c2f11161202b945,[],"trusted-content allowlist and XSS/CSP review"
342,37,gallery-page,gallery_page,"App\Models\GalleryPage",modc_sub,text,"Мод. подзаголовок",0,0,1,1,1,1,12,TextInput,TextColumn,,,,,,,,,,4f53cda18c2baa0c0354bb5f9a3ecbe5ed12ab4d8e11ba873c2f11161202b945,[],
343,37,gallery-page,gallery_page,"App\Models\GalleryPage",modc_text,rich_text_box,"Мод. текст",0,0,1,1,1,1,13,"RichEditor with explicit HTML allowlist","TextColumn(html disabled by default)",,,,,,,,,,4f53cda18c2baa0c0354bb5f9a3ecbe5ed12ab4d8e11ba873c2f11161202b945,[],"trusted-content allowlist and XSS/CSP review"
344,37,gallery-page,gallery_page,"App\Models\GalleryPage",modc_link_text,text,"Мод. текст ссылки",0,0,1,1,1,1,14,TextInput,TextColumn,,,,,,,,,,4f53cda18c2baa0c0354bb5f9a3ecbe5ed12ab4d8e11ba873c2f11161202b945,[],
345,37,gallery-page,gallery_page,"App\Models\GalleryPage",fotoc_title,text,"Фото  заголовок",0,0,1,1,1,1,15,TextInput,TextColumn,,,,,,,,,,4f53cda18c2baa0c0354bb5f9a3ecbe5ed12ab4d8e11ba873c2f11161202b945,[],
346,37,gallery-page,gallery_page,"App\Models\GalleryPage",fotoc_sub,text,"Фото подзаголовок",0,0,1,1,1,1,16,TextInput,TextColumn,,,,,,,,,,4f53cda18c2baa0c0354bb5f9a3ecbe5ed12ab4d8e11ba873c2f11161202b945,[],
347,37,gallery-page,gallery_page,"App\Models\GalleryPage",fotoc_text,rich_text_box,"Фото текст",0,0,1,1,1,1,17,"RichEditor with explicit HTML allowlist","TextColumn(html disabled by default)",,,,,,,,,,4f53cda18c2baa0c0354bb5f9a3ecbe5ed12ab4d8e11ba873c2f11161202b945,[],"trusted-content allowlist and XSS/CSP review"
348,37,gallery-page,gallery_page,"App\Models\GalleryPage",fotoc_link_text,text,"Фото текст ссылки",0,0,1,1,1,1,18,TextInput,TextColumn,,,,,,,,,,4f53cda18c2baa0c0354bb5f9a3ecbe5ed12ab4d8e11ba873c2f11161202b945,[],
349,37,gallery-page,gallery_page,"App\Models\GalleryPage",repr_title,text,"Репродукция заголовок",0,0,1,1,1,1,19,TextInput,TextColumn,,,,,,,,,,4f53cda18c2baa0c0354bb5f9a3ecbe5ed12ab4d8e11ba873c2f11161202b945,[],
350,37,gallery-page,gallery_page,"App\Models\GalleryPage",repr_sub_title,text,"Репродукция подзаголовок",0,0,1,1,1,1,20,TextInput,TextColumn,,,,,,,,,,4f53cda18c2baa0c0354bb5f9a3ecbe5ed12ab4d8e11ba873c2f11161202b945,[],
351,37,gallery-page,gallery_page,"App\Models\GalleryPage",repr_text,rich_text_box,"Репродукция текст",0,0,1,1,1,1,21,"RichEditor with explicit HTML allowlist","TextColumn(html disabled by default)",,,,,,,,,,4f53cda18c2baa0c0354bb5f9a3ecbe5ed12ab4d8e11ba873c2f11161202b945,[],"trusted-content allowlist and XSS/CSP review"
352,37,gallery-page,gallery_page,"App\Models\GalleryPage",repr_link_text,text,"Репродукция текст ссылки",0,0,1,1,1,1,22,TextInput,TextColumn,,,,,,,,,,4f53cda18c2baa0c0354bb5f9a3ecbe5ed12ab4d8e11ba873c2f11161202b945,[],
353,37,gallery-page,gallery_page,"App\Models\GalleryPage",created_at,timestamp,"Created At",0,1,1,1,0,1,23,"DateTimePicker or read-only Placeholder",TextColumn(dateTime),,,,,,,,,,4f53cda18c2baa0c0354bb5f9a3ecbe5ed12ab4d8e11ba873c2f11161202b945,[],
354,37,gallery-page,gallery_page,"App\Models\GalleryPage",updated_at,timestamp,"Updated At",0,0,0,0,0,0,24,"DateTimePicker or read-only Placeholder",TextColumn(dateTime),,,,,,,,,,4f53cda18c2baa0c0354bb5f9a3ecbe5ed12ab4d8e11ba873c2f11161202b945,[],"omit from UI unless server-side lifecycle requires it"
355,38,canvas-work-serv,canvas_work_serv,"App\Models\CanvasWorkServ",id,text,Id,1,0,0,0,0,0,1,TextInput,TextColumn,,,,,,,,,,4f53cda18c2baa0c0354bb5f9a3ecbe5ed12ab4d8e11ba873c2f11161202b945,[],"required; omit from UI unless server-side lifecycle requires it"
356,38,canvas-work-serv,canvas_work_serv,"App\Models\CanvasWorkServ",all_our_work_title,text,"All Our Work Title",0,1,1,1,1,1,2,TextInput,TextColumn,,,,,,,,,,4f53cda18c2baa0c0354bb5f9a3ecbe5ed12ab4d8e11ba873c2f11161202b945,[],
357,38,canvas-work-serv,canvas_work_serv,"App\Models\CanvasWorkServ",why_viar,text,"Why Viar",0,1,1,1,1,1,3,TextInput,TextColumn,,,,,,,,,,4f53cda18c2baa0c0354bb5f9a3ecbe5ed12ab4d8e11ba873c2f11161202b945,[],
358,38,canvas-work-serv,canvas_work_serv,"App\Models\CanvasWorkServ",we_love_clients,text,"We Love Clients",0,1,1,1,1,1,4,TextInput,TextColumn,,,,,,,,,,4f53cda18c2baa0c0354bb5f9a3ecbe5ed12ab4d8e11ba873c2f11161202b945,[],
359,38,canvas-work-serv,canvas_work_serv,"App\Models\CanvasWorkServ",why1_title,text,"Why1 Title",0,0,1,1,1,1,5,TextInput,TextColumn,,,,,,,,,,4f53cda18c2baa0c0354bb5f9a3ecbe5ed12ab4d8e11ba873c2f11161202b945,[],
360,38,canvas-work-serv,canvas_work_serv,"App\Models\CanvasWorkServ",why2_title,text,"Why2 Title",0,0,1,1,1,1,6,TextInput,TextColumn,,,,,,,,,,4f53cda18c2baa0c0354bb5f9a3ecbe5ed12ab4d8e11ba873c2f11161202b945,[],
361,38,canvas-work-serv,canvas_work_serv,"App\Models\CanvasWorkServ",why3_title,text,"Why3 Title",0,0,1,1,1,1,7,TextInput,TextColumn,,,,,,,,,,4f53cda18c2baa0c0354bb5f9a3ecbe5ed12ab4d8e11ba873c2f11161202b945,[],
362,38,canvas-work-serv,canvas_work_serv,"App\Models\CanvasWorkServ",why4_title,text,"Why4 Title",0,0,1,1,1,1,8,TextInput,TextColumn,,,,,,,,,,4f53cda18c2baa0c0354bb5f9a3ecbe5ed12ab4d8e11ba873c2f11161202b945,[],
363,38,canvas-work-serv,canvas_work_serv,"App\Models\CanvasWorkServ",why5_title,text,"Why5 Title",0,0,1,1,1,1,9,TextInput,TextColumn,,,,,,,,,,4f53cda18c2baa0c0354bb5f9a3ecbe5ed12ab4d8e11ba873c2f11161202b945,[],
364,38,canvas-work-serv,canvas_work_serv,"App\Models\CanvasWorkServ",why6_title,text,"Why6 Title",0,0,1,1,1,1,10,TextInput,TextColumn,,,,,,,,,,4f53cda18c2baa0c0354bb5f9a3ecbe5ed12ab4d8e11ba873c2f11161202b945,[],
365,38,canvas-work-serv,canvas_work_serv,"App\Models\CanvasWorkServ",why7_title,text,"Why7 Title",0,0,1,1,1,1,11,TextInput,TextColumn,,,,,,,,,,4f53cda18c2baa0c0354bb5f9a3ecbe5ed12ab4d8e11ba873c2f11161202b945,[],
366,38,canvas-work-serv,canvas_work_serv,"App\Models\CanvasWorkServ",why8_title,text,"Why8 Title",0,0,1,1,1,1,12,TextInput,TextColumn,,,,,,,,,,4f53cda18c2baa0c0354bb5f9a3ecbe5ed12ab4d8e11ba873c2f11161202b945,[],
367,38,canvas-work-serv,canvas_work_serv,"App\Models\CanvasWorkServ",imp_know_title,text,"Imp Know Title",0,0,1,1,1,1,13,TextInput,TextColumn,,,,,,,,,,4f53cda18c2baa0c0354bb5f9a3ecbe5ed12ab4d8e11ba873c2f11161202b945,[],
368,38,canvas-work-serv,canvas_work_serv,"App\Models\CanvasWorkServ",imp_know_text,rich_text_box,"Imp Know Text",0,0,1,1,1,1,14,"RichEditor with explicit HTML allowlist","TextColumn(html disabled by default)",,,,,,,,,,4f53cda18c2baa0c0354bb5f9a3ecbe5ed12ab4d8e11ba873c2f11161202b945,[],"trusted-content allowlist and XSS/CSP review"
369,38,canvas-work-serv,canvas_work_serv,"App\Models\CanvasWorkServ",created_at,timestamp,"Created At",0,0,1,1,0,1,15,"DateTimePicker or read-only Placeholder",TextColumn(dateTime),,,,,,,,,,4f53cda18c2baa0c0354bb5f9a3ecbe5ed12ab4d8e11ba873c2f11161202b945,[],
370,38,canvas-work-serv,canvas_work_serv,"App\Models\CanvasWorkServ",updated_at,timestamp,"Updated At",0,0,0,0,0,0,16,"DateTimePicker or read-only Placeholder",TextColumn(dateTime),,,,,,,,,,4f53cda18c2baa0c0354bb5f9a3ecbe5ed12ab4d8e11ba873c2f11161202b945,[],"omit from UI unless server-side lifecycle requires it"
371,39,canvas-del-time,canvas_del_time,"App\Models\CanvasDelTime",id,text,Id,1,0,0,0,0,0,1,TextInput,TextColumn,,,,,,,,,,4f53cda18c2baa0c0354bb5f9a3ecbe5ed12ab4d8e11ba873c2f11161202b945,[],"required; omit from UI unless server-side lifecycle requires it"
372,39,canvas-del-time,canvas_del_time,"App\Models\CanvasDelTime",f_title,text,"Сроки - заголовок",0,1,1,1,1,1,2,TextInput,TextColumn,,,,,,,,,,4f53cda18c2baa0c0354bb5f9a3ecbe5ed12ab4d8e11ba873c2f11161202b945,[],
373,39,canvas-del-time,canvas_del_time,"App\Models\CanvasDelTime",f_text,rich_text_box,"Сроки - текст",0,0,1,1,1,1,3,"RichEditor with explicit HTML allowlist","TextColumn(html disabled by default)",,,,,,,,,,4f53cda18c2baa0c0354bb5f9a3ecbe5ed12ab4d8e11ba873c2f11161202b945,[],"trusted-content allowlist and XSS/CSP review"
374,39,canvas-del-time,canvas_del_time,"App\Models\CanvasDelTime",s_title,text,"Оплата - заголовок",0,0,1,1,1,1,4,TextInput,TextColumn,,,,,,,,,,4f53cda18c2baa0c0354bb5f9a3ecbe5ed12ab4d8e11ba873c2f11161202b945,[],
375,39,canvas-del-time,canvas_del_time,"App\Models\CanvasDelTime",s_text_left,rich_text_box,"Оплата - текст слева",0,0,1,1,1,1,5,"RichEditor with explicit HTML allowlist","TextColumn(html disabled by default)",,,,,,,,,,4f53cda18c2baa0c0354bb5f9a3ecbe5ed12ab4d8e11ba873c2f11161202b945,[],"trusted-content allowlist and XSS/CSP review"
376,39,canvas-del-time,canvas_del_time,"App\Models\CanvasDelTime",s_text_right,rich_text_box,"Оплата - текст справа",0,0,1,1,1,1,6,"RichEditor with explicit HTML allowlist","TextColumn(html disabled by default)",,,,,,,,,,4f53cda18c2baa0c0354bb5f9a3ecbe5ed12ab4d8e11ba873c2f11161202b945,[],"trusted-content allowlist and XSS/CSP review"
377,39,canvas-del-time,canvas_del_time,"App\Models\CanvasDelTime",th_title,text,"Доставка - заголовок",0,0,1,1,1,1,7,TextInput,TextColumn,,,,,,,,,,4f53cda18c2baa0c0354bb5f9a3ecbe5ed12ab4d8e11ba873c2f11161202b945,[],
378,39,canvas-del-time,canvas_del_time,"App\Models\CanvasDelTime",th_sub_title,text,"Доставка - подзаголовок",0,0,1,1,1,1,8,TextInput,TextColumn,,,,,,,,,,4f53cda18c2baa0c0354bb5f9a3ecbe5ed12ab4d8e11ba873c2f11161202b945,[],
379,39,canvas-del-time,canvas_del_time,"App\Models\CanvasDelTime",th_left_text,rich_text_box,"Доставка - текст слева",0,0,1,1,1,1,9,"RichEditor with explicit HTML allowlist","TextColumn(html disabled by default)",,,,,,,,,,4f53cda18c2baa0c0354bb5f9a3ecbe5ed12ab4d8e11ba873c2f11161202b945,[],"trusted-content allowlist and XSS/CSP review"
380,39,canvas-del-time,canvas_del_time,"App\Models\CanvasDelTime",th_right_text,rich_text_box,"Доставка - текст справа",0,0,1,1,1,1,10,"RichEditor with explicit HTML allowlist","TextColumn(html disabled by default)",,,,,,,,,,4f53cda18c2baa0c0354bb5f9a3ecbe5ed12ab4d8e11ba873c2f11161202b945,[],"trusted-content allowlist and XSS/CSP review"
381,39,canvas-del-time,canvas_del_time,"App\Models\CanvasDelTime",th_bot_text,rich_text_box,"Доставка - текст снизу",0,0,1,1,1,1,11,"RichEditor with explicit HTML allowlist","TextColumn(html disabled by default)",,,,,,,,,,4f53cda18c2baa0c0354bb5f9a3ecbe5ed12ab4d8e11ba873c2f11161202b945,[],"trusted-content allowlist and XSS/CSP review"
382,39,canvas-del-time,canvas_del_time,"App\Models\CanvasDelTime",th_partners_list,rich_text_box,"Доставка - список партнеров",0,0,1,1,1,1,12,"RichEditor with explicit HTML allowlist","TextColumn(html disabled by default)",,,,,,,,,,4f53cda18c2baa0c0354bb5f9a3ecbe5ed12ab4d8e11ba873c2f11161202b945,[],"trusted-content allowlist and XSS/CSP review"
383,39,canvas-del-time,canvas_del_time,"App\Models\CanvasDelTime",for_title,text,"Возврат - заголовок",0,0,1,1,1,1,13,TextInput,TextColumn,,,,,,,,,,4f53cda18c2baa0c0354bb5f9a3ecbe5ed12ab4d8e11ba873c2f11161202b945,[],
384,39,canvas-del-time,canvas_del_time,"App\Models\CanvasDelTime",for_top_text,rich_text_box,"Возврат - текст сверху",0,0,1,1,1,1,14,"RichEditor with explicit HTML allowlist","TextColumn(html disabled by default)",,,,,,,,,,4f53cda18c2baa0c0354bb5f9a3ecbe5ed12ab4d8e11ba873c2f11161202b945,[],"trusted-content allowlist and XSS/CSP review"
385,39,canvas-del-time,canvas_del_time,"App\Models\CanvasDelTime",for_bot_text,rich_text_box,"Возврат - текст снизу",0,0,1,1,1,1,15,"RichEditor with explicit HTML allowlist","TextColumn(html disabled by default)",,,,,,,,,,4f53cda18c2baa0c0354bb5f9a3ecbe5ed12ab4d8e11ba873c2f11161202b945,[],"trusted-content allowlist and XSS/CSP review"
388,39,canvas-del-time,canvas_del_time,"App\Models\CanvasDelTime",att_bot_text,rich_text_box,"Внимание - текст",0,0,1,1,1,1,16,"RichEditor with explicit HTML allowlist","TextColumn(html disabled by default)",,,,,,,,,,4f53cda18c2baa0c0354bb5f9a3ecbe5ed12ab4d8e11ba873c2f11161202b945,[],"trusted-content allowlist and XSS/CSP review"
386,39,canvas-del-time,canvas_del_time,"App\Models\CanvasDelTime",created_at,timestamp,"Created At",0,1,1,1,0,1,17,"DateTimePicker or read-only Placeholder",TextColumn(dateTime),,,,,,,,,,4f53cda18c2baa0c0354bb5f9a3ecbe5ed12ab4d8e11ba873c2f11161202b945,[],
387,39,canvas-del-time,canvas_del_time,"App\Models\CanvasDelTime",updated_at,timestamp,"Updated At",0,0,0,0,0,0,18,"DateTimePicker or read-only Placeholder",TextColumn(dateTime),,,,,,,,,,4f53cda18c2baa0c0354bb5f9a3ecbe5ed12ab4d8e11ba873c2f11161202b945,[],"omit from UI unless server-side lifecycle requires it"
391,40,canvas-interiers,canvas_interiers,"App\Models\CanvasInterier",id,text,Id,1,0,0,0,0,0,1,TextInput,TextColumn,,,,,,,,,,4f53cda18c2baa0c0354bb5f9a3ecbe5ed12ab4d8e11ba873c2f11161202b945,[],"required; omit from UI unless server-side lifecycle requires it"
392,40,canvas-interiers,canvas_interiers,"App\Models\CanvasInterier",inter_img,image,Изображение,0,1,1,1,1,1,2,"FileUpload(image) with legacy-path adapter",ImageColumn,,,,,,,,,,4f53cda18c2baa0c0354bb5f9a3ecbe5ed12ab4d8e11ba873c2f11161202b945,[],"preserve existing URLs and derivatives; validate real MIME/decode/size/path"
1189,40,canvas-interiers,canvas_interiers,"App\Models\CanvasInterier",size_1,text,Размер-1,0,1,1,1,1,1,3,TextInput,TextColumn,,,,,,,,,,4f53cda18c2baa0c0354bb5f9a3ecbe5ed12ab4d8e11ba873c2f11161202b945,[],
1190,40,canvas-interiers,canvas_interiers,"App\Models\CanvasInterier",size_2,text,Размер-2,0,1,1,1,1,1,4,TextInput,TextColumn,,,,,,,,,,4f53cda18c2baa0c0354bb5f9a3ecbe5ed12ab4d8e11ba873c2f11161202b945,[],
393,40,canvas-interiers,canvas_interiers,"App\Models\CanvasInterier",created_at,timestamp,"Created At",0,0,1,1,0,1,5,"DateTimePicker or read-only Placeholder",TextColumn(dateTime),,,,,,,,,,4f53cda18c2baa0c0354bb5f9a3ecbe5ed12ab4d8e11ba873c2f11161202b945,[],
394,40,canvas-interiers,canvas_interiers,"App\Models\CanvasInterier",updated_at,timestamp,"Updated At",0,0,0,0,0,0,6,"DateTimePicker or read-only Placeholder",TextColumn(dateTime),,,,,,,,,,4f53cda18c2baa0c0354bb5f9a3ecbe5ed12ab4d8e11ba873c2f11161202b945,[],"omit from UI unless server-side lifecycle requires it"
395,42,canvas-rams,canvas_rams,"App\Models\CanvasRam",id,text,Id,1,1,1,0,0,0,1,TextInput,TextColumn,,,,,,,,,,4f53cda18c2baa0c0354bb5f9a3ecbe5ed12ab4d8e11ba873c2f11161202b945,[],required
396,42,canvas-rams,canvas_rams,"App\Models\CanvasRam",img,image,Рама,0,1,1,1,1,1,2,"FileUpload(image) with legacy-path adapter",ImageColumn,,,,,,,,,,4f53cda18c2baa0c0354bb5f9a3ecbe5ed12ab4d8e11ba873c2f11161202b945,[],"preserve existing URLs and derivatives; validate real MIME/decode/size/path"
1290,42,canvas-rams,canvas_rams,"App\Models\CanvasRam",img_bg,image,"Картинка в слайдере",0,1,1,1,1,1,3,"FileUpload(image) with legacy-path adapter",ImageColumn,,,,,,,,,,4f53cda18c2baa0c0354bb5f9a3ecbe5ed12ab4d8e11ba873c2f11161202b945,[],"preserve existing URLs and derivatives; validate real MIME/decode/size/path"
1291,42,canvas-rams,canvas_rams,"App\Models\CanvasRam",css_params,text,"Параметры картинки",0,0,1,1,1,1,4,TextInput,TextColumn,,,,,,,,,,4f53cda18c2baa0c0354bb5f9a3ecbe5ed12ab4d8e11ba873c2f11161202b945,[],
397,42,canvas-rams,canvas_rams,"App\Models\CanvasRam",name,text,"Название рамы",0,1,1,1,1,1,5,TextInput,TextColumn,,,,,,,,,,4f53cda18c2baa0c0354bb5f9a3ecbe5ed12ab4d8e11ba873c2f11161202b945,[],
2084,42,canvas-rams,canvas_rams,"App\Models\CanvasRam",width,number,"Ширина, см",0,1,1,1,1,1,8,TextInput(numeric),TextColumn(numeric),,,,,,,,,,74f7208189e6a3c950ea96c6c5153d1f5af873ddebc97ead4f17b1292aed93e7,"{""step"":0.1,""min"":0,""max"":500,""default"":0}",
2085,42,canvas-rams,canvas_rams,"App\Models\CanvasRam",height,number,"Высота, см",0,1,1,1,1,1,9,TextInput(numeric),TextColumn(numeric),,,,,,,,,,74f7208189e6a3c950ea96c6c5153d1f5af873ddebc97ead4f17b1292aed93e7,"{""step"":0.1,""min"":0,""max"":500,""default"":0}",
2099,42,canvas-rams,canvas_rams,"App\Models\CanvasRam",material_id,text,"Material Id",0,1,1,1,1,1,9,TextInput,TextColumn,,,,,,,,,,4f53cda18c2baa0c0354bb5f9a3ecbe5ed12ab4d8e11ba873c2f11161202b945,[],
398,42,canvas-rams,canvas_rams,"App\Models\CanvasRam",price,number,Цена,0,1,1,1,1,1,10,TextInput(numeric),TextColumn(numeric),,,,,,,,,,4f53cda18c2baa0c0354bb5f9a3ecbe5ed12ab4d8e11ba873c2f11161202b945,[],
2100,42,canvas-rams,canvas_rams,"App\Models\CanvasRam",color_id,text,"Color Id",0,1,1,1,1,1,10,TextInput,TextColumn,,,,,,,,,,4f53cda18c2baa0c0354bb5f9a3ecbe5ed12ab4d8e11ba873c2f11161202b945,[],
399,42,canvas-rams,canvas_rams,"App\Models\CanvasRam",created_at,timestamp,"Created At",0,0,1,1,0,1,11,"DateTimePicker or read-only Placeholder",TextColumn(dateTime),,,,,,,,,,4f53cda18c2baa0c0354bb5f9a3ecbe5ed12ab4d8e11ba873c2f11161202b945,[],
400,42,canvas-rams,canvas_rams,"App\Models\CanvasRam",updated_at,timestamp,"Updated At",0,0,0,0,0,0,12,"DateTimePicker or read-only Placeholder",TextColumn(dateTime),,,,,,,,,,4f53cda18c2baa0c0354bb5f9a3ecbe5ed12ab4d8e11ba873c2f11161202b945,[],"omit from UI unless server-side lifecycle requires it"
2097,42,canvas-rams,canvas_rams,"App\Models\CanvasRam",canvas_ram_hasmany_canvas_rams_color_relationship,relationship,canvas_rams_colors,0,1,1,1,1,1,13,"Select/CheckboxList or RelationManager from details","TextColumn via eager-loaded relation","App\Models\CanvasRamsColor",canvas_rams_colors,belongsTo,color_id,id,name,a_collage_advantage_screen,,,6f099c81f8d2499885e374761ca17b03014035aa0e0033bc4044bdbfed459e28,"{""model"":""App\\Models\\CanvasRamsColor"",""table"":""canvas_rams_colors"",""type"":""belongsTo"",""column"":""color_id"",""key"":""id"",""label"":""name"",""pivot_table"":""a_collage_advantage_screen"",""pivot"":""0"",""taggable"":""0""}","eager-load and scope relation; preserve null/orphan/pivot behavior"
2170,42,canvas-rams,canvas_rams,"App\Models\CanvasRam",type,select_dropdown,Тип,0,1,1,1,1,1,13,"Select with explicit options",TextColumn/badge,,,,,,,,,"{""default"":""Стандартная"",""baguette"":""Багетная"",""paper"":""Бумажная"",""paper_premium"":""Бумажная премиум""}",93a934f81082397343b8dbd28af72ea436b489c9edcb4b255388c8039b9dd0f7,"{""default"":""baguette"",""options"":{""default"":""Стандартная"",""baguette"":""Багетная"",""paper"":""Бумажная"",""paper_premium"":""Бумажная премиум""}}",
2098,42,canvas-rams,canvas_rams,"App\Models\CanvasRam",canvas_ram_hasmany_canvas_rams_material_relationship,relationship,canvas_rams_materials,0,1,1,1,1,1,14,"Select/CheckboxList or RelationManager from details","TextColumn via eager-loaded relation","App\Models\CanvasRamsMaterial",canvas_rams_materials,belongsTo,material_id,id,name,a_collage_advantage_screen,,,4da9640c3c8fc1f4caed0dbf9af55c97fe8ea32417e80bd34e804c9812e62b82,"{""model"":""App\\Models\\CanvasRamsMaterial"",""table"":""canvas_rams_materials"",""type"":""belongsTo"",""column"":""material_id"",""key"":""id"",""label"":""name"",""pivot_table"":""a_collage_advantage_screen"",""pivot"":""0"",""taggable"":""0""}","eager-load and scope relation; preserve null/orphan/pivot behavior"
401,43,page-faq,page_faq,"App\Models\PageFaq",id,text,Id,1,1,1,0,0,0,1,TextInput,TextColumn,,,,,,,,,,4f53cda18c2baa0c0354bb5f9a3ecbe5ed12ab4d8e11ba873c2f11161202b945,[],required
2248,43,page-faq,page_faq,"App\Models\PageFaq",page,multiple_checkbox,Страницы,0,1,1,1,1,1,2,CheckboxList,TextColumn(list),,,,,,,,,"{""main"":""Главная"",""kanvas"":""Канвас"",""sharj_main"":""Шарж (главная)"",""sharj_subcategories"":""Шарж подкатегории"",""royal_style"":""В образе, королевский"",""simpsons"":""Симпсоны"",""portraits_all"":""Портреты все вместе"",""gallery_main"":""Галерея - главная"",""gallery_subcategories"":""Галерея - подкатегории"",""gallery_product_card"":""Галерея - карточка товара"",""blog"":""Блог"",""prices_sizes"":""Цены и размеры"",""faq"":""FAQ"",""contacts"":""Контакты"",""delivery"":""Оплата и доставка"",""review"":""Отзывы"",""about"":""О нас"",""condition"":""Условия продажи"",""gift_card"":""Подарочная карта"",""stocks"":""Акции""}",28efad472577b79112da177660e1b46b1ca3b7eb7df3583157a34d7b639bcce5,"{""checked"":true,""options"":{""main"":""Главная"",""kanvas"":""Канвас"",""sharj_main"":""Шарж (главная)"",""sharj_subcategories"":""Шарж подкатегории"",""royal_style"":""В образе, королевский"",""simpsons"":""Симпсоны"",""portraits_all"":""Портреты все вместе"",""gallery_main"":""Галерея - главная"",""gallery_subcategories"":""Галерея - подкатегории"",""gallery_product_card"":""Галерея - карточка товара"",""blog"":""Блог"",""prices_sizes"":""Цены и размеры"",""faq"":""FAQ"",""contacts"":""Контакты"",""delivery"":""Оплата и доставка"",""review"":""Отзывы"",""about"":""О нас"",""condition"":""Условия продажи"",""gift_card"":""Подарочная карта"",""stocks"":""Акции""}}",
402,43,page-faq,page_faq,"App\Models\PageFaq",question,text,Вопрос,0,1,1,1,1,1,3,TextInput,TextColumn,,,,,,,,,,4f53cda18c2baa0c0354bb5f9a3ecbe5ed12ab4d8e11ba873c2f11161202b945,[],
403,43,page-faq,page_faq,"App\Models\PageFaq",answer,text_area,Ответ,0,1,1,1,1,1,4,Textarea,TextColumn(wrap),,,,,,,,,,4f53cda18c2baa0c0354bb5f9a3ecbe5ed12ab4d8e11ba873c2f11161202b945,[],
2250,43,page-faq,page_faq,"App\Models\PageFaq",sort,number,Sort,0,1,1,1,1,1,5,TextInput(numeric),TextColumn(numeric),,,,,,,,,,4f53cda18c2baa0c0354bb5f9a3ecbe5ed12ab4d8e11ba873c2f11161202b945,[],
2249,43,page-faq,page_faq,"App\Models\PageFaq",is_show,checkbox,"Is Show",0,1,1,1,1,1,6,"Toggle or Checkbox",IconColumn(boolean),,,,,,,,,,d7c12100abda1ec0859197afc64be266649ab0bf14a04fac5548e9dfd01a6370,"{""on"":""Включен"",""off"":""Выключен"",""checked"":true}",
404,43,page-faq,page_faq,"App\Models\PageFaq",created_at,timestamp,"Created At",0,1,1,1,0,1,7,"DateTimePicker or read-only Placeholder",TextColumn(dateTime),,,,,,,,,,4f53cda18c2baa0c0354bb5f9a3ecbe5ed12ab4d8e11ba873c2f11161202b945,[],
405,43,page-faq,page_faq,"App\Models\PageFaq",updated_at,timestamp,"Updated At",0,0,0,0,0,0,8,"DateTimePicker or read-only Placeholder",TextColumn(dateTime),,,,,,,,,,4f53cda18c2baa0c0354bb5f9a3ecbe5ed12ab4d8e11ba873c2f11161202b945,[],"omit from UI unless server-side lifecycle requires it"
406,44,page-faq-desc,page_faq_desc,"App\Models\PageFaqDesc",id,text,Id,1,0,0,0,0,0,1,TextInput,TextColumn,,,,,,,,,,4f53cda18c2baa0c0354bb5f9a3ecbe5ed12ab4d8e11ba873c2f11161202b945,[],"required; omit from UI unless server-side lifecycle requires it"
407,44,page-faq-desc,page_faq_desc,"App\Models\PageFaqDesc",title,text,Заголовок,0,1,1,1,1,1,2,TextInput,TextColumn,,,,,,,,,,4f53cda18c2baa0c0354bb5f9a3ecbe5ed12ab4d8e11ba873c2f11161202b945,[],
408,44,page-faq-desc,page_faq_desc,"App\Models\PageFaqDesc",desc,rich_text_box,Опсисание,0,1,1,1,1,1,3,"RichEditor with explicit HTML allowlist","TextColumn(html disabled by default)",,,,,,,,,,4f53cda18c2baa0c0354bb5f9a3ecbe5ed12ab4d8e11ba873c2f11161202b945,[],"trusted-content allowlist and XSS/CSP review"
409,44,page-faq-desc,page_faq_desc,"App\Models\PageFaqDesc",bot_text,rich_text_box,"Текст снизу",0,1,1,1,1,1,4,"RichEditor with explicit HTML allowlist","TextColumn(html disabled by default)",,,,,,,,,,4f53cda18c2baa0c0354bb5f9a3ecbe5ed12ab4d8e11ba873c2f11161202b945,[],"trusted-content allowlist and XSS/CSP review"
410,44,page-faq-desc,page_faq_desc,"App\Models\PageFaqDesc",created_at,timestamp,"Created At",0,1,1,1,0,1,5,"DateTimePicker or read-only Placeholder",TextColumn(dateTime),,,,,,,,,,4f53cda18c2baa0c0354bb5f9a3ecbe5ed12ab4d8e11ba873c2f11161202b945,[],
411,44,page-faq-desc,page_faq_desc,"App\Models\PageFaqDesc",updated_at,timestamp,"Updated At",0,0,0,0,0,0,6,"DateTimePicker or read-only Placeholder",TextColumn(dateTime),,,,,,,,,,4f53cda18c2baa0c0354bb5f9a3ecbe5ed12ab4d8e11ba873c2f11161202b945,[],"omit from UI unless server-side lifecycle requires it"
418,45,canvas-global,canvas_global,"App\Models\CanvasGlobal",id,text,Id,1,0,0,0,0,0,1,TextInput,TextColumn,,,,,,,,,,4f53cda18c2baa0c0354bb5f9a3ecbe5ed12ab4d8e11ba873c2f11161202b945,[],"required; omit from UI unless server-side lifecycle requires it"
419,45,canvas-global,canvas_global,"App\Models\CanvasGlobal",price,text,Цена,0,1,1,1,1,1,2,TextInput,TextColumn,,,,,,,,,,4f53cda18c2baa0c0354bb5f9a3ecbe5ed12ab4d8e11ba873c2f11161202b945,[],
420,45,canvas-global,canvas_global,"App\Models\CanvasGlobal",def_int_title,text,"Ст. интерьеры",0,0,1,1,1,1,3,TextInput,TextColumn,,,,,,,,,,4f53cda18c2baa0c0354bb5f9a3ecbe5ed12ab4d8e11ba873c2f11161202b945,[],
421,45,canvas-global,canvas_global,"App\Models\CanvasGlobal",rama_title,text,"Выбор рамы",0,0,1,1,1,1,4,TextInput,TextColumn,,,,,,,,,,4f53cda18c2baa0c0354bb5f9a3ecbe5ed12ab4d8e11ba873c2f11161202b945,[],
422,45,canvas-global,canvas_global,"App\Models\CanvasGlobal",total_price_title,text,"Итоговая цена (заголовок)",0,0,1,1,1,1,5,TextInput,TextColumn,,,,,,,,,,4f53cda18c2baa0c0354bb5f9a3ecbe5ed12ab4d8e11ba873c2f11161202b945,[],
423,45,canvas-global,canvas_global,"App\Models\CanvasGlobal",add_to_bask_title,text,"Добавить в корзину",0,0,1,1,1,1,6,TextInput,TextColumn,,,,,,,,,,4f53cda18c2baa0c0354bb5f9a3ecbe5ed12ab4d8e11ba873c2f11161202b945,[],
424,45,canvas-global,canvas_global,"App\Models\CanvasGlobal",timings_text,text,Сроки,0,0,1,1,1,1,7,TextInput,TextColumn,,,,,,,,,,4f53cda18c2baa0c0354bb5f9a3ecbe5ed12ab4d8e11ba873c2f11161202b945,[],
427,45,canvas-global,canvas_global,"App\Models\CanvasGlobal",w_size,text,"Размеры стен",0,0,1,1,1,1,8,TextInput,TextColumn,,,,,,,,,,4f53cda18c2baa0c0354bb5f9a3ecbe5ed12ab4d8e11ba873c2f11161202b945,[],
428,45,canvas-global,canvas_global,"App\Models\CanvasGlobal",cm,text,см.,0,0,1,1,1,1,9,TextInput,TextColumn,,,,,,,,,,4f53cda18c2baa0c0354bb5f9a3ecbe5ed12ab4d8e11ba873c2f11161202b945,[],
429,45,canvas-global,canvas_global,"App\Models\CanvasGlobal",cart_size,text,"Размеры картин",0,0,1,1,1,1,10,TextInput,TextColumn,,,,,,,,,,4f53cda18c2baa0c0354bb5f9a3ecbe5ed12ab4d8e11ba873c2f11161202b945,[],
425,45,canvas-global,canvas_global,"App\Models\CanvasGlobal",created_at,timestamp,"Created At",0,0,1,1,0,1,11,"DateTimePicker or read-only Placeholder",TextColumn(dateTime),,,,,,,,,,4f53cda18c2baa0c0354bb5f9a3ecbe5ed12ab4d8e11ba873c2f11161202b945,[],
426,45,canvas-global,canvas_global,"App\Models\CanvasGlobal",updated_at,timestamp,"Updated At",0,0,0,0,0,0,12,"DateTimePicker or read-only Placeholder",TextColumn(dateTime),,,,,,,,,,4f53cda18c2baa0c0354bb5f9a3ecbe5ed12ab4d8e11ba873c2f11161202b945,[],"omit from UI unless server-side lifecycle requires it"
447,47,canvas-comp-steps-arts-packs,canvas_comp_steps_arts_packs,"App\Models\CanvasCompStepsArtsPack",id,text,Id,1,0,0,0,0,0,1,TextInput,TextColumn,,,,,,,,,,4f53cda18c2baa0c0354bb5f9a3ecbe5ed12ab4d8e11ba873c2f11161202b945,[],"required; omit from UI unless server-side lifecycle requires it"
448,47,canvas-comp-steps-arts-packs,canvas_comp_steps_arts_packs,"App\Models\CanvasCompStepsArtsPack",comp_title,text,"Композиции - заголовок h2",0,1,1,1,1,1,2,TextInput,TextColumn,,,,,,,,,,4f53cda18c2baa0c0354bb5f9a3ecbe5ed12ab4d8e11ba873c2f11161202b945,[],
1445,47,canvas-comp-steps-arts-packs,canvas_comp_steps_arts_packs,"App\Models\CanvasCompStepsArtsPack",comp_text1,text,"Композиции - подзаголовок span",0,1,1,1,1,1,3,TextInput,TextColumn,,,,,,,,,,4f53cda18c2baa0c0354bb5f9a3ecbe5ed12ab4d8e11ba873c2f11161202b945,[],
1446,47,canvas-comp-steps-arts-packs,canvas_comp_steps_arts_packs,"App\Models\CanvasCompStepsArtsPack",comp_text2,text,"Композиции - подзаголовок-2 h4",0,1,1,1,1,1,4,TextInput,TextColumn,,,,,,,,,,4f53cda18c2baa0c0354bb5f9a3ecbe5ed12ab4d8e11ba873c2f11161202b945,[],
1447,47,canvas-comp-steps-arts-packs,canvas_comp_steps_arts_packs,"App\Models\CanvasCompStepsArtsPack",comp_text3,text,"Композиции - подзаголовок-3 h4",0,1,1,1,1,1,5,TextInput,TextColumn,,,,,,,,,,4f53cda18c2baa0c0354bb5f9a3ecbe5ed12ab4d8e11ba873c2f11161202b945,[],
449,47,canvas-comp-steps-arts-packs,canvas_comp_steps_arts_packs,"App\Models\CanvasCompStepsArtsPack",comp_top_text_block,rich_text_box,"Композиции - текст",0,1,1,1,1,1,6,"RichEditor with explicit HTML allowlist","TextColumn(html disabled by default)",,,,,,,,,,4f53cda18c2baa0c0354bb5f9a3ecbe5ed12ab4d8e11ba873c2f11161202b945,[],"trusted-content allowlist and XSS/CSP review"
450,47,canvas-comp-steps-arts-packs,canvas_comp_steps_arts_packs,"App\Models\CanvasCompStepsArtsPack",comp_right_form_title,text,"Композиции - заголовок формы h4",0,0,1,1,1,1,7,TextInput,TextColumn,,,,,,,,,,4f53cda18c2baa0c0354bb5f9a3ecbe5ed12ab4d8e11ba873c2f11161202b945,[],
451,47,canvas-comp-steps-arts-packs,canvas_comp_steps_arts_packs,"App\Models\CanvasCompStepsArtsPack",comp_f_name_place,text,"Ваше имя",0,0,1,1,1,1,8,TextInput,TextColumn,,,,,,,,,,4f53cda18c2baa0c0354bb5f9a3ecbe5ed12ab4d8e11ba873c2f11161202b945,[],
452,47,canvas-comp-steps-arts-packs,canvas_comp_steps_arts_packs,"App\Models\CanvasCompStepsArtsPack",comp_f_tel_place,text,"Ваш тел.",0,0,1,1,1,1,9,TextInput,TextColumn,,,,,,,,,,4f53cda18c2baa0c0354bb5f9a3ecbe5ed12ab4d8e11ba873c2f11161202b945,[],
453,47,canvas-comp-steps-arts-packs,canvas_comp_steps_arts_packs,"App\Models\CanvasCompStepsArtsPack",comp_f_mail_place,text,"Ваш email",0,0,1,1,1,1,10,TextInput,TextColumn,,,,,,,,,,4f53cda18c2baa0c0354bb5f9a3ecbe5ed12ab4d8e11ba873c2f11161202b945,[],
454,47,canvas-comp-steps-arts-packs,canvas_comp_steps_arts_packs,"App\Models\CanvasCompStepsArtsPack",comp_f_upload_place,text,"Загрузить фото",0,0,1,1,1,1,11,TextInput,TextColumn,,,,,,,,,,4f53cda18c2baa0c0354bb5f9a3ecbe5ed12ab4d8e11ba873c2f11161202b945,[],
455,47,canvas-comp-steps-arts-packs,canvas_comp_steps_arts_packs,"App\Models\CanvasCompStepsArtsPack",comp_f_get_btn,text,"Получить макет",0,0,1,1,1,1,12,TextInput,TextColumn,,,,,,,,,,4f53cda18c2baa0c0354bb5f9a3ecbe5ed12ab4d8e11ba873c2f11161202b945,[],
456,47,canvas-comp-steps-arts-packs,canvas_comp_steps_arts_packs,"App\Models\CanvasCompStepsArtsPack",comp_f_bot_text,text,"Текст под формой",0,0,1,1,1,1,13,TextInput,TextColumn,,,,,,,,,,4f53cda18c2baa0c0354bb5f9a3ecbe5ed12ab4d8e11ba873c2f11161202b945,[],
457,47,canvas-comp-steps-arts-packs,canvas_comp_steps_arts_packs,"App\Models\CanvasCompStepsArtsPack",et_title,text,"Этапы - заголовок",0,0,1,1,1,1,14,TextInput,TextColumn,,,,,,,,,,4f53cda18c2baa0c0354bb5f9a3ecbe5ed12ab4d8e11ba873c2f11161202b945,[],
458,47,canvas-comp-steps-arts-packs,canvas_comp_steps_arts_packs,"App\Models\CanvasCompStepsArtsPack",et1_text,text,Этап-1,0,0,1,1,1,1,15,TextInput,TextColumn,,,,,,,,,,4f53cda18c2baa0c0354bb5f9a3ecbe5ed12ab4d8e11ba873c2f11161202b945,[],
459,47,canvas-comp-steps-arts-packs,canvas_comp_steps_arts_packs,"App\Models\CanvasCompStepsArtsPack",et2_text,text,Этап-2,0,0,1,1,1,1,16,TextInput,TextColumn,,,,,,,,,,4f53cda18c2baa0c0354bb5f9a3ecbe5ed12ab4d8e11ba873c2f11161202b945,[],
460,47,canvas-comp-steps-arts-packs,canvas_comp_steps_arts_packs,"App\Models\CanvasCompStepsArtsPack",et3_text,text,Этап-3,0,0,1,1,1,1,17,TextInput,TextColumn,,,,,,,,,,4f53cda18c2baa0c0354bb5f9a3ecbe5ed12ab4d8e11ba873c2f11161202b945,[],
461,47,canvas-comp-steps-arts-packs,canvas_comp_steps_arts_packs,"App\Models\CanvasCompStepsArtsPack",et4_text,text,Этап-4,0,0,1,1,1,1,18,TextInput,TextColumn,,,,,,,,,,4f53cda18c2baa0c0354bb5f9a3ecbe5ed12ab4d8e11ba873c2f11161202b945,[],
462,47,canvas-comp-steps-arts-packs,canvas_comp_steps_arts_packs,"App\Models\CanvasCompStepsArtsPack",et5_text,text,Этап-5,0,0,1,1,1,1,19,TextInput,TextColumn,,,,,,,,,,4f53cda18c2baa0c0354bb5f9a3ecbe5ed12ab4d8e11ba873c2f11161202b945,[],
463,47,canvas-comp-steps-arts-packs,canvas_comp_steps_arts_packs,"App\Models\CanvasCompStepsArtsPack",et_left_title,text,"Заголовок слева",0,0,1,1,1,1,20,TextInput,TextColumn,,,,,,,,,,4f53cda18c2baa0c0354bb5f9a3ecbe5ed12ab4d8e11ba873c2f11161202b945,[],
464,47,canvas-comp-steps-arts-packs,canvas_comp_steps_arts_packs,"App\Models\CanvasCompStepsArtsPack",et_left_right_text,rich_text_box,"Текст слева-справа",0,0,1,1,1,1,21,"RichEditor with explicit HTML allowlist","TextColumn(html disabled by default)",,,,,,,,,,4f53cda18c2baa0c0354bb5f9a3ecbe5ed12ab4d8e11ba873c2f11161202b945,[],"trusted-content allowlist and XSS/CSP review"
465,47,canvas-comp-steps-arts-packs,canvas_comp_steps_arts_packs,"App\Models\CanvasCompStepsArtsPack",cart_title,text,"Составляющие - заголовок",0,0,1,1,1,1,22,TextInput,TextColumn,,,,,,,,,,4f53cda18c2baa0c0354bb5f9a3ecbe5ed12ab4d8e11ba873c2f11161202b945,[],
466,47,canvas-comp-steps-arts-packs,canvas_comp_steps_arts_packs,"App\Models\CanvasCompStepsArtsPack",cart1_title,text,Составляющие-1,0,0,1,1,1,1,23,TextInput,TextColumn,,,,,,,,,,4f53cda18c2baa0c0354bb5f9a3ecbe5ed12ab4d8e11ba873c2f11161202b945,[],
467,47,canvas-comp-steps-arts-packs,canvas_comp_steps_arts_packs,"App\Models\CanvasCompStepsArtsPack",cart2_title,text,Составляющие-2,0,0,1,1,1,1,24,TextInput,TextColumn,,,,,,,,,,4f53cda18c2baa0c0354bb5f9a3ecbe5ed12ab4d8e11ba873c2f11161202b945,[],
468,47,canvas-comp-steps-arts-packs,canvas_comp_steps_arts_packs,"App\Models\CanvasCompStepsArtsPack",cart3_title,text,Составляющие-3,0,0,1,1,1,1,25,TextInput,TextColumn,,,,,,,,,,4f53cda18c2baa0c0354bb5f9a3ecbe5ed12ab4d8e11ba873c2f11161202b945,[],
469,47,canvas-comp-steps-arts-packs,canvas_comp_steps_arts_packs,"App\Models\CanvasCompStepsArtsPack",cart4_title,text,Составляющие-4,0,0,1,1,1,1,26,TextInput,TextColumn,,,,,,,,,,4f53cda18c2baa0c0354bb5f9a3ecbe5ed12ab4d8e11ba873c2f11161202b945,[],
470,47,canvas-comp-steps-arts-packs,canvas_comp_steps_arts_packs,"App\Models\CanvasCompStepsArtsPack",cart5_title,text,Составляющие-5,0,0,1,1,1,1,27,TextInput,TextColumn,,,,,,,,,,4f53cda18c2baa0c0354bb5f9a3ecbe5ed12ab4d8e11ba873c2f11161202b945,[],
471,47,canvas-comp-steps-arts-packs,canvas_comp_steps_arts_packs,"App\Models\CanvasCompStepsArtsPack",cart6_title,text,Составляющие-6,0,0,1,1,1,1,28,TextInput,TextColumn,,,,,,,,,,4f53cda18c2baa0c0354bb5f9a3ecbe5ed12ab4d8e11ba873c2f11161202b945,[],
479,47,canvas-comp-steps-arts-packs,canvas_comp_steps_arts_packs,"App\Models\CanvasCompStepsArtsPack",cart7_title,text,Составляющие-7,0,0,1,1,1,1,29,TextInput,TextColumn,,,,,,,,,,4f53cda18c2baa0c0354bb5f9a3ecbe5ed12ab4d8e11ba873c2f11161202b945,[],
480,47,canvas-comp-steps-arts-packs,canvas_comp_steps_arts_packs,"App\Models\CanvasCompStepsArtsPack",cart8_title,text,Составляющие-8,0,0,1,1,1,1,30,TextInput,TextColumn,,,,,,,,,,4f53cda18c2baa0c0354bb5f9a3ecbe5ed12ab4d8e11ba873c2f11161202b945,[],
472,47,canvas-comp-steps-arts-packs,canvas_comp_steps_arts_packs,"App\Models\CanvasCompStepsArtsPack",up_title,text,"Упаковка - заголовок",0,0,1,1,1,1,31,TextInput,TextColumn,,,,,,,,,,4f53cda18c2baa0c0354bb5f9a3ecbe5ed12ab4d8e11ba873c2f11161202b945,[],
473,47,canvas-comp-steps-arts-packs,canvas_comp_steps_arts_packs,"App\Models\CanvasCompStepsArtsPack",up_left_text,rich_text_box,"Упаковка - текст слева",0,0,1,1,1,1,32,"RichEditor with explicit HTML allowlist","TextColumn(html disabled by default)",,,,,,,,,,4f53cda18c2baa0c0354bb5f9a3ecbe5ed12ab4d8e11ba873c2f11161202b945,[],"trusted-content allowlist and XSS/CSP review"
474,47,canvas-comp-steps-arts-packs,canvas_comp_steps_arts_packs,"App\Models\CanvasCompStepsArtsPack",up_def_title,text,"Упаковка - заголовок слева",0,0,1,1,1,1,33,TextInput,TextColumn,,,,,,,,,,4f53cda18c2baa0c0354bb5f9a3ecbe5ed12ab4d8e11ba873c2f11161202b945,[],
475,47,canvas-comp-steps-arts-packs,canvas_comp_steps_arts_packs,"App\Models\CanvasCompStepsArtsPack",up_sizes_list,text,"Упаковка - список размеров",0,0,1,1,1,1,34,TextInput,TextColumn,,,,,,,,,,4f53cda18c2baa0c0354bb5f9a3ecbe5ed12ab4d8e11ba873c2f11161202b945,[],
476,47,canvas-comp-steps-arts-packs,canvas_comp_steps_arts_packs,"App\Models\CanvasCompStepsArtsPack",our_work_title,text,"Наши работы - заголовок",0,0,1,1,1,1,35,TextInput,TextColumn,,,,,,,,,,4f53cda18c2baa0c0354bb5f9a3ecbe5ed12ab4d8e11ba873c2f11161202b945,[],
477,47,canvas-comp-steps-arts-packs,canvas_comp_steps_arts_packs,"App\Models\CanvasCompStepsArtsPack",created_at,timestamp,"Created At",0,0,1,1,0,1,36,"DateTimePicker or read-only Placeholder",TextColumn(dateTime),,,,,,,,,,4f53cda18c2baa0c0354bb5f9a3ecbe5ed12ab4d8e11ba873c2f11161202b945,[],
478,47,canvas-comp-steps-arts-packs,canvas_comp_steps_arts_packs,"App\Models\CanvasCompStepsArtsPack",updated_at,timestamp,"Updated At",0,0,0,0,0,0,37,"DateTimePicker or read-only Placeholder",TextColumn(dateTime),,,,,,,,,,4f53cda18c2baa0c0354bb5f9a3ecbe5ed12ab4d8e11ba873c2f11161202b945,[],"omit from UI unless server-side lifecycle requires it"
481,48,our-works,our_works,"App\Models\OurWork",id,text,Id,1,0,0,0,0,0,1,TextInput,TextColumn,,,,,,,,,,4f53cda18c2baa0c0354bb5f9a3ecbe5ed12ab4d8e11ba873c2f11161202b945,[],"required; omit from UI unless server-side lifecycle requires it"
1338,48,our-works,our_works,"App\Models\OurWork",email,text,Email,0,1,1,1,1,1,2,TextInput,TextColumn,,,,,,,,,,4f53cda18c2baa0c0354bb5f9a3ecbe5ed12ab4d8e11ba873c2f11161202b945,[],
482,48,our-works,our_works,"App\Models\OurWork",img,image,Картинка,0,1,1,1,1,1,3,"FileUpload(image) with legacy-path adapter",ImageColumn,,,,,,,,,,4f53cda18c2baa0c0354bb5f9a3ecbe5ed12ab4d8e11ba873c2f11161202b945,[],"preserve existing URLs and derivatives; validate real MIME/decode/size/path"
483,48,our-works,our_works,"App\Models\OurWork",avatar,image,Аватарка,0,1,1,1,1,1,4,"FileUpload(image) with legacy-path adapter",ImageColumn,,,,,,,,,,4f53cda18c2baa0c0354bb5f9a3ecbe5ed12ab4d8e11ba873c2f11161202b945,[],"preserve existing URLs and derivatives; validate real MIME/decode/size/path"
484,48,our-works,our_works,"App\Models\OurWork",name,text,Имя,0,1,1,1,1,1,5,TextInput,TextColumn,,,,,,,,,,4f53cda18c2baa0c0354bb5f9a3ecbe5ed12ab4d8e11ba873c2f11161202b945,[],
490,48,our-works,our_works,"App\Models\OurWork",a_player,file,Плеер,0,1,1,1,1,1,6,"FileUpload with MIME/size/path allowlist","File link Action with policy",,,,,,,,,,4f53cda18c2baa0c0354bb5f9a3ecbe5ed12ab4d8e11ba873c2f11161202b945,[],"preserve existing URLs and derivatives; validate real MIME/decode/size/path"
485,48,our-works,our_works,"App\Models\OurWork",text,rich_text_box,Текст,0,0,1,1,1,1,7,"RichEditor with explicit HTML allowlist","TextColumn(html disabled by default)",,,,,,,,,,4f53cda18c2baa0c0354bb5f9a3ecbe5ed12ab4d8e11ba873c2f11161202b945,[],"trusted-content allowlist and XSS/CSP review"
487,48,our-works,our_works,"App\Models\OurWork",active,checkbox,Активен,0,1,1,1,1,1,8,"Toggle or Checkbox",IconColumn(boolean),,,,,,,,,,1d7cc7921577a6fb7bd2eb64db9c5d36aec5f539dc9bf971f3d860346d9107ca,"{""on"":""да"",""off"":""нет"",""checked"":true}",
488,48,our-works,our_works,"App\Models\OurWork",created_at,timestamp,"Created At",0,1,1,1,0,1,9,"DateTimePicker or read-only Placeholder",TextColumn(dateTime),,,,,,,,,,4f53cda18c2baa0c0354bb5f9a3ecbe5ed12ab4d8e11ba873c2f11161202b945,[],
489,48,our-works,our_works,"App\Models\OurWork",updated_at,timestamp,"Updated At",0,0,0,0,0,0,10,"DateTimePicker or read-only Placeholder",TextColumn(dateTime),,,,,,,,,,4f53cda18c2baa0c0354bb5f9a3ecbe5ed12ab4d8e11ba873c2f11161202b945,[],"omit from UI unless server-side lifecycle requires it"
1316,48,our-works,our_works,"App\Models\OurWork",orig_locale,text,"Локаль отзыва",0,1,1,1,1,1,11,TextInput,TextColumn,,,,,,,,,,4f53cda18c2baa0c0354bb5f9a3ecbe5ed12ab4d8e11ba873c2f11161202b945,[],
491,49,blog-posts,blog_posts,"App\Models\BlogPost",id,text,Id,1,1,0,0,0,0,1,TextInput,TextColumn,,,,,,,,,,4f53cda18c2baa0c0354bb5f9a3ecbe5ed12ab4d8e11ba873c2f11161202b945,[],required
1936,49,blog-posts,blog_posts,"App\Models\BlogPost",blog_post_belongstomany_blog_category_relationship,relationship,blog_categories,0,1,1,1,1,1,2,"Select/CheckboxList or RelationManager from details","TextColumn via eager-loaded relation","App\Models\BlogCategory",blog_categories,belongsToMany,id,id,title,blog_category_blog_post,,,fc18610fd1c3ebbe8699c800f2a9fbcbab6b57b3d39d2777252d6a4f341abe25,"{""model"":""App\\Models\\BlogCategory"",""table"":""blog_categories"",""type"":""belongsToMany"",""column"":""id"",""key"":""id"",""label"":""title"",""pivot_table"":""blog_category_blog_post"",""pivot"":""1"",""taggable"":""0""}","eager-load and scope relation; preserve null/orphan/pivot behavior"
492,49,blog-posts,blog_posts,"App\Models\BlogPost",meta_title,text,"Мета заголовок",0,1,1,1,1,1,3,TextInput,TextColumn,,,,,,,,,,4f53cda18c2baa0c0354bb5f9a3ecbe5ed12ab4d8e11ba873c2f11161202b945,[],
493,49,blog-posts,blog_posts,"App\Models\BlogPost",meta_desc,text,"Мета описание",0,0,1,1,1,1,4,TextInput,TextColumn,,,,,,,,,,4f53cda18c2baa0c0354bb5f9a3ecbe5ed12ab4d8e11ba873c2f11161202b945,[],
1475,49,blog-posts,blog_posts,"App\Models\BlogPost",meta_robots,text,"Meta Robots",0,1,1,1,1,1,5,TextInput,TextColumn,,,,,,,,,"{""index, follow"":""index, follow"",""noindex, nofollow"":""noindex, nofollow""}",43dbfafd59dabd9bb3a6728a91f014043ceabacdb09b461c91521fe91ca4af02,"{""default"":""index, follow"",""options"":{""index, follow"":""index, follow"",""noindex, nofollow"":""noindex, nofollow""}}",
500,49,blog-posts,blog_posts,"App\Models\BlogPost",image,image,Картинка,0,1,1,1,1,1,6,"FileUpload(image) with legacy-path adapter",ImageColumn,,,,,,,,,,4f53cda18c2baa0c0354bb5f9a3ecbe5ed12ab4d8e11ba873c2f11161202b945,[],"preserve existing URLs and derivatives; validate real MIME/decode/size/path"
2008,49,blog-posts,blog_posts,"App\Models\BlogPost",image_preview,image,"Image Preview",0,1,1,1,1,1,7,"FileUpload(image) with legacy-path adapter",ImageColumn,,,,,,,,,,4f53cda18c2baa0c0354bb5f9a3ecbe5ed12ab4d8e11ba873c2f11161202b945,[],"preserve existing URLs and derivatives; validate real MIME/decode/size/path"
1941,49,blog-posts,blog_posts,"App\Models\BlogPost",image_user,image,"Фото пользователя (истории)",0,0,1,1,1,1,8,"FileUpload(image) with legacy-path adapter",ImageColumn,,,,,,,,,,4f53cda18c2baa0c0354bb5f9a3ecbe5ed12ab4d8e11ba873c2f11161202b945,[],"preserve existing URLs and derivatives; validate real MIME/decode/size/path"
494,49,blog-posts,blog_posts,"App\Models\BlogPost",title,text,Заголовок,0,1,1,1,1,1,9,TextInput,TextColumn,,,,,,,,,,4f53cda18c2baa0c0354bb5f9a3ecbe5ed12ab4d8e11ba873c2f11161202b945,[],
499,49,blog-posts,blog_posts,"App\Models\BlogPost",slug,text,Slug,0,1,1,1,1,1,10,TextInput,TextColumn,,,,,,,,,,4f53cda18c2baa0c0354bb5f9a3ecbe5ed12ab4d8e11ba873c2f11161202b945,[],
2347,49,blog-posts,blog_posts,"App\Models\BlogPost",status,select_dropdown,Статус,1,1,1,1,1,1,11,"Select with explicit options",TextColumn/badge,,,,,,,,,"{""published"":""published"",""draft"":""draft""}",5fd6f21e60c5460394c561103b177e634221fef77af19286eaed2ea930b47006,"{""default"":""published"",""options"":{""published"":""published"",""draft"":""draft""}}",required
495,49,blog-posts,blog_posts,"App\Models\BlogPost",text,rich_text_box,Текст,0,0,1,1,1,1,12,"RichEditor with explicit HTML allowlist","TextColumn(html disabled by default)",,,,,,,,,,4f53cda18c2baa0c0354bb5f9a3ecbe5ed12ab4d8e11ba873c2f11161202b945,[],"trusted-content allowlist and XSS/CSP review"
496,49,blog-posts,blog_posts,"App\Models\BlogPost",is_idea,checkbox,идея,0,1,1,1,1,1,13,"Toggle or Checkbox",IconColumn(boolean),,,,,,,,,,4f53cda18c2baa0c0354bb5f9a3ecbe5ed12ab4d8e11ba873c2f11161202b945,[],
1939,49,blog-posts,blog_posts,"App\Models\BlogPost",is_stories,checkbox,"Истории людей",0,1,1,1,1,1,14,"Toggle or Checkbox",IconColumn(boolean),,,,,,,,,,4f53cda18c2baa0c0354bb5f9a3ecbe5ed12ab4d8e11ba873c2f11161202b945,[],
1940,49,blog-posts,blog_posts,"App\Models\BlogPost",is_blogwant,checkbox,"Как создают шедевры",0,1,1,1,1,1,15,"Toggle or Checkbox",IconColumn(boolean),,,,,,,,,,4f53cda18c2baa0c0354bb5f9a3ecbe5ed12ab4d8e11ba873c2f11161202b945,[],
1938,49,blog-posts,blog_posts,"App\Models\BlogPost",count_viewed,number,Просмотрено,0,0,1,1,1,1,16,TextInput(numeric),TextColumn(numeric),,,,,,,,,,4f53cda18c2baa0c0354bb5f9a3ecbe5ed12ab4d8e11ba873c2f11161202b945,[],
497,49,blog-posts,blog_posts,"App\Models\BlogPost",created_at,timestamp,"Created At",0,0,1,1,0,1,17,"DateTimePicker or read-only Placeholder",TextColumn(dateTime),,,,,,,,,,4f53cda18c2baa0c0354bb5f9a3ecbe5ed12ab4d8e11ba873c2f11161202b945,[],
498,49,blog-posts,blog_posts,"App\Models\BlogPost",updated_at,timestamp,"Updated At",0,0,0,0,0,0,18,"DateTimePicker or read-only Placeholder",TextColumn(dateTime),,,,,,,,,,4f53cda18c2baa0c0354bb5f9a3ecbe5ed12ab4d8e11ba873c2f11161202b945,[],"omit from UI unless server-side lifecycle requires it"
2017,49,blog-posts,blog_posts,"App\Models\BlogPost",author_id,number,"Author Id",0,1,1,1,1,1,18,TextInput(numeric),TextColumn(numeric),,,,,,,,,,4f53cda18c2baa0c0354bb5f9a3ecbe5ed12ab4d8e11ba873c2f11161202b945,[],
1937,49,blog-posts,blog_posts,"App\Models\BlogPost",id_category,text,"Id Category",0,0,0,0,0,0,19,TextInput,TextColumn,,,,,,,,,,4f53cda18c2baa0c0354bb5f9a3ecbe5ed12ab4d8e11ba873c2f11161202b945,[],"omit from UI unless server-side lifecycle requires it"
2019,49,blog-posts,blog_posts,"App\Models\BlogPost",right_banner,text,"Правый баннер",0,1,1,1,1,1,19,TextInput,TextColumn,,,,,,,,,,4f53cda18c2baa0c0354bb5f9a3ecbe5ed12ab4d8e11ba873c2f11161202b945,[],
2016,49,blog-posts,blog_posts,"App\Models\BlogPost",blog_post_belongsto_blog_author_relationship,relationship,Автор,0,1,1,1,1,1,20,"Select/CheckboxList or RelationManager from details","TextColumn via eager-loaded relation","App\Models\BlogAuthor",blog_authors,belongsTo,author_id,id,name,a_collage_advantage_screen,,,36c01acdb57776bdb087f57eec6226fcacd5e6846c303e4d7da41024b47ec3f2,"{""model"":""App\\Models\\BlogAuthor"",""table"":""blog_authors"",""type"":""belongsTo"",""column"":""author_id"",""key"":""id"",""label"":""name"",""pivot_table"":""a_collage_advantage_screen"",""pivot"":""0"",""taggable"":""0""}","eager-load and scope relation; preserve null/orphan/pivot behavior"
2020,49,blog-posts,blog_posts,"App\Models\BlogPost",blog_post_belongsto_blog_reklama_relationship,relationship,"Правый блок рекламы",0,1,1,1,1,1,21,"Select/CheckboxList or RelationManager from details","TextColumn via eager-loaded relation","App\Models\BlogReklama",blog_reklama,belongsTo,right_banner,id,title,a_collage_advantage_screen,,,57c746207f6960ac7179a9f66cd5ec4e31b9de3155210832a0572752c034daee,"{""scope"":""Rightbanner"",""model"":""App\\Models\\BlogReklama"",""table"":""blog_reklama"",""type"":""belongsTo"",""column"":""right_banner"",""key"":""id"",""label"":""title"",""pivot_table"":""a_collage_advantage_screen"",""pivot"":""0"",""taggable"":""0""}","eager-load and scope relation; preserve null/orphan/pivot behavior"
501,50,blog,blog,"App\Models\Blog",id,text,Id,1,0,0,0,0,0,1,TextInput,TextColumn,,,,,,,,,,4f53cda18c2baa0c0354bb5f9a3ecbe5ed12ab4d8e11ba873c2f11161202b945,[],"required; omit from UI unless server-side lifecycle requires it"
502,50,blog,blog,"App\Models\Blog",meta_title,text,"Мета заголовок",0,1,1,1,1,1,2,TextInput,TextColumn,,,,,,,,,,4f53cda18c2baa0c0354bb5f9a3ecbe5ed12ab4d8e11ba873c2f11161202b945,[],
2252,50,blog,blog,"App\Models\Blog",meta_desc,text,"Мета описание",0,1,1,1,1,1,3,TextInput,TextColumn,,,,,,,,,,4f53cda18c2baa0c0354bb5f9a3ecbe5ed12ab4d8e11ba873c2f11161202b945,[],
503,50,blog,blog,"App\Models\Blog",title,text,Заголовок,0,0,1,1,1,1,4,TextInput,TextColumn,,,,,,,,,,4f53cda18c2baa0c0354bb5f9a3ecbe5ed12ab4d8e11ba873c2f11161202b945,[],
504,50,blog,blog,"App\Models\Blog",desc,text,Описание,0,0,1,1,1,1,5,TextInput,TextColumn,,,,,,,,,,4f53cda18c2baa0c0354bb5f9a3ecbe5ed12ab4d8e11ba873c2f11161202b945,[],
505,50,blog,blog,"App\Models\Blog",read_more,text,"Кн. подробнее",0,0,1,1,1,1,6,TextInput,TextColumn,,,,,,,,,,4f53cda18c2baa0c0354bb5f9a3ecbe5ed12ab4d8e11ba873c2f11161202b945,[],
506,50,blog,blog,"App\Models\Blog",int_ideas,text,"Инт. идеи",0,0,1,1,1,1,7,TextInput,TextColumn,,,,,,,,,,4f53cda18c2baa0c0354bb5f9a3ecbe5ed12ab4d8e11ba873c2f11161202b945,[],
507,50,blog,blog,"App\Models\Blog",load_more,text,"Кн. загрузить еще",0,0,1,1,1,1,8,TextInput,TextColumn,,,,,,,,,,4f53cda18c2baa0c0354bb5f9a3ecbe5ed12ab4d8e11ba873c2f11161202b945,[],
510,50,blog,blog,"App\Models\Blog",fb_link,text,Facebook,0,0,1,1,1,1,9,TextInput,TextColumn,,,,,,,,,,4f53cda18c2baa0c0354bb5f9a3ecbe5ed12ab4d8e11ba873c2f11161202b945,[],
511,50,blog,blog,"App\Models\Blog",ig_link,text,Instagram,0,0,1,1,1,1,10,TextInput,TextColumn,,,,,,,,,,4f53cda18c2baa0c0354bb5f9a3ecbe5ed12ab4d8e11ba873c2f11161202b945,[],
512,50,blog,blog,"App\Models\Blog",od_link,text,Одноклассники,0,0,1,1,1,1,11,TextInput,TextColumn,,,,,,,,,,4f53cda18c2baa0c0354bb5f9a3ecbe5ed12ab4d8e11ba873c2f11161202b945,[],
1943,50,blog,blog,"App\Models\Blog",seo,rich_text_box,Seo,0,1,1,1,1,1,12,"RichEditor with explicit HTML allowlist","TextColumn(html disabled by default)",,,,,,,,,,4f53cda18c2baa0c0354bb5f9a3ecbe5ed12ab4d8e11ba873c2f11161202b945,[],"trusted-content allowlist and XSS/CSP review"
1945,50,blog,blog,"App\Models\Blog",seo_tag_all_meta_title,text,"Meta Title(тег Все)",0,1,1,1,1,1,13,TextInput,TextColumn,,,,,,,,,,4f53cda18c2baa0c0354bb5f9a3ecbe5ed12ab4d8e11ba873c2f11161202b945,[],
1946,50,blog,blog,"App\Models\Blog",seo_tag_all_meta_desc,text,"Meta Desc(тег Все)",0,1,1,1,1,1,14,TextInput,TextColumn,,,,,,,,,,4f53cda18c2baa0c0354bb5f9a3ecbe5ed12ab4d8e11ba873c2f11161202b945,[],
1944,50,blog,blog,"App\Models\Blog",seo_tag_all,rich_text_box,"Seo для тега Все",0,1,1,1,1,1,15,"RichEditor with explicit HTML allowlist","TextColumn(html disabled by default)",,,,,,,,,,4f53cda18c2baa0c0354bb5f9a3ecbe5ed12ab4d8e11ba873c2f11161202b945,[],"trusted-content allowlist and XSS/CSP review"
508,50,blog,blog,"App\Models\Blog",created_at,timestamp,"Created At",0,1,1,1,0,1,16,"DateTimePicker or read-only Placeholder",TextColumn(dateTime),,,,,,,,,,4f53cda18c2baa0c0354bb5f9a3ecbe5ed12ab4d8e11ba873c2f11161202b945,[],
509,50,blog,blog,"App\Models\Blog",updated_at,timestamp,"Updated At",0,0,0,0,0,0,17,"DateTimePicker or read-only Placeholder",TextColumn(dateTime),,,,,,,,,,4f53cda18c2baa0c0354bb5f9a3ecbe5ed12ab4d8e11ba873c2f11161202b945,[],"omit from UI unless server-side lifecycle requires it"
513,51,collage-header,collage_header,"App\Models\CollageHeader",id,text,Id,1,0,0,0,0,0,1,TextInput,TextColumn,,,,,,,,,,4f53cda18c2baa0c0354bb5f9a3ecbe5ed12ab4d8e11ba873c2f11161202b945,[],"required; omit from UI unless server-side lifecycle requires it"
514,51,collage-header,collage_header,"App\Models\CollageHeader",meta_title,text,"Мета заголовок",0,1,1,1,1,1,2,TextInput,TextColumn,,,,,,,,,,4f53cda18c2baa0c0354bb5f9a3ecbe5ed12ab4d8e11ba873c2f11161202b945,[],
1470,51,collage-header,collage_header,"App\Models\CollageHeader",meta_desc,text,"Мета описание",0,1,1,1,1,1,3,TextInput,TextColumn,,,,,,,,max:255,,d6f93a8f833374b96cf5bf1e2d34aeaa6d6baab96b489b4b3b4714dd03ba73d9,"{""validation"":{""rule"":""max:255""}}",
517,51,collage-header,collage_header,"App\Models\CollageHeader",c_right_top,text,"ФОТО КОЛЛАЖ h1",0,0,1,1,1,1,4,TextInput,TextColumn,,,,,,,,,,4f53cda18c2baa0c0354bb5f9a3ecbe5ed12ab4d8e11ba873c2f11161202b945,[],
515,51,collage-header,collage_header,"App\Models\CollageHeader",c_left1,text,"ФОТО КОЛЛАЖ h2",0,1,1,1,1,1,5,TextInput,TextColumn,,,,,,,,,,4f53cda18c2baa0c0354bb5f9a3ecbe5ed12ab4d8e11ba873c2f11161202b945,[],
516,51,collage-header,collage_header,"App\Models\CollageHeader",c_left2,text,"ВАША РАДОСТЬ МГНОВЕНИЙ h4",0,0,1,1,1,1,6,TextInput,TextColumn,,,,,,,,,,4f53cda18c2baa0c0354bb5f9a3ecbe5ed12ab4d8e11ba873c2f11161202b945,[],
546,51,collage-header,collage_header,"App\Models\CollageHeader",collage_header_hasmany_gallery_item_relationship,relationship,"Популярные товары",0,1,1,1,1,1,7,"Select/CheckboxList or RelationManager from details","TextColumn via eager-loaded relation","App\GalleryItem",gallery_items,belongsToMany,id,id,name,"gallery_items_ collage_header",,,858ad71c896750766ce600b791741188ab0c8e39916f32e95206df06e7489fd9,"{""scope"":""collage"",""model"":""App\\GalleryItem"",""table"":""gallery_items"",""type"":""belongsToMany"",""column"":""id"",""key"":""id"",""label"":""name"",""pivot_table"":""gallery_items_ collage_header"",""pivot"":""1"",""taggable"":""0""}","eager-load and scope relation; preserve null/orphan/pivot behavior"
1171,51,collage-header,collage_header,"App\Models\CollageHeader",our_works,media_picker,"Наши работы",0,1,1,1,1,1,8,"Custom ExistingPathMediaPicker","Image/File summary column",,,,,,,,,,d561c9ac700d1123ed43e7cb87066971a55d25751d21ef83306e82f98aef6be5,"{""max"":100,""min"":0,""expanded"":true,""show_folders"":true,""show_toolbar"":true,""allow_upload"":true,""allow_move"":true,""allow_delete"":true,""allow_create_folder"":true,""allow_rename"":true,""allow_crop"":true,""allowed"":[""image/jpeg"",""image/png"",""image/bmp""],""hide_thumbnails"":false,""quality"":90}","preserve existing URLs and derivatives; validate real MIME/decode/size/path"
518,51,collage-header,collage_header,"App\Models\CollageHeader",c_right1,text,"ЧТО ЭТО ТАКОЕ",0,0,1,1,1,1,9,TextInput,TextColumn,,,,,,,,,,4f53cda18c2baa0c0354bb5f9a3ecbe5ed12ab4d8e11ba873c2f11161202b945,[],
519,51,collage-header,collage_header,"App\Models\CollageHeader",c_right2,text,ТРЕБОВАНИЯ,0,0,1,1,1,1,10,TextInput,TextColumn,,,,,,,,,,4f53cda18c2baa0c0354bb5f9a3ecbe5ed12ab4d8e11ba873c2f11161202b945,[],
520,51,collage-header,collage_header,"App\Models\CollageHeader",c_right3,text,"ЦЕНЫ И РАЗМЕРЫ",0,0,1,1,1,1,11,TextInput,TextColumn,,,,,,,,,,4f53cda18c2baa0c0354bb5f9a3ecbe5ed12ab4d8e11ba873c2f11161202b945,[],
521,51,collage-header,collage_header,"App\Models\CollageHeader",c_right4,text,"НАШИ РАБОТЫ",0,0,1,1,1,1,12,TextInput,TextColumn,,,,,,,,,,4f53cda18c2baa0c0354bb5f9a3ecbe5ed12ab4d8e11ba873c2f11161202b945,[],
522,51,collage-header,collage_header,"App\Models\CollageHeader",c_right5,text,"СЕРВИС И КАЧЕСТВО",0,0,1,1,1,1,13,TextInput,TextColumn,,,,,,,,,,4f53cda18c2baa0c0354bb5f9a3ecbe5ed12ab4d8e11ba873c2f11161202b945,[],
523,51,collage-header,collage_header,"App\Models\CollageHeader",c_right6,text,"ДОСТАВКА И ВРЕМЯ",0,0,1,1,1,1,14,TextInput,TextColumn,,,,,,,,,,4f53cda18c2baa0c0354bb5f9a3ecbe5ed12ab4d8e11ba873c2f11161202b945,[],
524,51,collage-header,collage_header,"App\Models\CollageHeader",c_right1_quest_title,text,ВОПРОСЫ,0,0,1,1,1,1,15,TextInput,TextColumn,,,,,,,,,,4f53cda18c2baa0c0354bb5f9a3ecbe5ed12ab4d8e11ba873c2f11161202b945,[],
525,51,collage-header,collage_header,"App\Models\CollageHeader",c_right_order_title,text,ЗАКАЗАТЬ,0,0,1,1,1,1,16,TextInput,TextColumn,,,,,,,,,,4f53cda18c2baa0c0354bb5f9a3ecbe5ed12ab4d8e11ba873c2f11161202b945,[],
526,51,collage-header,collage_header,"App\Models\CollageHeader",be_glad_coll_title,text,"будет рада сделать для Вас фото...",0,0,1,1,1,1,17,TextInput,TextColumn,,,,,,,,,,4f53cda18c2baa0c0354bb5f9a3ecbe5ed12ab4d8e11ba873c2f11161202b945,[],
527,51,collage-header,collage_header,"App\Models\CollageHeader",be_glad_coll_sub,text,"СГЕНЕРИРУЙТЕ СВОЙ КОЛЛАЖ",0,0,1,1,1,1,18,TextInput,TextColumn,,,,,,,,,,4f53cda18c2baa0c0354bb5f9a3ecbe5ed12ab4d8e11ba873c2f11161202b945,[],
528,51,collage-header,collage_header,"App\Models\CollageHeader",goto_link_text,text,"ПЕРЕЙТИ К ГЕНЕРАТОРУ",0,0,1,1,1,1,19,TextInput,TextColumn,,,,,,,,,,4f53cda18c2baa0c0354bb5f9a3ecbe5ed12ab4d8e11ba873c2f11161202b945,[],
529,51,collage-header,collage_header,"App\Models\CollageHeader",goto_after_text,text,"* Вы можете сами выбрать расположение и формат своих фотографий.",0,0,1,1,1,1,20,TextInput,TextColumn,,,,,,,,,,4f53cda18c2baa0c0354bb5f9a3ecbe5ed12ab4d8e11ba873c2f11161202b945,[],
530,51,collage-header,collage_header,"App\Models\CollageHeader",pop_photo_title,text,"ПОПУЛЯРНЫЕ ФОТО КОЛЛАЖ",0,0,1,1,1,1,21,TextInput,TextColumn,,,,,,,,,,4f53cda18c2baa0c0354bb5f9a3ecbe5ed12ab4d8e11ba873c2f11161202b945,[],
531,51,collage-header,collage_header,"App\Models\CollageHeader",order_text_title,text,ЗАКАЗАТЬ,0,0,1,1,1,1,22,TextInput,TextColumn,,,,,,,,,,4f53cda18c2baa0c0354bb5f9a3ecbe5ed12ab4d8e11ba873c2f11161202b945,[],
532,51,collage-header,collage_header,"App\Models\CollageHeader",size_text_title,text,Размер:,0,0,1,1,1,1,23,TextInput,TextColumn,,,,,,,,,,4f53cda18c2baa0c0354bb5f9a3ecbe5ed12ab4d8e11ba873c2f11161202b945,[],
533,51,collage-header,collage_header,"App\Models\CollageHeader",price_text_title,text,Цена:,0,0,1,1,1,1,24,TextInput,TextColumn,,,,,,,,,,4f53cda18c2baa0c0354bb5f9a3ecbe5ed12ab4d8e11ba873c2f11161202b945,[],
534,51,collage-header,collage_header,"App\Models\CollageHeader",from_price_text,text,От,0,0,1,1,1,1,25,TextInput,TextColumn,,,,,,,,,,4f53cda18c2baa0c0354bb5f9a3ecbe5ed12ab4d8e11ba873c2f11161202b945,[],
535,51,collage-header,collage_header,"App\Models\CollageHeader",et_title,text,"Этапы оформления заказа",0,0,1,1,1,1,26,TextInput,TextColumn,,,,,,,,,,4f53cda18c2baa0c0354bb5f9a3ecbe5ed12ab4d8e11ba873c2f11161202b945,[],
536,51,collage-header,collage_header,"App\Models\CollageHeader",et1_text,text,Этап-1,0,0,1,1,1,1,27,TextInput,TextColumn,,,,,,,,,,4f53cda18c2baa0c0354bb5f9a3ecbe5ed12ab4d8e11ba873c2f11161202b945,[],
537,51,collage-header,collage_header,"App\Models\CollageHeader",et2_text,text,Этап-2,0,0,1,1,1,1,28,TextInput,TextColumn,,,,,,,,,,4f53cda18c2baa0c0354bb5f9a3ecbe5ed12ab4d8e11ba873c2f11161202b945,[],
538,51,collage-header,collage_header,"App\Models\CollageHeader",et3_text,text,Этап-3,0,0,1,1,1,1,29,TextInput,TextColumn,,,,,,,,,,4f53cda18c2baa0c0354bb5f9a3ecbe5ed12ab4d8e11ba873c2f11161202b945,[],
539,51,collage-header,collage_header,"App\Models\CollageHeader",et4_text,text,Этап-4,0,0,1,1,1,1,30,TextInput,TextColumn,,,,,,,,,,4f53cda18c2baa0c0354bb5f9a3ecbe5ed12ab4d8e11ba873c2f11161202b945,[],
540,51,collage-header,collage_header,"App\Models\CollageHeader",et5_text,text,Этап-5,0,0,1,1,1,1,31,TextInput,TextColumn,,,,,,,,,,4f53cda18c2baa0c0354bb5f9a3ecbe5ed12ab4d8e11ba873c2f11161202b945,[],
541,51,collage-header,collage_header,"App\Models\CollageHeader",et_left_title,text,"Заголовок слева",0,0,1,1,1,1,32,TextInput,TextColumn,,,,,,,,,,4f53cda18c2baa0c0354bb5f9a3ecbe5ed12ab4d8e11ba873c2f11161202b945,[],
542,51,collage-header,collage_header,"App\Models\CollageHeader",et_bot_text,rich_text_box,"Текст снизу",0,0,1,1,1,1,33,"RichEditor with explicit HTML allowlist","TextColumn(html disabled by default)",,,,,,,,,,4f53cda18c2baa0c0354bb5f9a3ecbe5ed12ab4d8e11ba873c2f11161202b945,[],"trusted-content allowlist and XSS/CSP review"
543,51,collage-header,collage_header,"App\Models\CollageHeader",our_w_title,text,"НАШИ РАБОТЫ",0,0,0,0,0,0,34,TextInput,TextColumn,,,,,,,,,,4f53cda18c2baa0c0354bb5f9a3ecbe5ed12ab4d8e11ba873c2f11161202b945,[],"omit from UI unless server-side lifecycle requires it"
544,51,collage-header,collage_header,"App\Models\CollageHeader",created_at,timestamp,"Created At",0,0,1,1,0,1,35,"DateTimePicker or read-only Placeholder",TextColumn(dateTime),,,,,,,,,,4f53cda18c2baa0c0354bb5f9a3ecbe5ed12ab4d8e11ba873c2f11161202b945,[],
545,51,collage-header,collage_header,"App\Models\CollageHeader",updated_at,timestamp,"Updated At",0,0,0,0,0,0,36,"DateTimePicker or read-only Placeholder",TextColumn(dateTime),,,,,,,,,,4f53cda18c2baa0c0354bb5f9a3ecbe5ed12ab4d8e11ba873c2f11161202b945,[],"omit from UI unless server-side lifecycle requires it"
629,53,modular-pics-head,modular_pics_head,"App\Models\ModularPicsHead",id,text,Id,1,0,0,0,0,0,1,TextInput,TextColumn,,,,,,,,,,4f53cda18c2baa0c0354bb5f9a3ecbe5ed12ab4d8e11ba873c2f11161202b945,[],"required; omit from UI unless server-side lifecycle requires it"
630,53,modular-pics-head,modular_pics_head,"App\Models\ModularPicsHead",meta_title,text,"Мета заголовок",0,1,1,1,1,1,2,TextInput,TextColumn,,,,,,,,,,4f53cda18c2baa0c0354bb5f9a3ecbe5ed12ab4d8e11ba873c2f11161202b945,[],
631,53,modular-pics-head,modular_pics_head,"App\Models\ModularPicsHead",meta_desc,text,"Мета описание",0,1,1,1,1,1,3,TextInput,TextColumn,,,,,,,,,,4f53cda18c2baa0c0354bb5f9a3ecbe5ed12ab4d8e11ba873c2f11161202b945,[],
632,53,modular-pics-head,modular_pics_head,"App\Models\ModularPicsHead",right1_title,text,"Заголовок слева h2",0,1,1,1,1,1,4,TextInput,TextColumn,,,,,,,,,,4f53cda18c2baa0c0354bb5f9a3ecbe5ed12ab4d8e11ba873c2f11161202b945,[],
633,53,modular-pics-head,modular_pics_head,"App\Models\ModularPicsHead",right2_title,text,"Заголовок справа h1",0,0,1,1,1,1,5,TextInput,TextColumn,,,,,,,,,,4f53cda18c2baa0c0354bb5f9a3ecbe5ed12ab4d8e11ba873c2f11161202b945,[],
766,53,modular-pics-head,modular_pics_head,"App\Models\ModularPicsHead",price,text,Цена,0,1,1,1,1,1,6,TextInput,TextColumn,,,,,,,,,,4f53cda18c2baa0c0354bb5f9a3ecbe5ed12ab4d8e11ba873c2f11161202b945,[],
774,53,modular-pics-head,modular_pics_head,"App\Models\ModularPicsHead",modular_pics_head_belongstomany_gallery_item_relationship,relationship,gallery_items,0,1,1,1,1,1,7,"Select/CheckboxList or RelationManager from details","TextColumn via eager-loaded relation","App\Models\GalleryItem",gallery_items,belongsToMany,id,id,name,gallery_items_mod_head,,,d0973af88556b64c1bec571bd7755ee858a6a8c4022e05ef3f3a3f378d29b686,"{""scope"":""module"",""model"":""App\\Models\\GalleryItem"",""table"":""gallery_items"",""type"":""belongsToMany"",""column"":""id"",""key"":""id"",""label"":""name"",""pivot_table"":""gallery_items_mod_head"",""pivot"":""1"",""taggable"":""0""}","eager-load and scope relation; preserve null/orphan/pivot behavior"
1172,53,modular-pics-head,modular_pics_head,"App\Models\ModularPicsHead",our_works,media_picker,"Наши работы",0,1,1,1,1,1,8,"Custom ExistingPathMediaPicker","Image/File summary column",,,,,,,,,,d561c9ac700d1123ed43e7cb87066971a55d25751d21ef83306e82f98aef6be5,"{""max"":100,""min"":0,""expanded"":true,""show_folders"":true,""show_toolbar"":true,""allow_upload"":true,""allow_move"":true,""allow_delete"":true,""allow_create_folder"":true,""allow_rename"":true,""allow_crop"":true,""allowed"":[""image/jpeg"",""image/png"",""image/bmp""],""hide_thumbnails"":false,""quality"":90}","preserve existing URLs and derivatives; validate real MIME/decode/size/path"
775,53,modular-pics-head,modular_pics_head,"App\Models\ModularPicsHead",pop_items_title,text,"Pop Items Title",0,0,1,1,1,1,9,TextInput,TextColumn,,,,,,,,,,4f53cda18c2baa0c0354bb5f9a3ecbe5ed12ab4d8e11ba873c2f11161202b945,[],
776,53,modular-pics-head,modular_pics_head,"App\Models\ModularPicsHead",pop_items_order_text,text,"Pop Items Order Text",0,0,1,1,1,1,10,TextInput,TextColumn,,,,,,,,,,4f53cda18c2baa0c0354bb5f9a3ecbe5ed12ab4d8e11ba873c2f11161202b945,[],
634,53,modular-pics-head,modular_pics_head,"App\Models\ModularPicsHead",created_at,timestamp,"Created At",0,0,0,0,0,0,11,"DateTimePicker or read-only Placeholder",TextColumn(dateTime),,,,,,,,,,4f53cda18c2baa0c0354bb5f9a3ecbe5ed12ab4d8e11ba873c2f11161202b945,[],"omit from UI unless server-side lifecycle requires it"
635,53,modular-pics-head,modular_pics_head,"App\Models\ModularPicsHead",updated_at,timestamp,"Updated At",0,0,0,0,0,0,12,"DateTimePicker or read-only Placeholder",TextColumn(dateTime),,,,,,,,,,4f53cda18c2baa0c0354bb5f9a3ecbe5ed12ab4d8e11ba873c2f11161202b945,[],"omit from UI unless server-side lifecycle requires it"
2265,53,modular-pics-head,modular_pics_head,"App\Models\ModularPicsHead",seo_city_title,text,"Seo Город Title",0,1,1,1,1,1,13,TextInput,TextColumn,,,,,,,,,,4f53cda18c2baa0c0354bb5f9a3ecbe5ed12ab4d8e11ba873c2f11161202b945,[],
2266,53,modular-pics-head,modular_pics_head,"App\Models\ModularPicsHead",seo_city_desc,text_area,"Seo Город Desc",0,1,1,1,1,1,14,Textarea,TextColumn(wrap),,,,,,,,,,4f53cda18c2baa0c0354bb5f9a3ecbe5ed12ab4d8e11ba873c2f11161202b945,[],
2267,53,modular-pics-head,modular_pics_head,"App\Models\ModularPicsHead",is_cities_on_page,checkbox,"Города на странице",0,1,1,1,1,1,15,"Toggle or Checkbox",IconColumn(boolean),,,,,,,,,,4f53cda18c2baa0c0354bb5f9a3ecbe5ed12ab4d8e11ba873c2f11161202b945,[],
636,54,mod-gall-page,mod_gall_page,"App\Models\ModGallPage",id,text,Id,1,0,0,0,0,0,1,TextInput,TextColumn,,,,,,,,,,4f53cda18c2baa0c0354bb5f9a3ecbe5ed12ab4d8e11ba873c2f11161202b945,[],"required; omit from UI unless server-side lifecycle requires it"
637,54,mod-gall-page,mod_gall_page,"App\Models\ModGallPage",meta_title,text,"Мета заголовок",0,1,1,1,1,1,2,TextInput,TextColumn,,,,,,,,,,4f53cda18c2baa0c0354bb5f9a3ecbe5ed12ab4d8e11ba873c2f11161202b945,[],
638,54,mod-gall-page,mod_gall_page,"App\Models\ModGallPage",meta_desc,text,"Мета описание",0,1,1,1,1,1,3,TextInput,TextColumn,,,,,,,,,,4f53cda18c2baa0c0354bb5f9a3ecbe5ed12ab4d8e11ba873c2f11161202b945,[],
661,54,mod-gall-page,mod_gall_page,"App\Models\ModGallPage",mod_gall_page_belongstomany_gallery_item_relationship,relationship,"Популярные модульные",0,1,1,1,1,1,4,"Select/CheckboxList or RelationManager from details","TextColumn via eager-loaded relation","App\Models\GalleryItem",gallery_items,belongsToMany,id,id,name,gallery_items_mod_gall_page,,,bb96a4895c6b8e62d3e60faa006972d3698e124fdbcf55c025786cdd53f4f28b,"{""scope"":""module"",""model"":""App\\Models\\GalleryItem"",""table"":""gallery_items"",""type"":""belongsToMany"",""column"":""id"",""key"":""id"",""label"":""name"",""pivot_table"":""gallery_items_mod_gall_page"",""pivot"":""1"",""taggable"":""0""}","eager-load and scope relation; preserve null/orphan/pivot behavior"
639,54,mod-gall-page,mod_gall_page,"App\Models\ModGallPage",mod_title,text,Заголовок,0,1,1,1,1,1,5,TextInput,TextColumn,,,,,,,,,,4f53cda18c2baa0c0354bb5f9a3ecbe5ed12ab4d8e11ba873c2f11161202b945,[],
640,54,mod-gall-page,mod_gall_page,"App\Models\ModGallPage",mod_subtitle,rich_text_box,Описание,0,0,1,1,1,1,6,"RichEditor with explicit HTML allowlist","TextColumn(html disabled by default)",,,,,,,,,,4f53cda18c2baa0c0354bb5f9a3ecbe5ed12ab4d8e11ba873c2f11161202b945,[],"trusted-content allowlist and XSS/CSP review"
641,54,mod-gall-page,mod_gall_page,"App\Models\ModGallPage",mod_img,image,Картинка,0,0,1,1,1,1,8,"FileUpload(image) with legacy-path adapter",ImageColumn,,,,,,,,,,4f53cda18c2baa0c0354bb5f9a3ecbe5ed12ab4d8e11ba873c2f11161202b945,[],"preserve existing URLs and derivatives; validate real MIME/decode/size/path"
642,54,mod-gall-page,mod_gall_page,"App\Models\ModGallPage",created_at,timestamp,"Created At",0,0,0,0,0,0,9,"DateTimePicker or read-only Placeholder",TextColumn(dateTime),,,,,,,,,,4f53cda18c2baa0c0354bb5f9a3ecbe5ed12ab4d8e11ba873c2f11161202b945,[],"omit from UI unless server-side lifecycle requires it"
2041,54,mod-gall-page,mod_gall_page,"App\Models\ModGallPage",mod_img_webp,image,"Mod Img Webp",0,1,1,1,1,1,9,"FileUpload(image) with legacy-path adapter",ImageColumn,,,,,,,,,,4f53cda18c2baa0c0354bb5f9a3ecbe5ed12ab4d8e11ba873c2f11161202b945,[],"preserve existing URLs and derivatives; validate real MIME/decode/size/path"
643,54,mod-gall-page,mod_gall_page,"App\Models\ModGallPage",updated_at,timestamp,"Updated At",0,0,0,0,0,0,10,"DateTimePicker or read-only Placeholder",TextColumn(dateTime),,,,,,,,,,4f53cda18c2baa0c0354bb5f9a3ecbe5ed12ab4d8e11ba873c2f11161202b945,[],"omit from UI unless server-side lifecycle requires it"
644,55,mod-photo-page,mod_photo_page,"App\Models\ModPhotoPage",id,text,Id,1,0,0,0,0,0,1,TextInput,TextColumn,,,,,,,,,,4f53cda18c2baa0c0354bb5f9a3ecbe5ed12ab4d8e11ba873c2f11161202b945,[],"required; omit from UI unless server-side lifecycle requires it"
645,55,mod-photo-page,mod_photo_page,"App\Models\ModPhotoPage",meta_title,text,"Мета заголовок",0,1,1,1,1,1,2,TextInput,TextColumn,,,,,,,,,,4f53cda18c2baa0c0354bb5f9a3ecbe5ed12ab4d8e11ba873c2f11161202b945,[],
646,55,mod-photo-page,mod_photo_page,"App\Models\ModPhotoPage",meta_desc,text,"Мета описание",0,1,1,1,1,1,3,TextInput,TextColumn,,,,,,,,,,4f53cda18c2baa0c0354bb5f9a3ecbe5ed12ab4d8e11ba873c2f11161202b945,[],
660,55,mod-photo-page,mod_photo_page,"App\Models\ModPhotoPage",mod_photo_page_belongstomany_gallery_item_relationship,relationship,"Популярные фотокартины",0,1,1,1,1,1,4,"Select/CheckboxList or RelationManager from details","TextColumn via eager-loaded relation","App\Models\GalleryItem",gallery_items,belongsToMany,id,id,name,gallery_items_mod_photo_page,,,a8f0556a436a67557af0837396822e8fd675de46399c55ac9c800dd85599f4e4,"{""scope"":""collage"",""model"":""App\\Models\\GalleryItem"",""table"":""gallery_items"",""type"":""belongsToMany"",""column"":""id"",""key"":""id"",""label"":""name"",""pivot_table"":""gallery_items_mod_photo_page"",""pivot"":""1"",""taggable"":""0""}","eager-load and scope relation; preserve null/orphan/pivot behavior"
647,55,mod-photo-page,mod_photo_page,"App\Models\ModPhotoPage",mod_title,text,Заголовок,0,1,1,1,1,1,5,TextInput,TextColumn,,,,,,,,,,4f53cda18c2baa0c0354bb5f9a3ecbe5ed12ab4d8e11ba873c2f11161202b945,[],
648,55,mod-photo-page,mod_photo_page,"App\Models\ModPhotoPage",mod_subtitle,rich_text_box,Описание,0,1,1,1,1,1,6,"RichEditor with explicit HTML allowlist","TextColumn(html disabled by default)",,,,,,,,,,4f53cda18c2baa0c0354bb5f9a3ecbe5ed12ab4d8e11ba873c2f11161202b945,[],"trusted-content allowlist and XSS/CSP review"
649,55,mod-photo-page,mod_photo_page,"App\Models\ModPhotoPage",mod_img,image,Картинка,0,1,1,1,1,1,7,"FileUpload(image) with legacy-path adapter",ImageColumn,,,,,,,,,,4f53cda18c2baa0c0354bb5f9a3ecbe5ed12ab4d8e11ba873c2f11161202b945,[],"preserve existing URLs and derivatives; validate real MIME/decode/size/path"
2042,55,mod-photo-page,mod_photo_page,"App\Models\ModPhotoPage",mod_img_webp,image,"Mod Img Webp",0,1,1,1,1,1,8,"FileUpload(image) with legacy-path adapter",ImageColumn,,,,,,,,,,4f53cda18c2baa0c0354bb5f9a3ecbe5ed12ab4d8e11ba873c2f11161202b945,[],"preserve existing URLs and derivatives; validate real MIME/decode/size/path"
650,55,mod-photo-page,mod_photo_page,"App\Models\ModPhotoPage",created_at,timestamp,"Created At",0,0,0,0,0,0,9,"DateTimePicker or read-only Placeholder",TextColumn(dateTime),,,,,,,,,,4f53cda18c2baa0c0354bb5f9a3ecbe5ed12ab4d8e11ba873c2f11161202b945,[],"omit from UI unless server-side lifecycle requires it"
651,55,mod-photo-page,mod_photo_page,"App\Models\ModPhotoPage",updated_at,timestamp,"Updated At",0,0,0,0,0,0,10,"DateTimePicker or read-only Placeholder",TextColumn(dateTime),,,,,,,,,,4f53cda18c2baa0c0354bb5f9a3ecbe5ed12ab4d8e11ba873c2f11161202b945,[],"omit from UI unless server-side lifecycle requires it"
652,57,mod-repr-page,mod_repr_page,"App\Models\ModReprPage",id,text,Id,1,0,0,0,0,0,1,TextInput,TextColumn,,,,,,,,,,4f53cda18c2baa0c0354bb5f9a3ecbe5ed12ab4d8e11ba873c2f11161202b945,[],"required; omit from UI unless server-side lifecycle requires it"
653,57,mod-repr-page,mod_repr_page,"App\Models\ModReprPage",meta_title,text,"Мета заголовок",0,1,1,1,1,1,2,TextInput,TextColumn,,,,,,,,,,4f53cda18c2baa0c0354bb5f9a3ecbe5ed12ab4d8e11ba873c2f11161202b945,[],
654,57,mod-repr-page,mod_repr_page,"App\Models\ModReprPage",meta_desc,text,"Мета описание",0,1,1,1,1,1,3,TextInput,TextColumn,,,,,,,,,,4f53cda18c2baa0c0354bb5f9a3ecbe5ed12ab4d8e11ba873c2f11161202b945,[],
662,57,mod-repr-page,mod_repr_page,"App\Models\ModReprPage",mod_repr_page_belongstomany_gallery_item_relationship,relationship,gallery_items,0,1,1,1,1,1,4,"Select/CheckboxList or RelationManager from details","TextColumn via eager-loaded relation","App\Models\GalleryItem",gallery_items,belongsToMany,id,id,name,gallery_items_mod_repr_page,,,36428287b814c723aff178392d43b61629aa45a312a49e4ecb5c12eca78c6148,"{""scope"":""repr"",""model"":""App\\Models\\GalleryItem"",""table"":""gallery_items"",""type"":""belongsToMany"",""column"":""id"",""key"":""id"",""label"":""name"",""pivot_table"":""gallery_items_mod_repr_page"",""pivot"":""1"",""taggable"":""0""}","eager-load and scope relation; preserve null/orphan/pivot behavior"
655,57,mod-repr-page,mod_repr_page,"App\Models\ModReprPage",mod_title,text,Заголовок,0,1,1,1,1,1,5,TextInput,TextColumn,,,,,,,,,,4f53cda18c2baa0c0354bb5f9a3ecbe5ed12ab4d8e11ba873c2f11161202b945,[],
656,57,mod-repr-page,mod_repr_page,"App\Models\ModReprPage",mod_subtitle,rich_text_box,Описание,0,1,1,1,1,1,6,"RichEditor with explicit HTML allowlist","TextColumn(html disabled by default)",,,,,,,,,,4f53cda18c2baa0c0354bb5f9a3ecbe5ed12ab4d8e11ba873c2f11161202b945,[],"trusted-content allowlist and XSS/CSP review"
657,57,mod-repr-page,mod_repr_page,"App\Models\ModReprPage",mod_img,image,Картинка,0,1,1,1,1,1,7,"FileUpload(image) with legacy-path adapter",ImageColumn,,,,,,,,,,4f53cda18c2baa0c0354bb5f9a3ecbe5ed12ab4d8e11ba873c2f11161202b945,[],"preserve existing URLs and derivatives; validate real MIME/decode/size/path"
2043,57,mod-repr-page,mod_repr_page,"App\Models\ModReprPage",mod_img_webp,image,"Mod Img Webp",0,1,1,1,1,1,8,"FileUpload(image) with legacy-path adapter",ImageColumn,,,,,,,,,,4f53cda18c2baa0c0354bb5f9a3ecbe5ed12ab4d8e11ba873c2f11161202b945,[],"preserve existing URLs and derivatives; validate real MIME/decode/size/path"
658,57,mod-repr-page,mod_repr_page,"App\Models\ModReprPage",created_at,timestamp,"Created At",0,0,0,0,0,0,9,"DateTimePicker or read-only Placeholder",TextColumn(dateTime),,,,,,,,,,4f53cda18c2baa0c0354bb5f9a3ecbe5ed12ab4d8e11ba873c2f11161202b945,[],"omit from UI unless server-side lifecycle requires it"
659,57,mod-repr-page,mod_repr_page,"App\Models\ModReprPage",updated_at,timestamp,"Updated At",0,0,0,0,0,0,10,"DateTimePicker or read-only Placeholder",TextColumn(dateTime),,,,,,,,,,4f53cda18c2baa0c0354bb5f9a3ecbe5ed12ab4d8e11ba873c2f11161202b945,[],"omit from UI unless server-side lifecycle requires it"
663,60,gall-globs,gall_globs,"App\Models\GallGlobs",id,text,Id,1,0,0,0,0,0,1,TextInput,TextColumn,,,,,,,,,,4f53cda18c2baa0c0354bb5f9a3ecbe5ed12ab4d8e11ba873c2f11161202b945,[],"required; omit from UI unless server-side lifecycle requires it"
665,60,gall-globs,gall_globs,"App\Models\GallGlobs",size_title,text,Размер,0,1,1,1,1,1,2,TextInput,TextColumn,,,,,,,,,,4f53cda18c2baa0c0354bb5f9a3ecbe5ed12ab4d8e11ba873c2f11161202b945,[],
666,60,gall-globs,gall_globs,"App\Models\GallGlobs",price_text,text,Цена,0,1,1,1,1,1,3,TextInput,TextColumn,,,,,,,,,,4f53cda18c2baa0c0354bb5f9a3ecbe5ed12ab4d8e11ba873c2f11161202b945,[],
667,60,gall-globs,gall_globs,"App\Models\GallGlobs",price_from_text,text,"Цена от",0,1,1,1,1,1,4,TextInput,TextColumn,,,,,,,,,,4f53cda18c2baa0c0354bb5f9a3ecbe5ed12ab4d8e11ba873c2f11161202b945,[],
668,60,gall-globs,gall_globs,"App\Models\GallGlobs",order_text,text,Заказать,0,0,1,1,1,1,5,TextInput,TextColumn,,,,,,,,,,4f53cda18c2baa0c0354bb5f9a3ecbe5ed12ab4d8e11ba873c2f11161202b945,[],
670,60,gall-globs,gall_globs,"App\Models\GallGlobs",all_cat_arts_title,text,"Картины всех разделов",0,1,1,1,1,1,6,TextInput,TextColumn,,,,,,,,,,4f53cda18c2baa0c0354bb5f9a3ecbe5ed12ab4d8e11ba873c2f11161202b945,[],
664,60,gall-globs,gall_globs,"App\Models\GallGlobs",pop_modc_title,text,"Популярные модульные",0,0,1,1,1,1,7,TextInput,TextColumn,,,,,,,,,,4f53cda18c2baa0c0354bb5f9a3ecbe5ed12ab4d8e11ba873c2f11161202b945,[],
669,60,gall-globs,gall_globs,"App\Models\GallGlobs",rec_modc_title,text,"Рекомендуемыые модульные",0,0,1,1,1,1,8,TextInput,TextColumn,,,,,,,,,,4f53cda18c2baa0c0354bb5f9a3ecbe5ed12ab4d8e11ba873c2f11161202b945,[],
673,60,gall-globs,gall_globs,"App\Models\GallGlobs",pop_photoc_title,text,"Популярные фото картины",0,0,1,1,1,1,9,TextInput,TextColumn,,,,,,,,,,4f53cda18c2baa0c0354bb5f9a3ecbe5ed12ab4d8e11ba873c2f11161202b945,[],
674,60,gall-globs,gall_globs,"App\Models\GallGlobs",rec_photoc_title,text,"Рекомендуемые фото картины",0,0,1,1,1,1,10,TextInput,TextColumn,,,,,,,,,,4f53cda18c2baa0c0354bb5f9a3ecbe5ed12ab4d8e11ba873c2f11161202b945,[],
675,60,gall-globs,gall_globs,"App\Models\GallGlobs",pop_reprc_title,text,"Популярное репродукция",0,0,1,1,1,1,11,TextInput,TextColumn,,,,,,,,,,4f53cda18c2baa0c0354bb5f9a3ecbe5ed12ab4d8e11ba873c2f11161202b945,[],
676,60,gall-globs,gall_globs,"App\Models\GallGlobs",rec_reprc_title,text,"Рекомендуемое репродукция",0,0,1,1,1,1,12,TextInput,TextColumn,,,,,,,,,,4f53cda18c2baa0c0354bb5f9a3ecbe5ed12ab4d8e11ba873c2f11161202b945,[],
671,60,gall-globs,gall_globs,"App\Models\GallGlobs",created_at,timestamp,"Created At",0,0,1,1,0,1,13,"DateTimePicker or read-only Placeholder",TextColumn(dateTime),,,,,,,,,,4f53cda18c2baa0c0354bb5f9a3ecbe5ed12ab4d8e11ba873c2f11161202b945,[],
672,60,gall-globs,gall_globs,"App\Models\GallGlobs",updated_at,timestamp,"Updated At",0,0,0,0,0,0,14,"DateTimePicker or read-only Placeholder",TextColumn(dateTime),,,,,,,,,,4f53cda18c2baa0c0354bb5f9a3ecbe5ed12ab4d8e11ba873c2f11161202b945,[],"omit from UI unless server-side lifecycle requires it"
678,61,gallery_filters_page,gallery_filters_page,"App\Models\GalleryFiltersPage",id,text,Id,1,0,0,0,0,0,1,TextInput,TextColumn,,,,,,,,,,4f53cda18c2baa0c0354bb5f9a3ecbe5ed12ab4d8e11ba873c2f11161202b945,[],"required; omit from UI unless server-side lifecycle requires it"
679,61,gallery_filters_page,gallery_filters_page,"App\Models\GalleryFiltersPage",sub_cats_title,text,ПОДКАТЕГОРИИ:,0,1,1,1,1,1,2,TextInput,TextColumn,,,,,,,,,,4f53cda18c2baa0c0354bb5f9a3ecbe5ed12ab4d8e11ba873c2f11161202b945,[],
680,61,gallery_filters_page,gallery_filters_page,"App\Models\GalleryFiltersPage",holl_type,text,"ТИП ПОМЕЩЕНИЯ:",0,1,1,1,1,1,3,TextInput,TextColumn,,,,,,,,,,4f53cda18c2baa0c0354bb5f9a3ecbe5ed12ab4d8e11ba873c2f11161202b945,[],
681,61,gallery_filters_page,gallery_filters_page,"App\Models\GalleryFiltersPage",color_select,text,"ПОДБОР ПО ЦВЕТУ:",0,1,1,1,1,1,4,TextInput,TextColumn,,,,,,,,,,4f53cda18c2baa0c0354bb5f9a3ecbe5ed12ab4d8e11ba873c2f11161202b945,[],
682,61,gallery_filters_page,gallery_filters_page,"App\Models\GalleryFiltersPage",find_btn_text,text,"кн. Найти",0,1,1,1,1,1,5,TextInput,TextColumn,,,,,,,,,,4f53cda18c2baa0c0354bb5f9a3ecbe5ed12ab4d8e11ba873c2f11161202b945,[],
683,61,gallery_filters_page,gallery_filters_page,"App\Models\GalleryFiltersPage",art_jenre_text,text,"Жанр: ",0,1,1,1,1,1,6,TextInput,TextColumn,,,,,,,,,,4f53cda18c2baa0c0354bb5f9a3ecbe5ed12ab4d8e11ba873c2f11161202b945,[],
684,61,gallery_filters_page,gallery_filters_page,"App\Models\GalleryFiltersPage",art_style_text,text,"Стиль: ",0,1,1,1,1,1,7,TextInput,TextColumn,,,,,,,,,,4f53cda18c2baa0c0354bb5f9a3ecbe5ed12ab4d8e11ba873c2f11161202b945,[],
685,61,gallery_filters_page,gallery_filters_page,"App\Models\GalleryFiltersPage",art_size_text,text,Размер:,0,0,1,1,1,1,8,TextInput,TextColumn,,,,,,,,,,4f53cda18c2baa0c0354bb5f9a3ecbe5ed12ab4d8e11ba873c2f11161202b945,[],
686,61,gallery_filters_page,gallery_filters_page,"App\Models\GalleryFiltersPage",art_price_text,text,Цена:,0,0,1,1,1,1,9,TextInput,TextColumn,,,,,,,,,,4f53cda18c2baa0c0354bb5f9a3ecbe5ed12ab4d8e11ba873c2f11161202b945,[],
687,61,gallery_filters_page,gallery_filters_page,"App\Models\GalleryFiltersPage",art_price_from_text,text,"От ",0,0,1,1,1,1,10,TextInput,TextColumn,,,,,,,,,,4f53cda18c2baa0c0354bb5f9a3ecbe5ed12ab4d8e11ba873c2f11161202b945,[],
688,61,gallery_filters_page,gallery_filters_page,"App\Models\GalleryFiltersPage",art_order_text,text,"ЗАКАЗАТЬ ",0,0,1,1,1,1,11,TextInput,TextColumn,,,,,,,,,,4f53cda18c2baa0c0354bb5f9a3ecbe5ed12ab4d8e11ba873c2f11161202b945,[],
689,61,gallery_filters_page,gallery_filters_page,"App\Models\GalleryFiltersPage",popular_text,text,Популярные,0,0,1,1,1,1,12,TextInput,TextColumn,,,,,,,,,,4f53cda18c2baa0c0354bb5f9a3ecbe5ed12ab4d8e11ba873c2f11161202b945,[],
690,61,gallery_filters_page,gallery_filters_page,"App\Models\GalleryFiltersPage",recomm_text,text,Рекомендуемые,0,0,1,1,1,1,13,TextInput,TextColumn,,,,,,,,,,4f53cda18c2baa0c0354bb5f9a3ecbe5ed12ab4d8e11ba873c2f11161202b945,[],
691,61,gallery_filters_page,gallery_filters_page,"App\Models\GalleryFiltersPage",all_cats_arts_text,text,"Картины всех разделов",0,0,1,1,1,1,14,TextInput,TextColumn,,,,,,,,,,4f53cda18c2baa0c0354bb5f9a3ecbe5ed12ab4d8e11ba873c2f11161202b945,[],
692,61,gallery_filters_page,gallery_filters_page,"App\Models\GalleryFiltersPage",created_at,timestamp,"Created At",0,1,1,1,0,1,15,"DateTimePicker or read-only Placeholder",TextColumn(dateTime),,,,,,,,,,4f53cda18c2baa0c0354bb5f9a3ecbe5ed12ab4d8e11ba873c2f11161202b945,[],
693,61,gallery_filters_page,gallery_filters_page,"App\Models\GalleryFiltersPage",updated_at,timestamp,"Updated At",0,0,0,0,0,0,16,"DateTimePicker or read-only Placeholder",TextColumn(dateTime),,,,,,,,,,4f53cda18c2baa0c0354bb5f9a3ecbe5ed12ab4d8e11ba873c2f11161202b945,[],"omit from UI unless server-side lifecycle requires it"
694,62,graph-por-styl-page,graph_por_styl_page,"App\Models\GraphPorStylPage",id,text,Id,1,0,0,0,0,0,1,TextInput,TextColumn,,,,,,,,,,4f53cda18c2baa0c0354bb5f9a3ecbe5ed12ab4d8e11ba873c2f11161202b945,[],"required; omit from UI unless server-side lifecycle requires it"
695,62,graph-por-styl-page,graph_por_styl_page,"App\Models\GraphPorStylPage",meta_title,text,"Мета заголовок",0,1,1,1,1,1,2,TextInput,TextColumn,,,,,,,,,,4f53cda18c2baa0c0354bb5f9a3ecbe5ed12ab4d8e11ba873c2f11161202b945,[],
696,62,graph-por-styl-page,graph_por_styl_page,"App\Models\GraphPorStylPage",meta_desc,text,"Мета описание",0,1,1,1,1,1,3,TextInput,TextColumn,,,,,,,,,,4f53cda18c2baa0c0354bb5f9a3ecbe5ed12ab4d8e11ba873c2f11161202b945,[],
831,62,graph-por-styl-page,graph_por_styl_page,"App\Models\GraphPorStylPage",sharj_link1,text,"ПОРТРЕТЫ ШАРЖ ссылка",0,0,1,1,1,1,4,TextInput,TextColumn,,,,,,,,,,4f53cda18c2baa0c0354bb5f9a3ecbe5ed12ab4d8e11ba873c2f11161202b945,[],
832,62,graph-por-styl-page,graph_por_styl_page,"App\Models\GraphPorStylPage",sharj_link2,text,"ГРУППОВЫЕ ОБРАЗЫ ссылка",0,0,1,1,1,1,5,TextInput,TextColumn,,,,,,,,,,4f53cda18c2baa0c0354bb5f9a3ecbe5ed12ab4d8e11ba873c2f11161202b945,[],
697,62,graph-por-styl-page,graph_por_styl_page,"App\Models\GraphPorStylPage",title,text,Заголовок,0,1,1,1,1,1,6,TextInput,TextColumn,,,,,,,,,,4f53cda18c2baa0c0354bb5f9a3ecbe5ed12ab4d8e11ba873c2f11161202b945,[],
698,62,graph-por-styl-page,graph_por_styl_page,"App\Models\GraphPorStylPage",sub_title,text,Подзаголовок,0,0,1,1,1,1,7,TextInput,TextColumn,,,,,,,,,,4f53cda18c2baa0c0354bb5f9a3ecbe5ed12ab4d8e11ba873c2f11161202b945,[],
699,62,graph-por-styl-page,graph_por_styl_page,"App\Models\GraphPorStylPage",style_title,text,Стиль,0,0,1,1,1,1,8,TextInput,TextColumn,,,,,,,,,,4f53cda18c2baa0c0354bb5f9a3ecbe5ed12ab4d8e11ba873c2f11161202b945,[],
1491,62,graph-por-styl-page,graph_por_styl_page,"App\Models\GraphPorStylPage",style_sub_text,rich_text_box,"Текст по стилем",0,1,1,1,1,1,9,"RichEditor with explicit HTML allowlist","TextColumn(html disabled by default)",,,,,,,,,,4f53cda18c2baa0c0354bb5f9a3ecbe5ed12ab4d8e11ba873c2f11161202b945,[],"trusted-content allowlist and XSS/CSP review"
700,62,graph-por-styl-page,graph_por_styl_page,"App\Models\GraphPorStylPage",gift_card_title,text,"Под. карта",0,0,1,1,1,1,10,TextInput,TextColumn,,,,,,,,,,4f53cda18c2baa0c0354bb5f9a3ecbe5ed12ab4d8e11ba873c2f11161202b945,[],
701,62,graph-por-styl-page,graph_por_styl_page,"App\Models\GraphPorStylPage",gift_card_text,text,"По. карта текст",0,0,1,1,1,1,11,TextInput,TextColumn,,,,,,,,,,4f53cda18c2baa0c0354bb5f9a3ecbe5ed12ab4d8e11ba873c2f11161202b945,[],
702,62,graph-por-styl-page,graph_por_styl_page,"App\Models\GraphPorStylPage",gift_card_order_text,text,"Под. карта заказать",0,0,1,1,1,1,12,TextInput,TextColumn,,,,,,,,,,4f53cda18c2baa0c0354bb5f9a3ecbe5ed12ab4d8e11ba873c2f11161202b945,[],
703,62,graph-por-styl-page,graph_por_styl_page,"App\Models\GraphPorStylPage",type,select_dropdown,"Тип страницы",0,1,1,1,1,1,13,"Select with explicit options",TextColumn/badge,,,,,,,,,"{""graph_port"":""Граф. портрет"",""styl"":""Стилизацияt""}",d962e07cfc97c35f1e2da1db67686fb9de82574a816c26e03ce61ceef853b85d,"{""default"":""graph_port"",""options"":{""graph_port"":""Граф. портрет"",""styl"":""Стилизацияt""}}",
721,62,graph-por-styl-page,graph_por_styl_page,"App\Models\GraphPorStylPage",price_text,text,"Price Text",0,0,1,1,1,1,14,TextInput,TextColumn,,,,,,,,,,4f53cda18c2baa0c0354bb5f9a3ecbe5ed12ab4d8e11ba873c2f11161202b945,[],
720,62,graph-por-styl-page,graph_por_styl_page,"App\Models\GraphPorStylPage",read_more,text,"Читать далее",0,0,1,1,1,1,15,TextInput,TextColumn,,,,,,,,,,4f53cda18c2baa0c0354bb5f9a3ecbe5ed12ab4d8e11ba873c2f11161202b945,[],
722,62,graph-por-styl-page,graph_por_styl_page,"App\Models\GraphPorStylPage",from_text,text,"From Text",0,0,1,1,1,1,16,TextInput,TextColumn,,,,,,,,,,4f53cda18c2baa0c0354bb5f9a3ecbe5ed12ab4d8e11ba873c2f11161202b945,[],
786,62,graph-por-styl-page,graph_por_styl_page,"App\Models\GraphPorStylPage",photo_req_title,text,"ВОТ НЕСКОЛЬКО ТРЕБОВАНИЙ К КАЧЕСТВУ ФОТОГРАФИИ:",0,0,1,1,1,1,17,TextInput,TextColumn,,,,,,,,,,4f53cda18c2baa0c0354bb5f9a3ecbe5ed12ab4d8e11ba873c2f11161202b945,[],
790,62,graph-por-styl-page,graph_por_styl_page,"App\Models\GraphPorStylPage",photo_req_title2,text,Подзаголовок,0,0,1,1,1,1,18,TextInput,TextColumn,,,,,,,,,,4f53cda18c2baa0c0354bb5f9a3ecbe5ed12ab4d8e11ba873c2f11161202b945,[],
787,62,graph-por-styl-page,graph_por_styl_page,"App\Models\GraphPorStylPage",photo_req_text1,rich_text_box,Текст-1,0,0,1,1,1,1,19,"RichEditor with explicit HTML allowlist","TextColumn(html disabled by default)",,,,,,,,,,4f53cda18c2baa0c0354bb5f9a3ecbe5ed12ab4d8e11ba873c2f11161202b945,[],"trusted-content allowlist and XSS/CSP review"
788,62,graph-por-styl-page,graph_por_styl_page,"App\Models\GraphPorStylPage",photo_req_text2,rich_text_box,Текст-2,0,0,1,1,1,1,20,"RichEditor with explicit HTML allowlist","TextColumn(html disabled by default)",,,,,,,,,,4f53cda18c2baa0c0354bb5f9a3ecbe5ed12ab4d8e11ba873c2f11161202b945,[],"trusted-content allowlist and XSS/CSP review"
789,62,graph-por-styl-page,graph_por_styl_page,"App\Models\GraphPorStylPage",photo_req_text3,rich_text_box,Текст-3,0,0,1,1,1,1,21,"RichEditor with explicit HTML allowlist","TextColumn(html disabled by default)",,,,,,,,,,4f53cda18c2baa0c0354bb5f9a3ecbe5ed12ab4d8e11ba873c2f11161202b945,[],"trusted-content allowlist and XSS/CSP review"
791,62,graph-por-styl-page,graph_por_styl_page,"App\Models\GraphPorStylPage",photo_req_text4,rich_text_box,Текст-4,0,0,1,1,1,1,22,"RichEditor with explicit HTML allowlist","TextColumn(html disabled by default)",,,,,,,,,,4f53cda18c2baa0c0354bb5f9a3ecbe5ed12ab4d8e11ba873c2f11161202b945,[],"trusted-content allowlist and XSS/CSP review"
792,62,graph-por-styl-page,graph_por_styl_page,"App\Models\GraphPorStylPage",photo_req_text5,rich_text_box,Текст-5,0,0,1,1,1,1,23,"RichEditor with explicit HTML allowlist","TextColumn(html disabled by default)",,,,,,,,,,4f53cda18c2baa0c0354bb5f9a3ecbe5ed12ab4d8e11ba873c2f11161202b945,[],"trusted-content allowlist and XSS/CSP review"
704,62,graph-por-styl-page,graph_por_styl_page,"App\Models\GraphPorStylPage",created_at,timestamp,"Created At",0,1,1,1,0,1,24,"DateTimePicker or read-only Placeholder",TextColumn(dateTime),,,,,,,,,,4f53cda18c2baa0c0354bb5f9a3ecbe5ed12ab4d8e11ba873c2f11161202b945,[],
705,62,graph-por-styl-page,graph_por_styl_page,"App\Models\GraphPorStylPage",updated_at,timestamp,"Updated At",0,0,0,0,0,0,25,"DateTimePicker or read-only Placeholder",TextColumn(dateTime),,,,,,,,,,4f53cda18c2baa0c0354bb5f9a3ecbe5ed12ab4d8e11ba873c2f11161202b945,[],"omit from UI unless server-side lifecycle requires it"
800,62,graph-por-styl-page,graph_por_styl_page,"App\Models\GraphPorStylPage",price_size_after_form_list,text,"Цена/размер после списка",0,0,1,1,1,1,26,TextInput,TextColumn,,,,,,,,,,4f53cda18c2baa0c0354bb5f9a3ecbe5ed12ab4d8e11ba873c2f11161202b945,[],
801,62,graph-por-styl-page,graph_por_styl_page,"App\Models\GraphPorStylPage",img_part_title,text,"Заголовок часть картинки",0,0,1,1,1,1,27,TextInput,TextColumn,,,,,,,,,,4f53cda18c2baa0c0354bb5f9a3ecbe5ed12ab4d8e11ba873c2f11161202b945,[],
802,62,graph-por-styl-page,graph_por_styl_page,"App\Models\GraphPorStylPage",img_part_text1,rich_text_box,"Текст часть картинки",0,0,1,1,1,1,28,"RichEditor with explicit HTML allowlist","TextColumn(html disabled by default)",,,,,,,,,,4f53cda18c2baa0c0354bb5f9a3ecbe5ed12ab4d8e11ba873c2f11161202b945,[],"trusted-content allowlist and XSS/CSP review"
803,62,graph-por-styl-page,graph_por_styl_page,"App\Models\GraphPorStylPage",img_part_text2,rich_text_box,"Текст часть картинки-2",0,0,1,1,1,1,29,"RichEditor with explicit HTML allowlist","TextColumn(html disabled by default)",,,,,,,,,,4f53cda18c2baa0c0354bb5f9a3ecbe5ed12ab4d8e11ba873c2f11161202b945,[],"trusted-content allowlist and XSS/CSP review"
804,62,graph-por-styl-page,graph_por_styl_page,"App\Models\GraphPorStylPage",img_part_text3,rich_text_box,"Текст часть картинки-3",0,0,1,1,1,1,30,"RichEditor with explicit HTML allowlist","TextColumn(html disabled by default)",,,,,,,,,,4f53cda18c2baa0c0354bb5f9a3ecbe5ed12ab4d8e11ba873c2f11161202b945,[],"trusted-content allowlist and XSS/CSP review"
805,62,graph-por-styl-page,graph_por_styl_page,"App\Models\GraphPorStylPage",img_part_text4,rich_text_box,"Текст часть картинки-4",0,0,1,1,1,1,31,"RichEditor with explicit HTML allowlist","TextColumn(html disabled by default)",,,,,,,,,,4f53cda18c2baa0c0354bb5f9a3ecbe5ed12ab4d8e11ba873c2f11161202b945,[],"trusted-content allowlist and XSS/CSP review"
806,62,graph-por-styl-page,graph_por_styl_page,"App\Models\GraphPorStylPage",img_part_text5,rich_text_box,"Текст часть картинки-5",0,0,1,1,1,1,32,"RichEditor with explicit HTML allowlist","TextColumn(html disabled by default)",,,,,,,,,,4f53cda18c2baa0c0354bb5f9a3ecbe5ed12ab4d8e11ba873c2f11161202b945,[],"trusted-content allowlist and XSS/CSP review"
807,62,graph-por-styl-page,graph_por_styl_page,"App\Models\GraphPorStylPage",img_qual_title,text,"Качество - заголовок",0,0,1,1,1,1,33,TextInput,TextColumn,,,,,,,,,,4f53cda18c2baa0c0354bb5f9a3ecbe5ed12ab4d8e11ba873c2f11161202b945,[],
808,62,graph-por-styl-page,graph_por_styl_page,"App\Models\GraphPorStylPage",img_qual_text1,rich_text_box,"Качество-1 текст",0,0,1,1,1,1,34,"RichEditor with explicit HTML allowlist","TextColumn(html disabled by default)",,,,,,,,,,4f53cda18c2baa0c0354bb5f9a3ecbe5ed12ab4d8e11ba873c2f11161202b945,[],"trusted-content allowlist and XSS/CSP review"
809,62,graph-por-styl-page,graph_por_styl_page,"App\Models\GraphPorStylPage",img_qual_text2,rich_text_box,"Качество-2 текст",0,0,1,1,1,1,35,"RichEditor with explicit HTML allowlist","TextColumn(html disabled by default)",,,,,,,,,,4f53cda18c2baa0c0354bb5f9a3ecbe5ed12ab4d8e11ba873c2f11161202b945,[],"trusted-content allowlist and XSS/CSP review"
810,62,graph-por-styl-page,graph_por_styl_page,"App\Models\GraphPorStylPage",img_qual_text3,rich_text_box,"Качество-3 текст",0,0,1,1,1,1,36,"RichEditor with explicit HTML allowlist","TextColumn(html disabled by default)",,,,,,,,,,4f53cda18c2baa0c0354bb5f9a3ecbe5ed12ab4d8e11ba873c2f11161202b945,[],"trusted-content allowlist and XSS/CSP review"
811,62,graph-por-styl-page,graph_por_styl_page,"App\Models\GraphPorStylPage",img_qual_text4,rich_text_box,"Качество-3 текс4",0,0,1,1,1,1,37,"RichEditor with explicit HTML allowlist","TextColumn(html disabled by default)",,,,,,,,,,4f53cda18c2baa0c0354bb5f9a3ecbe5ed12ab4d8e11ba873c2f11161202b945,[],"trusted-content allowlist and XSS/CSP review"
812,62,graph-por-styl-page,graph_por_styl_page,"App\Models\GraphPorStylPage",img_qual_bot_title,text,"Качество заголовок снизу",0,0,1,1,1,1,38,TextInput,TextColumn,,,,,,,,,,4f53cda18c2baa0c0354bb5f9a3ecbe5ed12ab4d8e11ba873c2f11161202b945,[],
813,62,graph-por-styl-page,graph_por_styl_page,"App\Models\GraphPorStylPage",img_qual_order_text,text,"Качество заказать текст",0,0,1,1,1,1,39,TextInput,TextColumn,,,,,,,,,,4f53cda18c2baa0c0354bb5f9a3ecbe5ed12ab4d8e11ba873c2f11161202b945,[],
723,64,oil-header,oil_header,"App\Models\OilHeader",id,text,Id,1,0,0,0,0,0,1,TextInput,TextColumn,,,,,,,,,,4f53cda18c2baa0c0354bb5f9a3ecbe5ed12ab4d8e11ba873c2f11161202b945,[],"required; omit from UI unless server-side lifecycle requires it"
724,64,oil-header,oil_header,"App\Models\OilHeader",meta_title,text,"Мета заголовок",0,1,1,1,1,1,2,TextInput,TextColumn,,,,,,,,,,4f53cda18c2baa0c0354bb5f9a3ecbe5ed12ab4d8e11ba873c2f11161202b945,[],
725,64,oil-header,oil_header,"App\Models\OilHeader",meta_desc,text,"Мета описание",0,1,1,1,1,1,3,TextInput,TextColumn,,,,,,,,,,4f53cda18c2baa0c0354bb5f9a3ecbe5ed12ab4d8e11ba873c2f11161202b945,[],
728,64,oil-header,oil_header,"App\Models\OilHeader",right_title,text,"Заголовок справа h1",0,0,1,1,1,1,4,TextInput,TextColumn,,,,,,,,,,4f53cda18c2baa0c0354bb5f9a3ecbe5ed12ab4d8e11ba873c2f11161202b945,[],
726,64,oil-header,oil_header,"App\Models\OilHeader",left_title,text,"Заголовок слева h2",0,0,1,1,1,1,5,TextInput,TextColumn,,,,,,,,,,4f53cda18c2baa0c0354bb5f9a3ecbe5ed12ab4d8e11ba873c2f11161202b945,[],
1317,64,oil-header,oil_header,"App\Models\OilHeader",our_works,media_picker,"Наши работы",0,1,1,1,1,1,6,"Custom ExistingPathMediaPicker","Image/File summary column",,,,,,,,,,d561c9ac700d1123ed43e7cb87066971a55d25751d21ef83306e82f98aef6be5,"{""max"":100,""min"":0,""expanded"":true,""show_folders"":true,""show_toolbar"":true,""allow_upload"":true,""allow_move"":true,""allow_delete"":true,""allow_create_folder"":true,""allow_rename"":true,""allow_crop"":true,""allowed"":[""image/jpeg"",""image/png"",""image/bmp""],""hide_thumbnails"":false,""quality"":90}","preserve existing URLs and derivatives; validate real MIME/decode/size/path"
1318,64,oil-header,oil_header,"App\Models\OilHeader",images,media_picker,Картинки,0,1,1,1,1,1,7,"Custom ExistingPathMediaPicker","Image/File summary column",,,,,,,,,,d561c9ac700d1123ed43e7cb87066971a55d25751d21ef83306e82f98aef6be5,"{""max"":100,""min"":0,""expanded"":true,""show_folders"":true,""show_toolbar"":true,""allow_upload"":true,""allow_move"":true,""allow_delete"":true,""allow_create_folder"":true,""allow_rename"":true,""allow_crop"":true,""allowed"":[""image/jpeg"",""image/png"",""image/bmp""],""hide_thumbnails"":false,""quality"":90}","preserve existing URLs and derivatives; validate real MIME/decode/size/path"
1292,64,oil-header,oil_header,"App\Models\OilHeader",oil_sizes_calc_form1,text,"Размеры/цены форма-1",0,0,1,1,1,1,8,TextInput,TextColumn,,,,,,,,,,4f53cda18c2baa0c0354bb5f9a3ecbe5ed12ab4d8e11ba873c2f11161202b945,[],
1293,64,oil-header,oil_header,"App\Models\OilHeader",oil_sizes_calc_form2,text,"Размеры/цены форма-2",0,0,1,1,1,1,9,TextInput,TextColumn,,,,,,,,,,4f53cda18c2baa0c0354bb5f9a3ecbe5ed12ab4d8e11ba873c2f11161202b945,[],
1294,64,oil-header,oil_header,"App\Models\OilHeader",oil_sizes_calc_form3,text,"Размеры/цены форма-3",0,0,1,1,1,1,10,TextInput,TextColumn,,,,,,,,,,4f53cda18c2baa0c0354bb5f9a3ecbe5ed12ab4d8e11ba873c2f11161202b945,[],
920,64,oil-header,oil_header,"App\Models\OilHeader",custom_users_prices,text,"К-во[цена] 1[5],2[10],3[20]",0,0,1,1,1,1,11,TextInput,TextColumn,,,,,,,,,,4f53cda18c2baa0c0354bb5f9a3ecbe5ed12ab4d8e11ba873c2f11161202b945,[],
974,64,oil-header,oil_header,"App\Models\OilHeader",sizes_cals,text,"Цены и размеры для наших работ 30x40[10],40x60[30]...",0,0,1,1,1,1,12,TextInput,TextColumn,,,,,,,,,,4f53cda18c2baa0c0354bb5f9a3ecbe5ed12ab4d8e11ba873c2f11161202b945,[],
727,64,oil-header,oil_header,"App\Models\OilHeader",left_subtitle,text,"Подзаголовок слева",0,0,1,1,1,1,13,TextInput,TextColumn,,,,,,,,,,4f53cda18c2baa0c0354bb5f9a3ecbe5ed12ab4d8e11ba873c2f11161202b945,[],
729,64,oil-header,oil_header,"App\Models\OilHeader",t1_title,text,"Что это",0,0,1,1,1,1,14,TextInput,TextColumn,,,,,,,,,,4f53cda18c2baa0c0354bb5f9a3ecbe5ed12ab4d8e11ba873c2f11161202b945,[],
730,64,oil-header,oil_header,"App\Models\OilHeader",t2_title,text,Требования,0,0,1,1,1,1,15,TextInput,TextColumn,,,,,,,,,,4f53cda18c2baa0c0354bb5f9a3ecbe5ed12ab4d8e11ba873c2f11161202b945,[],
731,64,oil-header,oil_header,"App\Models\OilHeader",t3_title,text,"Цены и размер",0,0,1,1,1,1,16,TextInput,TextColumn,,,,,,,,,,4f53cda18c2baa0c0354bb5f9a3ecbe5ed12ab4d8e11ba873c2f11161202b945,[],
732,64,oil-header,oil_header,"App\Models\OilHeader",t4_title,text,"Наши работы",0,0,1,1,1,1,17,TextInput,TextColumn,,,,,,,,,,4f53cda18c2baa0c0354bb5f9a3ecbe5ed12ab4d8e11ba873c2f11161202b945,[],
733,64,oil-header,oil_header,"App\Models\OilHeader",t5_title,text,"Сервис и к-во",0,0,1,1,1,1,18,TextInput,TextColumn,,,,,,,,,,4f53cda18c2baa0c0354bb5f9a3ecbe5ed12ab4d8e11ba873c2f11161202b945,[],
734,64,oil-header,oil_header,"App\Models\OilHeader",t6_title,text,"Доставка и время",0,0,1,1,1,1,19,TextInput,TextColumn,,,,,,,,,,4f53cda18c2baa0c0354bb5f9a3ecbe5ed12ab4d8e11ba873c2f11161202b945,[],
735,64,oil-header,oil_header,"App\Models\OilHeader",quest_title,text,Вопросы:,0,0,1,1,1,1,20,TextInput,TextColumn,,,,,,,,,,4f53cda18c2baa0c0354bb5f9a3ecbe5ed12ab4d8e11ba873c2f11161202b945,[],
736,64,oil-header,oil_header,"App\Models\OilHeader",order_title,text,Заказать,0,0,1,1,1,1,21,TextInput,TextColumn,,,,,,,,,,4f53cda18c2baa0c0354bb5f9a3ecbe5ed12ab4d8e11ba873c2f11161202b945,[],
895,64,oil-header,oil_header,"App\Models\OilHeader",what_is,text,"Что такое",0,0,1,1,1,1,22,TextInput,TextColumn,,,,,,,,,,4f53cda18c2baa0c0354bb5f9a3ecbe5ed12ab4d8e11ba873c2f11161202b945,[],
910,64,oil-header,oil_header,"App\Models\OilHeader",port_diff_hart_title,text,"Портреты любой сложности",0,0,1,1,1,1,23,TextInput,TextColumn,,,,,,,,,,4f53cda18c2baa0c0354bb5f9a3ecbe5ed12ab4d8e11ba873c2f11161202b945,[],
911,64,oil-header,oil_header,"App\Models\OilHeader",port_diff_hart_text,text,"Портреты любой сложности - текст",0,0,1,1,1,1,24,TextInput,TextColumn,,,,,,,,,,4f53cda18c2baa0c0354bb5f9a3ecbe5ed12ab4d8e11ba873c2f11161202b945,[],
912,64,oil-header,oil_header,"App\Models\OilHeader",port_prev_title,text,"Портретное превосходство",0,0,1,1,1,1,25,TextInput,TextColumn,,,,,,,,,,4f53cda18c2baa0c0354bb5f9a3ecbe5ed12ab4d8e11ba873c2f11161202b945,[],
1448,64,oil-header,oil_header,"App\Models\OilHeader",zl_title,text,"РЕАЛИЗУЕМ ЗАКАЗЫ ЛЮБОЙ СЛОЖНОСТИ",0,1,1,1,1,1,26,TextInput,TextColumn,,,,,,,,,,4f53cda18c2baa0c0354bb5f9a3ecbe5ed12ab4d8e11ba873c2f11161202b945,[],
1449,64,oil-header,oil_header,"App\Models\OilHeader",zl_title_2,text,"Рисуем, сохраняя портретное сходство, уделяя внимание каждой детали",0,1,1,1,1,1,27,TextInput,TextColumn,,,,,,,,,,4f53cda18c2baa0c0354bb5f9a3ecbe5ed12ab4d8e11ba873c2f11161202b945,[],
1450,64,oil-header,oil_header,"App\Models\OilHeader",zl_title_3,text,"Портрет маслом на холсте в классическом исполнении",0,1,1,1,1,1,28,TextInput,TextColumn,,,,,,,,,,4f53cda18c2baa0c0354bb5f9a3ecbe5ed12ab4d8e11ba873c2f11161202b945,[],
1451,64,oil-header,oil_header,"App\Models\OilHeader",zl_title_4,text,"Художники рисуют, сохраняя идеальное портретное сходство. Уделяя внимание каждой детали, а в особенности глазам",0,1,1,1,1,1,29,TextInput,TextColumn,,,,,,,,,,4f53cda18c2baa0c0354bb5f9a3ecbe5ed12ab4d8e11ba873c2f11161202b945,[],
737,64,oil-header,oil_header,"App\Models\OilHeader",created_at,timestamp,"Created At",0,1,1,1,0,1,30,"DateTimePicker or read-only Placeholder",TextColumn(dateTime),,,,,,,,,,4f53cda18c2baa0c0354bb5f9a3ecbe5ed12ab4d8e11ba873c2f11161202b945,[],
738,64,oil-header,oil_header,"App\Models\OilHeader",updated_at,timestamp,"Updated At",0,0,0,0,0,0,31,"DateTimePicker or read-only Placeholder",TextColumn(dateTime),,,,,,,,,,4f53cda18c2baa0c0354bb5f9a3ecbe5ed12ab4d8e11ba873c2f11161202b945,[],"omit from UI unless server-side lifecycle requires it"
739,65,oil-what-req,oil_what_req,"App\Models\OilWhatReq",id,text,Id,1,0,0,0,0,0,1,TextInput,TextColumn,,,,,,,,,,4f53cda18c2baa0c0354bb5f9a3ecbe5ed12ab4d8e11ba873c2f11161202b945,[],"required; omit from UI unless server-side lifecycle requires it"
740,65,oil-what-req,oil_what_req,"App\Models\OilWhatReq",what_title,text,"ЧТО ТАКОЕ ПОРТРЕТ МАСЛОМ?",0,1,1,1,1,1,2,TextInput,TextColumn,,,,,,,,,,4f53cda18c2baa0c0354bb5f9a3ecbe5ed12ab4d8e11ba873c2f11161202b945,[],
741,65,oil-what-req,oil_what_req,"App\Models\OilWhatReq",what_desc,rich_text_box,Описание,0,1,1,1,1,1,3,"RichEditor with explicit HTML allowlist","TextColumn(html disabled by default)",,,,,,,,,,4f53cda18c2baa0c0354bb5f9a3ecbe5ed12ab4d8e11ba873c2f11161202b945,[],"trusted-content allowlist and XSS/CSP review"
742,65,oil-what-req,oil_what_req,"App\Models\OilWhatReq",show_title,text,открыть,0,0,1,1,1,1,4,TextInput,TextColumn,,,,,,,,,,4f53cda18c2baa0c0354bb5f9a3ecbe5ed12ab4d8e11ba873c2f11161202b945,[],
743,65,oil-what-req,oil_what_req,"App\Models\OilWhatReq",hide_title,text,скрыть,0,0,1,1,1,1,5,TextInput,TextColumn,,,,,,,,,,4f53cda18c2baa0c0354bb5f9a3ecbe5ed12ab4d8e11ba873c2f11161202b945,[],
744,65,oil-what-req,oil_what_req,"App\Models\OilWhatReq",req_title,text,"ВОТ НЕСКОЛЬКО ТРЕБОВАНИЙ К КАЧЕСТВУ ФОТОГРАФИИ:",0,0,1,1,1,1,6,TextInput,TextColumn,,,,,,,,,,4f53cda18c2baa0c0354bb5f9a3ecbe5ed12ab4d8e11ba873c2f11161202b945,[],
745,65,oil-what-req,oil_what_req,"App\Models\OilWhatReq",req_top_text,rich_text_box,"Описание сверху",0,0,1,1,1,1,7,"RichEditor with explicit HTML allowlist","TextColumn(html disabled by default)",,,,,,,,,,4f53cda18c2baa0c0354bb5f9a3ecbe5ed12ab4d8e11ba873c2f11161202b945,[],"trusted-content allowlist and XSS/CSP review"
746,65,oil-what-req,oil_what_req,"App\Models\OilWhatReq",req_block_2_title,text,"Для наилучшего результата обратите внимание на следующие моменты:",0,0,1,1,1,1,8,TextInput,TextColumn,,,,,,,,,,4f53cda18c2baa0c0354bb5f9a3ecbe5ed12ab4d8e11ba873c2f11161202b945,[],
747,65,oil-what-req,oil_what_req,"App\Models\OilWhatReq",req_list_block1_text,rich_text_box,Текст-1,0,0,1,1,1,1,9,"RichEditor with explicit HTML allowlist","TextColumn(html disabled by default)",,,,,,,,,,4f53cda18c2baa0c0354bb5f9a3ecbe5ed12ab4d8e11ba873c2f11161202b945,[],"trusted-content allowlist and XSS/CSP review"
748,65,oil-what-req,oil_what_req,"App\Models\OilWhatReq",req_list_block2_text,rich_text_box,Текст-2,0,0,1,1,1,1,10,"RichEditor with explicit HTML allowlist","TextColumn(html disabled by default)",,,,,,,,,,4f53cda18c2baa0c0354bb5f9a3ecbe5ed12ab4d8e11ba873c2f11161202b945,[],"trusted-content allowlist and XSS/CSP review"
749,65,oil-what-req,oil_what_req,"App\Models\OilWhatReq",req_list_block3_text,rich_text_box,Текст-3,0,0,1,1,1,1,11,"RichEditor with explicit HTML allowlist","TextColumn(html disabled by default)",,,,,,,,,,4f53cda18c2baa0c0354bb5f9a3ecbe5ed12ab4d8e11ba873c2f11161202b945,[],"trusted-content allowlist and XSS/CSP review"
750,65,oil-what-req,oil_what_req,"App\Models\OilWhatReq",req_left_sub,rich_text_box,"Подпись слева",0,0,1,1,1,1,12,"RichEditor with explicit HTML allowlist","TextColumn(html disabled by default)",,,,,,,,,,4f53cda18c2baa0c0354bb5f9a3ecbe5ed12ab4d8e11ba873c2f11161202b945,[],"trusted-content allowlist and XSS/CSP review"
752,65,oil-what-req,oil_what_req,"App\Models\OilWhatReq",created_at,timestamp,"Created At",0,1,1,1,0,1,14,"DateTimePicker or read-only Placeholder",TextColumn(dateTime),,,,,,,,,,4f53cda18c2baa0c0354bb5f9a3ecbe5ed12ab4d8e11ba873c2f11161202b945,[],
753,65,oil-what-req,oil_what_req,"App\Models\OilWhatReq",updated_at,timestamp,"Updated At",0,0,0,0,0,0,15,"DateTimePicker or read-only Placeholder",TextColumn(dateTime),,,,,,,,,,4f53cda18c2baa0c0354bb5f9a3ecbe5ed12ab4d8e11ba873c2f11161202b945,[],"omit from UI unless server-side lifecycle requires it"
754,66,modular-pics-what-size-price,modular_pics_what_size_price,"App\Models\ModularPicsWhatSizePrice",id,text,Id,1,0,0,0,0,0,1,TextInput,TextColumn,,,,,,,,,,4f53cda18c2baa0c0354bb5f9a3ecbe5ed12ab4d8e11ba873c2f11161202b945,[],"required; omit from UI unless server-side lifecycle requires it"
755,66,modular-pics-what-size-price,modular_pics_what_size_price,"App\Models\ModularPicsWhatSizePrice",what_title,text,"Что это",0,1,1,1,1,1,2,TextInput,TextColumn,,,,,,,,,,4f53cda18c2baa0c0354bb5f9a3ecbe5ed12ab4d8e11ba873c2f11161202b945,[],
756,66,modular-pics-what-size-price,modular_pics_what_size_price,"App\Models\ModularPicsWhatSizePrice",what_text1,rich_text_box,Текст-1,0,0,1,1,1,1,3,"RichEditor with explicit HTML allowlist","TextColumn(html disabled by default)",,,,,,,,,,4f53cda18c2baa0c0354bb5f9a3ecbe5ed12ab4d8e11ba873c2f11161202b945,[],"trusted-content allowlist and XSS/CSP review"
757,66,modular-pics-what-size-price,modular_pics_what_size_price,"App\Models\ModularPicsWhatSizePrice",what_text2,rich_text_box,Текст-2,0,0,1,1,1,1,4,"RichEditor with explicit HTML allowlist","TextColumn(html disabled by default)",,,,,,,,,,4f53cda18c2baa0c0354bb5f9a3ecbe5ed12ab4d8e11ba873c2f11161202b945,[],"trusted-content allowlist and XSS/CSP review"
758,66,modular-pics-what-size-price,modular_pics_what_size_price,"App\Models\ModularPicsWhatSizePrice",what_text3,rich_text_box,Текст-3,0,0,1,1,1,1,5,"RichEditor with explicit HTML allowlist","TextColumn(html disabled by default)",,,,,,,,,,4f53cda18c2baa0c0354bb5f9a3ecbe5ed12ab4d8e11ba873c2f11161202b945,[],"trusted-content allowlist and XSS/CSP review"
759,66,modular-pics-what-size-price,modular_pics_what_size_price,"App\Models\ModularPicsWhatSizePrice",diff_size_title,text,"Разные размеры",0,0,1,1,1,1,6,TextInput,TextColumn,,,,,,,,,,4f53cda18c2baa0c0354bb5f9a3ecbe5ed12ab4d8e11ba873c2f11161202b945,[],
760,66,modular-pics-what-size-price,modular_pics_what_size_price,"App\Models\ModularPicsWhatSizePrice",diff_size_text_top,rich_text_box,"Разные размеры - текст сверху",0,0,1,1,1,1,7,"RichEditor with explicit HTML allowlist","TextColumn(html disabled by default)",,,,,,,,,,4f53cda18c2baa0c0354bb5f9a3ecbe5ed12ab4d8e11ba873c2f11161202b945,[],"trusted-content allowlist and XSS/CSP review"
761,66,modular-pics-what-size-price,modular_pics_what_size_price,"App\Models\ModularPicsWhatSizePrice",diff_size_text_center,rich_text_box,"Разные размеры - текст по центру",0,0,1,1,1,1,8,"RichEditor with explicit HTML allowlist","TextColumn(html disabled by default)",,,,,,,,,,4f53cda18c2baa0c0354bb5f9a3ecbe5ed12ab4d8e11ba873c2f11161202b945,[],"trusted-content allowlist and XSS/CSP review"
762,66,modular-pics-what-size-price,modular_pics_what_size_price,"App\Models\ModularPicsWhatSizePrice",diff_size_bot_title,rich_text_box,"Разные размеры - заголовок снизу",0,0,1,1,1,1,9,"RichEditor with explicit HTML allowlist","TextColumn(html disabled by default)",,,,,,,,,,4f53cda18c2baa0c0354bb5f9a3ecbe5ed12ab4d8e11ba873c2f11161202b945,[],"trusted-content allowlist and XSS/CSP review"
763,66,modular-pics-what-size-price,modular_pics_what_size_price,"App\Models\ModularPicsWhatSizePrice",diff_size_bot_list,rich_text_box,"Разные размеры - список снизу",0,0,1,1,1,1,10,"RichEditor with explicit HTML allowlist","TextColumn(html disabled by default)",,,,,,,,,,4f53cda18c2baa0c0354bb5f9a3ecbe5ed12ab4d8e11ba873c2f11161202b945,[],"trusted-content allowlist and XSS/CSP review"
764,66,modular-pics-what-size-price,modular_pics_what_size_price,"App\Models\ModularPicsWhatSizePrice",created_at,timestamp,"Created At",0,1,1,1,0,1,11,"DateTimePicker or read-only Placeholder",TextColumn(dateTime),,,,,,,,,,4f53cda18c2baa0c0354bb5f9a3ecbe5ed12ab4d8e11ba873c2f11161202b945,[],
765,66,modular-pics-what-size-price,modular_pics_what_size_price,"App\Models\ModularPicsWhatSizePrice",updated_at,timestamp,"Updated At",0,0,0,0,0,0,12,"DateTimePicker or read-only Placeholder",TextColumn(dateTime),,,,,,,,,,4f53cda18c2baa0c0354bb5f9a3ecbe5ed12ab4d8e11ba873c2f11161202b945,[],"omit from UI unless server-side lifecycle requires it"
767,67,string-tranlations,string_tranlations,"App\Models\StringTranlation",id,text,Id,1,1,0,0,0,0,1,TextInput,TextColumn,,,,,,,,,,4f53cda18c2baa0c0354bb5f9a3ecbe5ed12ab4d8e11ba873c2f11161202b945,[],required
768,67,string-tranlations,string_tranlations,"App\Models\StringTranlation",wall_size,text,"Размер стены",0,0,1,1,1,1,2,TextInput,TextColumn,,,,,,,,,,4f53cda18c2baa0c0354bb5f9a3ecbe5ed12ab4d8e11ba873c2f11161202b945,[],
769,67,string-tranlations,string_tranlations,"App\Models\StringTranlation",pic_size,text,"Размер картинки",0,0,1,1,1,1,3,TextInput,TextColumn,,,,,,,,,,4f53cda18c2baa0c0354bb5f9a3ecbe5ed12ab4d8e11ba873c2f11161202b945,[],
770,67,string-tranlations,string_tranlations,"App\Models\StringTranlation",rama,text,Рама,0,0,1,1,1,1,4,TextInput,TextColumn,,,,,,,,,,4f53cda18c2baa0c0354bb5f9a3ecbe5ed12ab4d8e11ba873c2f11161202b945,[],
773,67,string-tranlations,string_tranlations,"App\Models\StringTranlation",req_field,text,"Обязательное поле",0,0,1,1,1,1,5,TextInput,TextColumn,,,,,,,,,,4f53cda18c2baa0c0354bb5f9a3ecbe5ed12ab4d8e11ba873c2f11161202b945,[],
777,67,string-tranlations,string_tranlations,"App\Models\StringTranlation",price_text,text,Цена,0,0,1,1,1,1,6,TextInput,TextColumn,,,,,,,,,,4f53cda18c2baa0c0354bb5f9a3ecbe5ed12ab4d8e11ba873c2f11161202b945,[],
778,67,string-tranlations,string_tranlations,"App\Models\StringTranlation",price_from_text,text,От,0,0,1,1,1,1,7,TextInput,TextColumn,,,,,,,,,,4f53cda18c2baa0c0354bb5f9a3ecbe5ed12ab4d8e11ba873c2f11161202b945,[],
781,67,string-tranlations,string_tranlations,"App\Models\StringTranlation",graph_portrait,text,"Графический портрет",0,0,1,1,1,1,8,TextInput,TextColumn,,,,,,,,,,4f53cda18c2baa0c0354bb5f9a3ecbe5ed12ab4d8e11ba873c2f11161202b945,[],
782,67,string-tranlations,string_tranlations,"App\Models\StringTranlation",gallery,text,Галерея,0,0,1,1,1,1,9,TextInput,TextColumn,,,,,,,,,,4f53cda18c2baa0c0354bb5f9a3ecbe5ed12ab4d8e11ba873c2f11161202b945,[],
783,67,string-tranlations,string_tranlations,"App\Models\StringTranlation",create_your_art,text,"Создай свой образ",0,0,1,1,1,1,10,TextInput,TextColumn,,,,,,,,,,4f53cda18c2baa0c0354bb5f9a3ecbe5ed12ab4d8e11ba873c2f11161202b945,[],
785,67,string-tranlations,string_tranlations,"App\Models\StringTranlation",what_is_text,text,"Что такое",0,0,1,1,1,1,11,TextInput,TextColumn,,,,,,,,,,4f53cda18c2baa0c0354bb5f9a3ecbe5ed12ab4d8e11ba873c2f11161202b945,[],
793,67,string-tranlations,string_tranlations,"App\Models\StringTranlation",open,text,Открыть,0,0,1,1,1,1,12,TextInput,TextColumn,,,,,,,,,,4f53cda18c2baa0c0354bb5f9a3ecbe5ed12ab4d8e11ba873c2f11161202b945,[],
794,67,string-tranlations,string_tranlations,"App\Models\StringTranlation",hide,text,Скрыть,0,0,1,1,1,1,13,TextInput,TextColumn,,,,,,,,,,4f53cda18c2baa0c0354bb5f9a3ecbe5ed12ab4d8e11ba873c2f11161202b945,[],
795,67,string-tranlations,string_tranlations,"App\Models\StringTranlation",diff_sizes,text,"Разные размеры",0,0,1,1,1,1,14,TextInput,TextColumn,,,,,,,,,,4f53cda18c2baa0c0354bb5f9a3ecbe5ed12ab4d8e11ba873c2f11161202b945,[],
797,67,string-tranlations,string_tranlations,"App\Models\StringTranlation",cm,text,см,0,0,1,1,1,1,15,TextInput,TextColumn,,,,,,,,,,4f53cda18c2baa0c0354bb5f9a3ecbe5ed12ab4d8e11ba873c2f11161202b945,[],
798,67,string-tranlations,string_tranlations,"App\Models\StringTranlation",enter_people_count,text,"к-во человек",0,0,1,1,1,1,16,TextInput,TextColumn,,,,,,,,,,4f53cda18c2baa0c0354bb5f9a3ecbe5ed12ab4d8e11ba873c2f11161202b945,[],
799,67,string-tranlations,string_tranlations,"App\Models\StringTranlation",total_price,text,"Итоговая цена",0,0,1,1,1,1,17,TextInput,TextColumn,,,,,,,,,,4f53cda18c2baa0c0354bb5f9a3ecbe5ed12ab4d8e11ba873c2f11161202b945,[],
814,67,string-tranlations,string_tranlations,"App\Models\StringTranlation",all_our_works,text,"Все наши работы",0,0,1,1,1,1,18,TextInput,TextColumn,,,,,,,,,,4f53cda18c2baa0c0354bb5f9a3ecbe5ed12ab4d8e11ba873c2f11161202b945,[],
815,67,string-tranlations,string_tranlations,"App\Models\StringTranlation",read_more,text,Подробнее,0,0,1,1,1,1,19,TextInput,TextColumn,,,,,,,,,,4f53cda18c2baa0c0354bb5f9a3ecbe5ed12ab4d8e11ba873c2f11161202b945,[],
816,67,string-tranlations,string_tranlations,"App\Models\StringTranlation",etc_styles,text,"Другие наши стили",0,0,1,1,1,1,20,TextInput,TextColumn,,,,,,,,,,4f53cda18c2baa0c0354bb5f9a3ecbe5ed12ab4d8e11ba873c2f11161202b945,[],
771,67,string-tranlations,string_tranlations,"App\Models\StringTranlation",created_at,timestamp,"Created At",0,1,1,1,0,1,21,"DateTimePicker or read-only Placeholder",TextColumn(dateTime),,,,,,,,,,4f53cda18c2baa0c0354bb5f9a3ecbe5ed12ab4d8e11ba873c2f11161202b945,[],
772,67,string-tranlations,string_tranlations,"App\Models\StringTranlation",updated_at,timestamp,"Updated At",0,0,0,0,0,0,22,"DateTimePicker or read-only Placeholder",TextColumn(dateTime),,,,,,,,,,4f53cda18c2baa0c0354bb5f9a3ecbe5ed12ab4d8e11ba873c2f11161202b945,[],"omit from UI unless server-side lifecycle requires it"
823,67,string-tranlations,string_tranlations,"App\Models\StringTranlation",sh_title,text,"ПОРТРЕТЫ ШАРЖ",0,0,1,1,1,1,23,TextInput,TextColumn,,,,,,,,,,4f53cda18c2baa0c0354bb5f9a3ecbe5ed12ab4d8e11ba873c2f11161202b945,[],
824,67,string-tranlations,string_tranlations,"App\Models\StringTranlation",sh_sub,text,"Мы умеем делать красиво...",0,0,1,1,1,1,24,TextInput,TextColumn,,,,,,,,,,4f53cda18c2baa0c0354bb5f9a3ecbe5ed12ab4d8e11ba873c2f11161202b945,[],
825,67,string-tranlations,string_tranlations,"App\Models\StringTranlation",sh_all_obr,text,"Все образы",0,0,1,1,1,1,25,TextInput,TextColumn,,,,,,,,,,4f53cda18c2baa0c0354bb5f9a3ecbe5ed12ab4d8e11ba873c2f11161202b945,[],
826,67,string-tranlations,string_tranlations,"App\Models\StringTranlation",group_obr,text,"ГРУППОВЫЕ ОБРАЗЫ",0,0,1,1,1,1,26,TextInput,TextColumn,,,,,,,,,,4f53cda18c2baa0c0354bb5f9a3ecbe5ed12ab4d8e11ba873c2f11161202b945,[],
827,67,string-tranlations,string_tranlations,"App\Models\StringTranlation",group_obr_subtext,text,"Мы умеем делать красиво...",0,0,1,1,1,1,27,TextInput,TextColumn,,,,,,,,,,4f53cda18c2baa0c0354bb5f9a3ecbe5ed12ab4d8e11ba873c2f11161202b945,[],
828,67,string-tranlations,string_tranlations,"App\Models\StringTranlation",all_obr,text,"Все образы",0,0,1,1,1,1,28,TextInput,TextColumn,,,,,,,,,,4f53cda18c2baa0c0354bb5f9a3ecbe5ed12ab4d8e11ba873c2f11161202b945,[],
833,67,string-tranlations,string_tranlations,"App\Models\StringTranlation",before_after_w_title,text,"НАШИ РАБОТЫ",0,0,1,1,1,1,29,TextInput,TextColumn,,,,,,,,,,4f53cda18c2baa0c0354bb5f9a3ecbe5ed12ab4d8e11ba873c2f11161202b945,[],
834,67,string-tranlations,string_tranlations,"App\Models\StringTranlation",before_after_subtitle,text,ДО/ПОСЛЕ,0,0,1,1,1,1,30,TextInput,TextColumn,,,,,,,,,,4f53cda18c2baa0c0354bb5f9a3ecbe5ed12ab4d8e11ba873c2f11161202b945,[],
835,67,string-tranlations,string_tranlations,"App\Models\StringTranlation",before_after_text,text,"ДО/ПОСЛЕ ТЕКСТ",0,0,1,1,1,1,31,TextInput,TextColumn,,,,,,,,,,4f53cda18c2baa0c0354bb5f9a3ecbe5ed12ab4d8e11ba873c2f11161202b945,[],
836,67,string-tranlations,string_tranlations,"App\Models\StringTranlation",report_suc_send,text,"Успешно отправлено!",0,0,1,1,1,1,32,TextInput,TextColumn,,,,,,,,,,4f53cda18c2baa0c0354bb5f9a3ecbe5ed12ab4d8e11ba873c2f11161202b945,[],
837,67,string-tranlations,string_tranlations,"App\Models\StringTranlation",too_big_filesize,text,"Слишком большой размер файла",0,0,1,1,1,1,33,TextInput,TextColumn,,,,,,,,,,4f53cda18c2baa0c0354bb5f9a3ecbe5ed12ab4d8e11ba873c2f11161202b945,[],
838,67,string-tranlations,string_tranlations,"App\Models\StringTranlation",inv_filesize_or_ext,text,"Неправильный размер или тип файла",0,0,1,1,1,1,34,TextInput,TextColumn,,,,,,,,,,4f53cda18c2baa0c0354bb5f9a3ecbe5ed12ab4d8e11ba873c2f11161202b945,[],
839,67,string-tranlations,string_tranlations,"App\Models\StringTranlation",media_missing,text,"Изображение отсутствует",0,0,1,1,1,1,35,TextInput,TextColumn,,,,,,,,,,4f53cda18c2baa0c0354bb5f9a3ecbe5ed12ab4d8e11ba873c2f11161202b945,[],
921,67,string-tranlations,string_tranlations,"App\Models\StringTranlation",pic_on_wall,text,"Картина на стене",0,0,1,1,1,1,36,TextInput,TextColumn,,,,,,,,,,4f53cda18c2baa0c0354bb5f9a3ecbe5ed12ab4d8e11ba873c2f11161202b945,[],
922,67,string-tranlations,string_tranlations,"App\Models\StringTranlation",choose_person_count,text,"Выберите <span>Количество человек</span>",0,0,1,1,1,1,37,TextInput,TextColumn,,,,,,,,,,4f53cda18c2baa0c0354bb5f9a3ecbe5ed12ab4d8e11ba873c2f11161202b945,[],
923,67,string-tranlations,string_tranlations,"App\Models\StringTranlation",personal,text,Персональная,0,0,1,1,1,1,38,TextInput,TextColumn,,,,,,,,,,4f53cda18c2baa0c0354bb5f9a3ecbe5ed12ab4d8e11ba873c2f11161202b945,[],
924,67,string-tranlations,string_tranlations,"App\Models\StringTranlation",group,text,Групповая,0,0,1,1,1,1,39,TextInput,TextColumn,,,,,,,,,,4f53cda18c2baa0c0354bb5f9a3ecbe5ed12ab4d8e11ba873c2f11161202b945,[],
925,67,string-tranlations,string_tranlations,"App\Models\StringTranlation",chel,text,чел,0,0,1,1,1,1,40,TextInput,TextColumn,,,,,,,,,,4f53cda18c2baa0c0354bb5f9a3ecbe5ed12ab4d8e11ba873c2f11161202b945,[],
926,67,string-tranlations,string_tranlations,"App\Models\StringTranlation",enter_person_count,text,"Введите количество человек:",0,0,1,1,1,1,41,TextInput,TextColumn,,,,,,,,,,4f53cda18c2baa0c0354bb5f9a3ecbe5ed12ab4d8e11ba873c2f11161202b945,[],
927,67,string-tranlations,string_tranlations,"App\Models\StringTranlation",send_text,text,Отправить,0,0,1,1,1,1,42,TextInput,TextColumn,,,,,,,,,,4f53cda18c2baa0c0354bb5f9a3ecbe5ed12ab4d8e11ba873c2f11161202b945,[],
928,67,string-tranlations,string_tranlations,"App\Models\StringTranlation",hud_of_name,text,"Художественное оформление",0,0,1,1,1,1,43,TextInput,TextColumn,,,,,,,,,,4f53cda18c2baa0c0354bb5f9a3ecbe5ed12ab4d8e11ba873c2f11161202b945,[],
929,67,string-tranlations,string_tranlations,"App\Models\StringTranlation",choose_complect,text,"Выберите <span> Комплектацию</span>",0,0,1,1,1,1,44,TextInput,TextColumn,,,,,,,,,,4f53cda18c2baa0c0354bb5f9a3ecbe5ed12ab4d8e11ba873c2f11161202b945,[],
930,67,string-tranlations,string_tranlations,"App\Models\StringTranlation",comments,text,Комментарии,0,0,1,1,1,1,45,TextInput,TextColumn,,,,,,,,,,4f53cda18c2baa0c0354bb5f9a3ecbe5ed12ab4d8e11ba873c2f11161202b945,[],
931,67,string-tranlations,string_tranlations,"App\Models\StringTranlation",put_away,text,Отложить,0,0,1,1,1,1,46,TextInput,TextColumn,,,,,,,,,,4f53cda18c2baa0c0354bb5f9a3ecbe5ed12ab4d8e11ba873c2f11161202b945,[],
932,67,string-tranlations,string_tranlations,"App\Models\StringTranlation",share,text,Поделиться,0,0,1,1,1,1,47,TextInput,TextColumn,,,,,,,,,,4f53cda18c2baa0c0354bb5f9a3ecbe5ed12ab4d8e11ba873c2f11161202b945,[],
933,67,string-tranlations,string_tranlations,"App\Models\StringTranlation",itog_price,text,"Итоговая цена",0,0,1,1,1,1,48,TextInput,TextColumn,,,,,,,,,,4f53cda18c2baa0c0354bb5f9a3ecbe5ed12ab4d8e11ba873c2f11161202b945,[],
934,67,string-tranlations,string_tranlations,"App\Models\StringTranlation",order_btn,text,Заказать!,0,0,1,1,1,1,49,TextInput,TextColumn,,,,,,,,,,4f53cda18c2baa0c0354bb5f9a3ecbe5ed12ab4d8e11ba873c2f11161202b945,[],
935,67,string-tranlations,string_tranlations,"App\Models\StringTranlation",srok_izg,text,"Срок изготовления:",0,0,1,1,1,1,50,TextInput,TextColumn,,,,,,,,,,4f53cda18c2baa0c0354bb5f9a3ecbe5ed12ab4d8e11ba873c2f11161202b945,[],
936,67,string-tranlations,string_tranlations,"App\Models\StringTranlation",standart_text,text,"Стандарт - 3 рабочих дня",0,0,1,1,1,1,51,TextInput,TextColumn,,,,,,,,,,4f53cda18c2baa0c0354bb5f9a3ecbe5ed12ab4d8e11ba873c2f11161202b945,[],
937,67,string-tranlations,string_tranlations,"App\Models\StringTranlation",express_text,text,"Экспресс - 1 рабочие сутки",0,0,1,1,1,1,52,TextInput,TextColumn,,,,,,,,,,4f53cda18c2baa0c0354bb5f9a3ecbe5ed12ab4d8e11ba873c2f11161202b945,[],
938,67,string-tranlations,string_tranlations,"App\Models\StringTranlation",standart_price,number,"Стандарт - цена",0,0,1,1,1,1,53,TextInput(numeric),TextColumn(numeric),,,,,,,,,,4f53cda18c2baa0c0354bb5f9a3ecbe5ed12ab4d8e11ba873c2f11161202b945,[],
939,67,string-tranlations,string_tranlations,"App\Models\StringTranlation",express_price,number,"Экспресс - цена",0,0,1,1,1,1,54,TextInput(numeric),TextColumn(numeric),,,,,,,,,,4f53cda18c2baa0c0354bb5f9a3ecbe5ed12ab4d8e11ba873c2f11161202b945,[],
941,67,string-tranlations,string_tranlations,"App\Models\StringTranlation",err_price,text,"Неправильная цена",0,0,1,1,1,1,55,TextInput,TextColumn,,,,,,,,,,4f53cda18c2baa0c0354bb5f9a3ecbe5ed12ab4d8e11ba873c2f11161202b945,[],
942,67,string-tranlations,string_tranlations,"App\Models\StringTranlation",req_size,text,"Нужно выбрать размер",0,0,1,1,1,1,56,TextInput,TextColumn,,,,,,,,,,4f53cda18c2baa0c0354bb5f9a3ecbe5ed12ab4d8e11ba873c2f11161202b945,[],
943,67,string-tranlations,string_tranlations,"App\Models\StringTranlation",bask_form,text,Форма:,0,0,1,1,1,1,57,TextInput,TextColumn,,,,,,,,,,4f53cda18c2baa0c0354bb5f9a3ecbe5ed12ab4d8e11ba873c2f11161202b945,[],
944,67,string-tranlations,string_tranlations,"App\Models\StringTranlation",bask_persons,text,"К-во человек:",0,0,1,1,1,1,58,TextInput,TextColumn,,,,,,,,,,4f53cda18c2baa0c0354bb5f9a3ecbe5ed12ab4d8e11ba873c2f11161202b945,[],
945,67,string-tranlations,string_tranlations,"App\Models\StringTranlation",bask_isp,text,"Тип исполнения:",0,0,1,1,1,1,59,TextInput,TextColumn,,,,,,,,,,4f53cda18c2baa0c0354bb5f9a3ecbe5ed12ab4d8e11ba873c2f11161202b945,[],
946,67,string-tranlations,string_tranlations,"App\Models\StringTranlation",bask_holst,text,Холст:,0,0,1,1,1,1,60,TextInput,TextColumn,,,,,,,,,,4f53cda18c2baa0c0354bb5f9a3ecbe5ed12ab4d8e11ba873c2f11161202b945,[],
947,67,string-tranlations,string_tranlations,"App\Models\StringTranlation",bask_of,text,Оформление:,0,0,1,1,1,1,61,TextInput,TextColumn,,,,,,,,,,4f53cda18c2baa0c0354bb5f9a3ecbe5ed12ab4d8e11ba873c2f11161202b945,[],
948,67,string-tranlations,string_tranlations,"App\Models\StringTranlation",bask_ram,text,Рама:,0,0,1,1,1,1,62,TextInput,TextColumn,,,,,,,,,,4f53cda18c2baa0c0354bb5f9a3ecbe5ed12ab4d8e11ba873c2f11161202b945,[],
949,67,string-tranlations,string_tranlations,"App\Models\StringTranlation",bask_izg,text,Изготовление:,0,0,1,1,1,1,63,TextInput,TextColumn,,,,,,,,,,4f53cda18c2baa0c0354bb5f9a3ecbe5ed12ab4d8e11ba873c2f11161202b945,[],
951,67,string-tranlations,string_tranlations,"App\Models\StringTranlation",size_text,text,Размер,0,0,1,1,1,1,64,TextInput,TextColumn,,,,,,,,,,4f53cda18c2baa0c0354bb5f9a3ecbe5ed12ab4d8e11ba873c2f11161202b945,[],
952,67,string-tranlations,string_tranlations,"App\Models\StringTranlation",dd_text,text,Дни,0,0,1,1,1,1,65,TextInput,TextColumn,,,,,,,,,,4f53cda18c2baa0c0354bb5f9a3ecbe5ed12ab4d8e11ba873c2f11161202b945,[],
953,67,string-tranlations,string_tranlations,"App\Models\StringTranlation",hh_text,text,Часы,0,0,1,1,1,1,66,TextInput,TextColumn,,,,,,,,,,4f53cda18c2baa0c0354bb5f9a3ecbe5ed12ab4d8e11ba873c2f11161202b945,[],
954,67,string-tranlations,string_tranlations,"App\Models\StringTranlation",mm_text,text,Минуты,0,0,1,1,1,1,67,TextInput,TextColumn,,,,,,,,,,4f53cda18c2baa0c0354bb5f9a3ecbe5ed12ab4d8e11ba873c2f11161202b945,[],
955,67,string-tranlations,string_tranlations,"App\Models\StringTranlation",ss_text,text,Секунды,0,0,1,1,1,1,68,TextInput,TextColumn,,,,,,,,,,4f53cda18c2baa0c0354bb5f9a3ecbe5ed12ab4d8e11ba873c2f11161202b945,[],
968,67,string-tranlations,string_tranlations,"App\Models\StringTranlation",sens_us_print_text_vac,text,"Пришлите нам printscreen - рабочая",0,0,1,1,1,1,69,TextInput,TextColumn,,,,,,,,,,4f53cda18c2baa0c0354bb5f9a3ecbe5ed12ab4d8e11ba873c2f11161202b945,[],
817,68,port-before-after,port_before_after,"App\Models\PortBeforeAfter",id,text,Id,1,0,0,0,0,0,1,TextInput,TextColumn,,,,,,,,,,4f53cda18c2baa0c0354bb5f9a3ecbe5ed12ab4d8e11ba873c2f11161202b945,[],"required; omit from UI unless server-side lifecycle requires it"
884,68,port-before-after,port_before_after,"App\Models\PortBeforeAfter",port_before_after_hasone_gallery_item_relationship,relationship,Картина,0,1,1,1,1,1,2,"Select/CheckboxList or RelationManager from details","TextColumn via eager-loaded relation","App\GalleryItem",gallery_items,belongsToMany,id,id,name,gallery_items_port_before_after,,,869d104ec129637194229490ca231a8d51c0edfa4f7c4219ba5868f8b714d2f9,"{""scope"":""BeforeAfter"",""model"":""App\\GalleryItem"",""table"":""gallery_items"",""type"":""belongsToMany"",""column"":""id"",""key"":""id"",""label"":""name"",""pivot_table"":""gallery_items_port_before_after"",""pivot"":""1"",""taggable"":""0""}","eager-load and scope relation; preserve null/orphan/pivot behavior"
883,68,port-before-after,port_before_after,"App\Models\PortBeforeAfter",main_image,image,"Основная картина",0,1,1,1,1,1,3,"FileUpload(image) with legacy-path adapter",ImageColumn,,,,,,,,,,4f53cda18c2baa0c0354bb5f9a3ecbe5ed12ab4d8e11ba873c2f11161202b945,[],"preserve existing URLs and derivatives; validate real MIME/decode/size/path"
818,68,port-before-after,port_before_after,"App\Models\PortBeforeAfter",img_before,image,До,0,1,1,1,1,1,4,"FileUpload(image) with legacy-path adapter",ImageColumn,,,,,,,,,,4f53cda18c2baa0c0354bb5f9a3ecbe5ed12ab4d8e11ba873c2f11161202b945,[],"preserve existing URLs and derivatives; validate real MIME/decode/size/path"
819,68,port-before-after,port_before_after,"App\Models\PortBeforeAfter",img_after,image,После,0,1,1,1,1,1,5,"FileUpload(image) with legacy-path adapter",ImageColumn,,,,,,,,,,4f53cda18c2baa0c0354bb5f9a3ecbe5ed12ab4d8e11ba873c2f11161202b945,[],"preserve existing URLs and derivatives; validate real MIME/decode/size/path"
820,68,port-before-after,port_before_after,"App\Models\PortBeforeAfter",created_at,timestamp,"Created At",0,1,1,1,0,1,6,"DateTimePicker or read-only Placeholder",TextColumn(dateTime),,,,,,,,,,4f53cda18c2baa0c0354bb5f9a3ecbe5ed12ab4d8e11ba873c2f11161202b945,[],
821,68,port-before-after,port_before_after,"App\Models\PortBeforeAfter",updated_at,timestamp,"Updated At",0,0,0,0,0,0,7,"DateTimePicker or read-only Placeholder",TextColumn(dateTime),,,,,,,,,,4f53cda18c2baa0c0354bb5f9a3ecbe5ed12ab4d8e11ba873c2f11161202b945,[],"omit from UI unless server-side lifecycle requires it"
848,69,styl-page,styl_page,"App\Models\StylPage",id,text,Id,1,0,0,0,0,0,1,TextInput,TextColumn,,,,,,,,,,4f53cda18c2baa0c0354bb5f9a3ecbe5ed12ab4d8e11ba873c2f11161202b945,[],"required; omit from UI unless server-side lifecycle requires it"
849,69,styl-page,styl_page,"App\Models\StylPage",meta_title,text,"Мета заголовок",0,1,1,1,1,1,2,TextInput,TextColumn,,,,,,,,,,4f53cda18c2baa0c0354bb5f9a3ecbe5ed12ab4d8e11ba873c2f11161202b945,[],
850,69,styl-page,styl_page,"App\Models\StylPage",meta_desc,text,"Мета описание",0,1,1,1,1,1,3,TextInput,TextColumn,,,,,,,,,,4f53cda18c2baa0c0354bb5f9a3ecbe5ed12ab4d8e11ba873c2f11161202b945,[],
851,69,styl-page,styl_page,"App\Models\StylPage",title,text,Заголовок,0,0,1,1,1,1,4,TextInput,TextColumn,,,,,,,,,,4f53cda18c2baa0c0354bb5f9a3ecbe5ed12ab4d8e11ba873c2f11161202b945,[],
852,69,styl-page,styl_page,"App\Models\StylPage",subtitle,text,Подзаголовок,0,0,1,1,1,1,5,TextInput,TextColumn,,,,,,,,,,4f53cda18c2baa0c0354bb5f9a3ecbe5ed12ab4d8e11ba873c2f11161202b945,[],
853,69,styl-page,styl_page,"App\Models\StylPage",style_title,text,Стиль,0,0,1,1,1,1,6,TextInput,TextColumn,,,,,,,,,,4f53cda18c2baa0c0354bb5f9a3ecbe5ed12ab4d8e11ba873c2f11161202b945,[],
1492,69,styl-page,styl_page,"App\Models\StylPage",style_sub_text,rich_text_box,"Текст под стилем",0,1,1,1,1,1,7,"RichEditor with explicit HTML allowlist","TextColumn(html disabled by default)",,,,,,,,,,4f53cda18c2baa0c0354bb5f9a3ecbe5ed12ab4d8e11ba873c2f11161202b945,[],"trusted-content allowlist and XSS/CSP review"
854,69,styl-page,styl_page,"App\Models\StylPage",more_link_text,text,"Кн. подробнее",0,0,1,1,1,1,8,TextInput,TextColumn,,,,,,,,,,4f53cda18c2baa0c0354bb5f9a3ecbe5ed12ab4d8e11ba873c2f11161202b945,[],
855,69,styl-page,styl_page,"App\Models\StylPage",gift_title,text,"Подарочная карта",0,0,1,1,1,1,9,TextInput,TextColumn,,,,,,,,,,4f53cda18c2baa0c0354bb5f9a3ecbe5ed12ab4d8e11ba873c2f11161202b945,[],
856,69,styl-page,styl_page,"App\Models\StylPage",gift_sub,text,"Подарочная карта - текст",0,0,1,1,1,1,10,TextInput,TextColumn,,,,,,,,,,4f53cda18c2baa0c0354bb5f9a3ecbe5ed12ab4d8e11ba873c2f11161202b945,[],
857,69,styl-page,styl_page,"App\Models\StylPage",gift_order,text,Заказать,0,0,1,1,1,1,11,TextInput,TextColumn,,,,,,,,,,4f53cda18c2baa0c0354bb5f9a3ecbe5ed12ab4d8e11ba873c2f11161202b945,[],
858,69,styl-page,styl_page,"App\Models\StylPage",created_at,timestamp,"Created At",0,1,1,1,0,1,12,"DateTimePicker or read-only Placeholder",TextColumn(dateTime),,,,,,,,,,4f53cda18c2baa0c0354bb5f9a3ecbe5ed12ab4d8e11ba873c2f11161202b945,[],
859,69,styl-page,styl_page,"App\Models\StylPage",updated_at,timestamp,"Updated At",0,0,0,0,0,0,13,"DateTimePicker or read-only Placeholder",TextColumn(dateTime),,,,,,,,,,4f53cda18c2baa0c0354bb5f9a3ecbe5ed12ab4d8e11ba873c2f11161202b945,[],"omit from UI unless server-side lifecycle requires it"
861,70,styl-page-port-obr,styl_page_port_obr,"App\Models\StylPagePortObr",id,text,Id,1,0,0,0,0,0,1,TextInput,TextColumn,,,,,,,,,,4f53cda18c2baa0c0354bb5f9a3ecbe5ed12ab4d8e11ba873c2f11161202b945,[],"required; omit from UI unless server-side lifecycle requires it"
862,70,styl-page-port-obr,styl_page_port_obr,"App\Models\StylPagePortObr",name,text,Название,0,1,1,1,1,1,2,TextInput,TextColumn,,,,,,,,,,4f53cda18c2baa0c0354bb5f9a3ecbe5ed12ab4d8e11ba873c2f11161202b945,[],
863,70,styl-page-port-obr,styl_page_port_obr,"App\Models\StylPagePortObr",image,image,Картинка,0,1,1,1,1,1,3,"FileUpload(image) with legacy-path adapter",ImageColumn,,,,,,,,,,4f53cda18c2baa0c0354bb5f9a3ecbe5ed12ab4d8e11ba873c2f11161202b945,[],"preserve existing URLs and derivatives; validate real MIME/decode/size/path"
864,70,styl-page-port-obr,styl_page_port_obr,"App\Models\StylPagePortObr",created_at,timestamp,"Created At",0,1,1,1,0,1,4,"DateTimePicker or read-only Placeholder",TextColumn(dateTime),,,,,,,,,,4f53cda18c2baa0c0354bb5f9a3ecbe5ed12ab4d8e11ba873c2f11161202b945,[],
865,70,styl-page-port-obr,styl_page_port_obr,"App\Models\StylPagePortObr",updated_at,timestamp,"Updated At",0,0,0,0,0,0,5,"DateTimePicker or read-only Placeholder",TextColumn(dateTime),,,,,,,,,,4f53cda18c2baa0c0354bb5f9a3ecbe5ed12ab4d8e11ba873c2f11161202b945,[],"omit from UI unless server-side lifecycle requires it"
866,71,styl-page-port-goup-obr,styl_page_port_goup_obr,"App\Models\StylPagePortGoupObr",id,text,Id,1,0,0,0,0,0,1,TextInput,TextColumn,,,,,,,,,,4f53cda18c2baa0c0354bb5f9a3ecbe5ed12ab4d8e11ba873c2f11161202b945,[],"required; omit from UI unless server-side lifecycle requires it"
867,71,styl-page-port-goup-obr,styl_page_port_goup_obr,"App\Models\StylPagePortGoupObr",name,text,Название,0,1,1,1,1,1,2,TextInput,TextColumn,,,,,,,,,,4f53cda18c2baa0c0354bb5f9a3ecbe5ed12ab4d8e11ba873c2f11161202b945,[],
868,71,styl-page-port-goup-obr,styl_page_port_goup_obr,"App\Models\StylPagePortGoupObr",image,image,Картинка,0,1,1,1,1,1,3,"FileUpload(image) with legacy-path adapter",ImageColumn,,,,,,,,,,4f53cda18c2baa0c0354bb5f9a3ecbe5ed12ab4d8e11ba873c2f11161202b945,[],"preserve existing URLs and derivatives; validate real MIME/decode/size/path"
869,71,styl-page-port-goup-obr,styl_page_port_goup_obr,"App\Models\StylPagePortGoupObr",created_at,timestamp,"Created At",0,1,1,1,0,1,4,"DateTimePicker or read-only Placeholder",TextColumn(dateTime),,,,,,,,,,4f53cda18c2baa0c0354bb5f9a3ecbe5ed12ab4d8e11ba873c2f11161202b945,[],
870,71,styl-page-port-goup-obr,styl_page_port_goup_obr,"App\Models\StylPagePortGoupObr",updated_at,timestamp,"Updated At",0,0,0,0,0,0,5,"DateTimePicker or read-only Placeholder",TextColumn(dateTime),,,,,,,,,,4f53cda18c2baa0c0354bb5f9a3ecbe5ed12ab4d8e11ba873c2f11161202b945,[],"omit from UI unless server-side lifecycle requires it"
871,72,styl-page-info,styl_page_info,"App\Models\StylPageInfo",id,text,Id,1,0,0,0,0,0,1,TextInput,TextColumn,,,,,,,,,,4f53cda18c2baa0c0354bb5f9a3ecbe5ed12ab4d8e11ba873c2f11161202b945,[],"required; omit from UI unless server-side lifecycle requires it"
872,72,styl-page-info,styl_page_info,"App\Models\StylPageInfo",meta_title,text,"Мета заголовок",0,1,1,1,1,1,2,TextInput,TextColumn,,,,,,,,,,4f53cda18c2baa0c0354bb5f9a3ecbe5ed12ab4d8e11ba873c2f11161202b945,[],
873,72,styl-page-info,styl_page_info,"App\Models\StylPageInfo",meta_desc,text,"Мета описание",0,1,1,1,1,1,3,TextInput,TextColumn,,,,,,,,,,4f53cda18c2baa0c0354bb5f9a3ecbe5ed12ab4d8e11ba873c2f11161202b945,[],
874,72,styl-page-info,styl_page_info,"App\Models\StylPageInfo",port_obr_title,text,"Портреты в образе",0,0,1,1,1,1,4,TextInput,TextColumn,,,,,,,,,,4f53cda18c2baa0c0354bb5f9a3ecbe5ed12ab4d8e11ba873c2f11161202b945,[],
875,72,styl-page-info,styl_page_info,"App\Models\StylPageInfo",port_obr_text,text,"Портреты в образе - подзаголовок",0,0,1,1,1,1,5,TextInput,TextColumn,,,,,,,,,,4f53cda18c2baa0c0354bb5f9a3ecbe5ed12ab4d8e11ba873c2f11161202b945,[],
876,72,styl-page-info,styl_page_info,"App\Models\StylPageInfo",all_obr_link,text,"Все образы - ссылка",0,0,1,1,1,1,6,TextInput,TextColumn,,,,,,,,,,4f53cda18c2baa0c0354bb5f9a3ecbe5ed12ab4d8e11ba873c2f11161202b945,[],
877,72,styl-page-info,styl_page_info,"App\Models\StylPageInfo",all_obr_link_text,text,"Все образы - текст",0,0,1,1,1,1,7,TextInput,TextColumn,,,,,,,,,,4f53cda18c2baa0c0354bb5f9a3ecbe5ed12ab4d8e11ba873c2f11161202b945,[],
878,72,styl-page-info,styl_page_info,"App\Models\StylPageInfo",group_obr_title,text,"Групповые образы",0,0,1,1,1,1,8,TextInput,TextColumn,,,,,,,,,,4f53cda18c2baa0c0354bb5f9a3ecbe5ed12ab4d8e11ba873c2f11161202b945,[],
879,72,styl-page-info,styl_page_info,"App\Models\StylPageInfo",group_obr_text,text,"Групповые образы - текст",0,0,1,1,1,1,9,TextInput,TextColumn,,,,,,,,,,4f53cda18c2baa0c0354bb5f9a3ecbe5ed12ab4d8e11ba873c2f11161202b945,[],
880,72,styl-page-info,styl_page_info,"App\Models\StylPageInfo",group_obr_link,text,"Групповые образы - ссылка",0,0,1,1,1,1,10,TextInput,TextColumn,,,,,,,,,,4f53cda18c2baa0c0354bb5f9a3ecbe5ed12ab4d8e11ba873c2f11161202b945,[],
881,72,styl-page-info,styl_page_info,"App\Models\StylPageInfo",created_at,timestamp,"Created At",0,1,1,1,0,1,11,"DateTimePicker or read-only Placeholder",TextColumn(dateTime),,,,,,,,,,4f53cda18c2baa0c0354bb5f9a3ecbe5ed12ab4d8e11ba873c2f11161202b945,[],
882,72,styl-page-info,styl_page_info,"App\Models\StylPageInfo",updated_at,timestamp,"Updated At",0,0,0,0,0,0,12,"DateTimePicker or read-only Placeholder",TextColumn(dateTime),,,,,,,,,,4f53cda18c2baa0c0354bb5f9a3ecbe5ed12ab4d8e11ba873c2f11161202b945,[],"omit from UI unless server-side lifecycle requires it"
885,73,sharj-work-ex,sharj_work_ex,"App\Models\SharjWorkEx",id,text,Id,1,0,0,0,0,0,1,TextInput,TextColumn,,,,,,,,,,4f53cda18c2baa0c0354bb5f9a3ecbe5ed12ab4d8e11ba873c2f11161202b945,[],"required; omit from UI unless server-side lifecycle requires it"
886,73,sharj-work-ex,sharj_work_ex,"App\Models\SharjWorkEx",name,text,Имя,0,1,1,1,1,1,2,TextInput,TextColumn,,,,,,,,,,4f53cda18c2baa0c0354bb5f9a3ecbe5ed12ab4d8e11ba873c2f11161202b945,[],
887,73,sharj-work-ex,sharj_work_ex,"App\Models\SharjWorkEx",image,image,Картинка,0,1,1,1,1,1,3,"FileUpload(image) with legacy-path adapter",ImageColumn,,,,,,,,,,4f53cda18c2baa0c0354bb5f9a3ecbe5ed12ab4d8e11ba873c2f11161202b945,[],"preserve existing URLs and derivatives; validate real MIME/decode/size/path"
888,73,sharj-work-ex,sharj_work_ex,"App\Models\SharjWorkEx",created_at,timestamp,"Created At",0,1,1,1,0,1,4,"DateTimePicker or read-only Placeholder",TextColumn(dateTime),,,,,,,,,,4f53cda18c2baa0c0354bb5f9a3ecbe5ed12ab4d8e11ba873c2f11161202b945,[],
889,73,sharj-work-ex,sharj_work_ex,"App\Models\SharjWorkEx",updated_at,timestamp,"Updated At",0,0,0,0,0,0,5,"DateTimePicker or read-only Placeholder",TextColumn(dateTime),,,,,,,,,,4f53cda18c2baa0c0354bb5f9a3ecbe5ed12ab4d8e11ba873c2f11161202b945,[],"omit from UI unless server-side lifecycle requires it"
890,74,sharj-work-group-ex,sharj_work_group_ex,"App\Models\SharjWorkGroupEx",id,text,Id,1,0,0,0,0,0,1,TextInput,TextColumn,,,,,,,,,,4f53cda18c2baa0c0354bb5f9a3ecbe5ed12ab4d8e11ba873c2f11161202b945,[],"required; omit from UI unless server-side lifecycle requires it"
891,74,sharj-work-group-ex,sharj_work_group_ex,"App\Models\SharjWorkGroupEx",name,text,Название,0,1,1,1,1,1,2,TextInput,TextColumn,,,,,,,,,,4f53cda18c2baa0c0354bb5f9a3ecbe5ed12ab4d8e11ba873c2f11161202b945,[],
892,74,sharj-work-group-ex,sharj_work_group_ex,"App\Models\SharjWorkGroupEx",image,image,Картинка,0,1,1,1,1,1,3,"FileUpload(image) with legacy-path adapter",ImageColumn,,,,,,,,,,4f53cda18c2baa0c0354bb5f9a3ecbe5ed12ab4d8e11ba873c2f11161202b945,[],"preserve existing URLs and derivatives; validate real MIME/decode/size/path"
893,74,sharj-work-group-ex,sharj_work_group_ex,"App\Models\SharjWorkGroupEx",created_at,timestamp,"Created At",0,1,1,1,0,1,4,"DateTimePicker or read-only Placeholder",TextColumn(dateTime),,,,,,,,,,4f53cda18c2baa0c0354bb5f9a3ecbe5ed12ab4d8e11ba873c2f11161202b945,[],
894,74,sharj-work-group-ex,sharj_work_group_ex,"App\Models\SharjWorkGroupEx",updated_at,timestamp,"Updated At",0,0,0,0,0,0,5,"DateTimePicker or read-only Placeholder",TextColumn(dateTime),,,,,,,,,,4f53cda18c2baa0c0354bb5f9a3ecbe5ed12ab4d8e11ba873c2f11161202b945,[],"omit from UI unless server-side lifecycle requires it"
901,76,portraits-hard,portraits_hard,"App\Models\PortraitsHard",id,text,Id,1,0,0,0,0,0,1,TextInput,TextColumn,,,,,,,,,,4f53cda18c2baa0c0354bb5f9a3ecbe5ed12ab4d8e11ba873c2f11161202b945,[],"required; omit from UI unless server-side lifecycle requires it"
902,76,portraits-hard,portraits_hard,"App\Models\PortraitsHard",name,text,Name,0,1,1,1,1,1,2,TextInput,TextColumn,,,,,,,,,,4f53cda18c2baa0c0354bb5f9a3ecbe5ed12ab4d8e11ba873c2f11161202b945,[],
908,76,portraits-hard,portraits_hard,"App\Models\PortraitsHard",img1,image,Картинка-1,0,1,1,1,1,1,3,"FileUpload(image) with legacy-path adapter",ImageColumn,,,,,,,,,,4f53cda18c2baa0c0354bb5f9a3ecbe5ed12ab4d8e11ba873c2f11161202b945,[],"preserve existing URLs and derivatives; validate real MIME/decode/size/path"
904,76,portraits-hard,portraits_hard,"App\Models\PortraitsHard",text,rich_text_box,Текст,0,1,1,1,1,1,4,"RichEditor with explicit HTML allowlist","TextColumn(html disabled by default)",,,,,,,,,,4f53cda18c2baa0c0354bb5f9a3ecbe5ed12ab4d8e11ba873c2f11161202b945,[],"trusted-content allowlist and XSS/CSP review"
909,76,portraits-hard,portraits_hard,"App\Models\PortraitsHard",img2,image,Картинка-2,0,1,1,1,1,1,5,"FileUpload(image) with legacy-path adapter",ImageColumn,,,,,,,,,,4f53cda18c2baa0c0354bb5f9a3ecbe5ed12ab4d8e11ba873c2f11161202b945,[],"preserve existing URLs and derivatives; validate real MIME/decode/size/path"
906,76,portraits-hard,portraits_hard,"App\Models\PortraitsHard",created_at,timestamp,"Created At",0,1,1,1,0,1,6,"DateTimePicker or read-only Placeholder",TextColumn(dateTime),,,,,,,,,,4f53cda18c2baa0c0354bb5f9a3ecbe5ed12ab4d8e11ba873c2f11161202b945,[],
907,76,portraits-hard,portraits_hard,"App\Models\PortraitsHard",updated_at,timestamp,"Updated At",0,0,0,0,0,0,7,"DateTimePicker or read-only Placeholder",TextColumn(dateTime),,,,,,,,,,4f53cda18c2baa0c0354bb5f9a3ecbe5ed12ab4d8e11ba873c2f11161202b945,[],"omit from UI unless server-side lifecycle requires it"
913,77,port-prev-items,port_prev_items,"App\Models\PortPrevItem",id,text,Id,1,0,0,0,0,0,1,TextInput,TextColumn,,,,,,,,,,4f53cda18c2baa0c0354bb5f9a3ecbe5ed12ab4d8e11ba873c2f11161202b945,[],"required; omit from UI unless server-side lifecycle requires it"
914,77,port-prev-items,port_prev_items,"App\Models\PortPrevItem",name,text,Название,0,1,1,1,1,1,2,TextInput,TextColumn,,,,,,,,,,4f53cda18c2baa0c0354bb5f9a3ecbe5ed12ab4d8e11ba873c2f11161202b945,[],
915,77,port-prev-items,port_prev_items,"App\Models\PortPrevItem",image,image,Картинка,0,1,1,1,1,1,3,"FileUpload(image) with legacy-path adapter",ImageColumn,,,,,,,,,,4f53cda18c2baa0c0354bb5f9a3ecbe5ed12ab4d8e11ba873c2f11161202b945,[],"preserve existing URLs and derivatives; validate real MIME/decode/size/path"
916,77,port-prev-items,port_prev_items,"App\Models\PortPrevItem",created_at,timestamp,"Created At",0,1,1,1,0,1,4,"DateTimePicker or read-only Placeholder",TextColumn(dateTime),,,,,,,,,,4f53cda18c2baa0c0354bb5f9a3ecbe5ed12ab4d8e11ba873c2f11161202b945,[],
917,77,port-prev-items,port_prev_items,"App\Models\PortPrevItem",updated_at,timestamp,"Updated At",0,0,0,0,0,0,5,"DateTimePicker or read-only Placeholder",TextColumn(dateTime),,,,,,,,,,4f53cda18c2baa0c0354bb5f9a3ecbe5ed12ab4d8e11ba873c2f11161202b945,[],"omit from UI unless server-side lifecycle requires it"
958,78,stocks,stocks,"App\Models\Stock",id,text,Id,1,0,0,0,0,0,1,TextInput,TextColumn,,,,,,,,,,4f53cda18c2baa0c0354bb5f9a3ecbe5ed12ab4d8e11ba873c2f11161202b945,[],"required; omit from UI unless server-side lifecycle requires it"
2078,78,stocks,stocks,"App\Models\Stock",title,text,Title,0,1,1,1,1,1,2,TextInput,TextColumn,,,,,,,,,,4f53cda18c2baa0c0354bb5f9a3ecbe5ed12ab4d8e11ba873c2f11161202b945,[],
959,78,stocks,stocks,"App\Models\Stock",friend_sale,number,"Пригласить друга - скидка €",0,1,1,1,1,1,3,TextInput(numeric),TextColumn(numeric),,,,,,,,,,4f53cda18c2baa0c0354bb5f9a3ecbe5ed12ab4d8e11ba873c2f11161202b945,[],
960,78,stocks,stocks,"App\Models\Stock",date_1_sale,number,"Дата-1 € скидка",0,1,1,1,1,1,4,TextInput(numeric),TextColumn(numeric),,,,,,,,,,4f53cda18c2baa0c0354bb5f9a3ecbe5ed12ab4d8e11ba873c2f11161202b945,[],
961,78,stocks,stocks,"App\Models\Stock",date_2_sale,number,"Дата-2 € скидка",0,1,1,1,1,1,5,TextInput(numeric),TextColumn(numeric),,,,,,,,,,4f53cda18c2baa0c0354bb5f9a3ecbe5ed12ab4d8e11ba873c2f11161202b945,[],
962,78,stocks,stocks,"App\Models\Stock",custom_coupon_sale,number,"Купон при заказе от 300€",0,0,1,1,1,1,6,TextInput(numeric),TextColumn(numeric),,,,,,,,,,4f53cda18c2baa0c0354bb5f9a3ecbe5ed12ab4d8e11ba873c2f11161202b945,[],
963,78,stocks,stocks,"App\Models\Stock",facebook_sale,number,"Скидка за facebook (%)",0,0,1,1,1,1,7,TextInput(numeric),TextColumn(numeric),,,,,,,,,,4f53cda18c2baa0c0354bb5f9a3ecbe5ed12ab4d8e11ba873c2f11161202b945,[],
969,78,stocks,stocks,"App\Models\Stock",custom_alr_in_use,text,"Вы уже пригласили друга",0,0,1,1,1,1,8,TextInput,TextColumn,,,,,,,,,,4f53cda18c2baa0c0354bb5f9a3ecbe5ed12ab4d8e11ba873c2f11161202b945,[],
970,78,stocks,stocks,"App\Models\Stock",print_alr_in_use,text,"Принт уже был использован",0,0,1,1,1,1,9,TextInput,TextColumn,,,,,,,,,,4f53cda18c2baa0c0354bb5f9a3ecbe5ed12ab4d8e11ba873c2f11161202b945,[],
971,78,stocks,stocks,"App\Models\Stock",dates_alr_in_use,text,"Скидка уже был использована",0,0,1,1,1,1,10,TextInput,TextColumn,,,,,,,,,,4f53cda18c2baa0c0354bb5f9a3ecbe5ed12ab4d8e11ba873c2f11161202b945,[],
986,78,stocks,stocks,"App\Models\Stock",meta_title,text,"Мета заголовок",0,0,1,1,1,1,11,TextInput,TextColumn,,,,,,,,,,4f53cda18c2baa0c0354bb5f9a3ecbe5ed12ab4d8e11ba873c2f11161202b945,[],
2079,78,stocks,stocks,"App\Models\Stock",meta_description,text,"Meta Description",0,1,1,1,1,1,12,TextInput,TextColumn,,,,,,,,,,4f53cda18c2baa0c0354bb5f9a3ecbe5ed12ab4d8e11ba873c2f11161202b945,[],
987,78,stocks,stocks,"App\Models\Stock",poss_sales,text,"Возможные скидки",0,0,1,1,1,1,13,TextInput,TextColumn,,,,,,,,,,4f53cda18c2baa0c0354bb5f9a3ecbe5ed12ab4d8e11ba873c2f11161202b945,[],
988,78,stocks,stocks,"App\Models\Stock",etc_actual_subm,text,"Другие актуальные предложения",0,0,1,1,1,1,14,TextInput,TextColumn,,,,,,,,,,4f53cda18c2baa0c0354bb5f9a3ecbe5ed12ab4d8e11ba873c2f11161202b945,[],
989,78,stocks,stocks,"App\Models\Stock",modc_title,text,"Модульные картины",0,0,1,1,1,1,15,TextInput,TextColumn,,,,,,,,,,4f53cda18c2baa0c0354bb5f9a3ecbe5ed12ab4d8e11ba873c2f11161202b945,[],
990,78,stocks,stocks,"App\Models\Stock",modc_sale,text,"РАСПРОДАЖА МОДУЛЬНЫХ КАРТИН",0,0,1,1,1,1,16,TextInput,TextColumn,,,,,,,,,,4f53cda18c2baa0c0354bb5f9a3ecbe5ed12ab4d8e11ba873c2f11161202b945,[],
991,78,stocks,stocks,"App\Models\Stock",fotoc,text,ФОТОКАРТИНЫ,0,0,1,1,1,1,17,TextInput,TextColumn,,,,,,,,,,4f53cda18c2baa0c0354bb5f9a3ecbe5ed12ab4d8e11ba873c2f11161202b945,[],
992,78,stocks,stocks,"App\Models\Stock",fotoc_sale,text,"РАСПРОДАЖА ФОТОКАРТИН",0,0,1,1,1,1,18,TextInput,TextColumn,,,,,,,,,,4f53cda18c2baa0c0354bb5f9a3ecbe5ed12ab4d8e11ba873c2f11161202b945,[],
993,78,stocks,stocks,"App\Models\Stock",repr,text,РЕПРОДУКЦИИ,0,0,1,1,1,1,19,TextInput,TextColumn,,,,,,,,,,4f53cda18c2baa0c0354bb5f9a3ecbe5ed12ab4d8e11ba873c2f11161202b945,[],
994,78,stocks,stocks,"App\Models\Stock",repr_sale,text,"РАСПРОДАЖА РЕПРОДУКЦИЙ",0,0,1,1,1,1,20,TextInput,TextColumn,,,,,,,,,,4f53cda18c2baa0c0354bb5f9a3ecbe5ed12ab4d8e11ba873c2f11161202b945,[],
1376,78,stocks,stocks,"App\Models\Stock",dates_title,text,"2 даты - заголовок",0,0,1,1,1,1,21,TextInput,TextColumn,,,,,,,,,,4f53cda18c2baa0c0354bb5f9a3ecbe5ed12ab4d8e11ba873c2f11161202b945,[],
1373,78,stocks,stocks,"App\Models\Stock",dates_tip,text,"2 даты - подсказка",0,0,1,1,1,1,22,TextInput,TextColumn,,,,,,,,,,4f53cda18c2baa0c0354bb5f9a3ecbe5ed12ab4d8e11ba873c2f11161202b945,[],
995,78,stocks,stocks,"App\Models\Stock",dates_sales_text,rich_text_box,"2 даты - текст",0,0,1,1,1,1,23,"RichEditor with explicit HTML allowlist","TextColumn(html disabled by default)",,,,,,,,,,4f53cda18c2baa0c0354bb5f9a3ecbe5ed12ab4d8e11ba873c2f11161202b945,[],"trusted-content allowlist and XSS/CSP review"
996,78,stocks,stocks,"App\Models\Stock",dates_sales_btn_text,text,"УКАЗАТЬ ДАТЫ",0,0,1,1,1,1,24,TextInput,TextColumn,,,,,,,,,,4f53cda18c2baa0c0354bb5f9a3ecbe5ed12ab4d8e11ba873c2f11161202b945,[],
1378,78,stocks,stocks,"App\Models\Stock",friend_title,text,"друг - подсказка",0,0,1,1,1,1,25,TextInput,TextColumn,,,,,,,,,,4f53cda18c2baa0c0354bb5f9a3ecbe5ed12ab4d8e11ba873c2f11161202b945,[],
1374,78,stocks,stocks,"App\Models\Stock",friend_tip,text,"друг - заголовок",0,0,1,1,1,1,26,TextInput,TextColumn,,,,,,,,,,4f53cda18c2baa0c0354bb5f9a3ecbe5ed12ab4d8e11ba873c2f11161202b945,[],
997,78,stocks,stocks,"App\Models\Stock",friend_sale_text,rich_text_box,"друг - текст",0,0,1,1,1,1,27,"RichEditor with explicit HTML allowlist","TextColumn(html disabled by default)",,,,,,,,,,4f53cda18c2baa0c0354bb5f9a3ecbe5ed12ab4d8e11ba873c2f11161202b945,[],"trusted-content allowlist and XSS/CSP review"
998,78,stocks,stocks,"App\Models\Stock",friend_sale_btn_text,text,"СГЕНЕРИРОВАТЬ КОД",0,0,1,1,1,1,28,TextInput,TextColumn,,,,,,,,,,4f53cda18c2baa0c0354bb5f9a3ecbe5ed12ab4d8e11ba873c2f11161202b945,[],
1377,78,stocks,stocks,"App\Models\Stock",print_title,text,"PrintScreen - заголовок",0,0,1,1,1,1,29,TextInput,TextColumn,,,,,,,,,,4f53cda18c2baa0c0354bb5f9a3ecbe5ed12ab4d8e11ba873c2f11161202b945,[],
1375,78,stocks,stocks,"App\Models\Stock",print_tip,text,"PrintScreen - подсказка",0,0,1,1,1,1,30,TextInput,TextColumn,,,,,,,,,,4f53cda18c2baa0c0354bb5f9a3ecbe5ed12ab4d8e11ba873c2f11161202b945,[],
999,78,stocks,stocks,"App\Models\Stock",print_text,rich_text_box," PrintScreen - текст",0,0,1,1,1,1,31,"RichEditor with explicit HTML allowlist","TextColumn(html disabled by default)",,,,,,,,,,4f53cda18c2baa0c0354bb5f9a3ecbe5ed12ab4d8e11ba873c2f11161202b945,[],"trusted-content allowlist and XSS/CSP review"
1000,78,stocks,stocks,"App\Models\Stock",print_btn_text,text,ЗАГРУЗИТЬ,0,0,1,1,1,1,32,TextInput,TextColumn,,,,,,,,,,4f53cda18c2baa0c0354bb5f9a3ecbe5ed12ab4d8e11ba873c2f11161202b945,[],
1001,78,stocks,stocks,"App\Models\Stock",foto_free_text,rich_text_box,"30x40 бесплатно",0,0,1,1,1,1,33,"RichEditor with explicit HTML allowlist","TextColumn(html disabled by default)",,,,,,,,,,4f53cda18c2baa0c0354bb5f9a3ecbe5ed12ab4d8e11ba873c2f11161202b945,[],"trusted-content allowlist and XSS/CSP review"
1002,78,stocks,stocks,"App\Models\Stock",foto_free_btn_text,text,"ОТПРАВИТЬ ДАННЫЕ",0,0,1,1,1,1,34,TextInput,TextColumn,,,,,,,,,,4f53cda18c2baa0c0354bb5f9a3ecbe5ed12ab4d8e11ba873c2f11161202b945,[],
1369,78,stocks,stocks,"App\Models\Stock",lk_title,text,"Личный кабинет",0,0,1,1,1,1,35,TextInput,TextColumn,,,,,,,,,,4f53cda18c2baa0c0354bb5f9a3ecbe5ed12ab4d8e11ba873c2f11161202b945,[],
964,78,stocks,stocks,"App\Models\Stock",created_at,timestamp,"Created At",0,0,1,1,0,1,36,"DateTimePicker or read-only Placeholder",TextColumn(dateTime),,,,,,,,,,4f53cda18c2baa0c0354bb5f9a3ecbe5ed12ab4d8e11ba873c2f11161202b945,[],
965,78,stocks,stocks,"App\Models\Stock",updated_at,timestamp,"Updated At",0,0,0,0,0,0,37,"DateTimePicker or read-only Placeholder",TextColumn(dateTime),,,,,,,,,,4f53cda18c2baa0c0354bb5f9a3ecbe5ed12ab4d8e11ba873c2f11161202b945,[],"omit from UI unless server-side lifecycle requires it"
975,79,string-tranlations2,string_tranlations2,"App\Models\StringTranlations2",id,text,Id,1,0,0,0,0,0,1,TextInput,TextColumn,,,,,,,,,,4f53cda18c2baa0c0354bb5f9a3ecbe5ed12ab4d8e11ba873c2f11161202b945,[],"required; omit from UI unless server-side lifecycle requires it"
976,79,string-tranlations2,string_tranlations2,"App\Models\StringTranlations2",suc,text,Успешно,0,1,1,1,1,1,2,TextInput,TextColumn,,,,,,,,,,4f53cda18c2baa0c0354bb5f9a3ecbe5ed12ab4d8e11ba873c2f11161202b945,[],
977,79,string-tranlations2,string_tranlations2,"App\Models\StringTranlations2",suc_send,text,"Успешно отправлено",0,1,1,1,1,1,3,TextInput,TextColumn,,,,,,,,,,4f53cda18c2baa0c0354bb5f9a3ecbe5ed12ab4d8e11ba873c2f11161202b945,[],
1062,79,string-tranlations2,string_tranlations2,"App\Models\StringTranlations2",get_time_to_order,text,"Успей купить",0,0,1,1,1,1,4,TextInput,TextColumn,,,,,,,,,,4f53cda18c2baa0c0354bb5f9a3ecbe5ed12ab4d8e11ba873c2f11161202b945,[],
1065,79,string-tranlations2,string_tranlations2,"App\Models\StringTranlations2",our_w_title,text,"Наши работы",0,0,1,1,1,1,5,TextInput,TextColumn,,,,,,,,,,4f53cda18c2baa0c0354bb5f9a3ecbe5ed12ab4d8e11ba873c2f11161202b945,[],
1066,79,string-tranlations2,string_tranlations2,"App\Models\StringTranlations2",cons_title,text,"Конструктор текст сверху",0,0,1,1,1,1,6,TextInput,TextColumn,,,,,,,,,,4f53cda18c2baa0c0354bb5f9a3ecbe5ed12ab4d8e11ba873c2f11161202b945,[],
1067,79,string-tranlations2,string_tranlations2,"App\Models\StringTranlations2",cons_link_text,text,"Конструктор текст ссылки",0,0,1,1,1,1,7,TextInput,TextColumn,,,,,,,,,,4f53cda18c2baa0c0354bb5f9a3ecbe5ed12ab4d8e11ba873c2f11161202b945,[],
1068,79,string-tranlations2,string_tranlations2,"App\Models\StringTranlations2",cons_bot_text,text,"конструктор текст снизу",0,0,1,1,1,1,8,TextInput,TextColumn,,,,,,,,,,4f53cda18c2baa0c0354bb5f9a3ecbe5ed12ab4d8e11ba873c2f11161202b945,[],
1069,79,string-tranlations2,string_tranlations2,"App\Models\StringTranlations2",pic_on_wall,text,"Картина на стене",0,0,1,1,1,1,9,TextInput,TextColumn,,,,,,,,,,4f53cda18c2baa0c0354bb5f9a3ecbe5ed12ab4d8e11ba873c2f11161202b945,[],
1087,79,string-tranlations2,string_tranlations2,"App\Models\StringTranlations2",orig_image,text,"Оригинал картинки",0,1,1,1,1,1,10,TextInput,TextColumn,,,,,,,,,,4f53cda18c2baa0c0354bb5f9a3ecbe5ed12ab4d8e11ba873c2f11161202b945,[],
1070,79,string-tranlations2,string_tranlations2,"App\Models\StringTranlations2",choose_product_before,text,"Для начала выберете продукт",0,0,1,1,1,1,11,TextInput,TextColumn,,,,,,,,,,4f53cda18c2baa0c0354bb5f9a3ecbe5ed12ab4d8e11ba873c2f11161202b945,[],
1084,79,string-tranlations2,string_tranlations2,"App\Models\StringTranlations2",pack,text,Упаковка,0,0,1,1,1,1,12,TextInput,TextColumn,,,,,,,,,,4f53cda18c2baa0c0354bb5f9a3ecbe5ed12ab4d8e11ba873c2f11161202b945,[],
1085,79,string-tranlations2,string_tranlations2,"App\Models\StringTranlations2",form_num_text,text,"Номер формы",0,0,1,1,1,1,13,TextInput,TextColumn,,,,,,,,,,4f53cda18c2baa0c0354bb5f9a3ecbe5ed12ab4d8e11ba873c2f11161202b945,[],
978,79,string-tranlations2,string_tranlations2,"App\Models\StringTranlations2",created_at,timestamp,"Created At",0,1,1,1,0,1,14,"DateTimePicker or read-only Placeholder",TextColumn(dateTime),,,,,,,,,,4f53cda18c2baa0c0354bb5f9a3ecbe5ed12ab4d8e11ba873c2f11161202b945,[],
979,79,string-tranlations2,string_tranlations2,"App\Models\StringTranlations2",updated_at,timestamp,"Updated At",0,0,0,0,0,0,15,"DateTimePicker or read-only Placeholder",TextColumn(dateTime),,,,,,,,,,4f53cda18c2baa0c0354bb5f9a3ecbe5ed12ab4d8e11ba873c2f11161202b945,[],"omit from UI unless server-side lifecycle requires it"
1160,79,string-tranlations2,string_tranlations2,"App\Models\StringTranlations2",gift_card,text,"Подарочная карта",0,0,1,1,1,1,16,TextInput,TextColumn,,,,,,,,,,4f53cda18c2baa0c0354bb5f9a3ecbe5ed12ab4d8e11ba873c2f11161202b945,[],
1161,79,string-tranlations2,string_tranlations2,"App\Models\StringTranlations2",sender,text,Отправитель,0,0,1,1,1,1,17,TextInput,TextColumn,,,,,,,,,,4f53cda18c2baa0c0354bb5f9a3ecbe5ed12ab4d8e11ba873c2f11161202b945,[],
1162,79,string-tranlations2,string_tranlations2,"App\Models\StringTranlations2",reseiver,text,Получатель,0,0,1,1,1,1,18,TextInput,TextColumn,,,,,,,,,,4f53cda18c2baa0c0354bb5f9a3ecbe5ed12ab4d8e11ba873c2f11161202b945,[],
1163,79,string-tranlations2,string_tranlations2,"App\Models\StringTranlations2",nominal,text,Номинал,0,0,1,1,1,1,19,TextInput,TextColumn,,,,,,,,,,4f53cda18c2baa0c0354bb5f9a3ecbe5ed12ab4d8e11ba873c2f11161202b945,[],
1173,79,string-tranlations2,string_tranlations2,"App\Models\StringTranlations2",you_have_checked_only,text,"Вы можете выбрать только:",0,0,1,1,1,1,20,TextInput,TextColumn,,,,,,,,,,4f53cda18c2baa0c0354bb5f9a3ecbe5ed12ab4d8e11ba873c2f11161202b945,[],
1164,79,string-tranlations2,string_tranlations2,"App\Models\StringTranlations2",date,text,Дата,0,0,1,1,1,1,21,TextInput,TextColumn,,,,,,,,,,4f53cda18c2baa0c0354bb5f9a3ecbe5ed12ab4d8e11ba873c2f11161202b945,[],
1165,79,string-tranlations2,string_tranlations2,"App\Models\StringTranlations2",torjname,text,"Имя торжества",0,0,1,1,1,1,22,TextInput,TextColumn,,,,,,,,,,4f53cda18c2baa0c0354bb5f9a3ecbe5ed12ab4d8e11ba873c2f11161202b945,[],
1166,79,string-tranlations2,string_tranlations2,"App\Models\StringTranlations2",torjtext,text,"Текст поздравления",0,0,1,1,1,1,23,TextInput,TextColumn,,,,,,,,,,4f53cda18c2baa0c0354bb5f9a3ecbe5ed12ab4d8e11ba873c2f11161202b945,[],
1167,79,string-tranlations2,string_tranlations2,"App\Models\StringTranlations2",card_type,text,"Тип карты",0,0,1,1,1,1,24,TextInput,TextColumn,,,,,,,,,,4f53cda18c2baa0c0354bb5f9a3ecbe5ed12ab4d8e11ba873c2f11161202b945,[],
1168,79,string-tranlations2,string_tranlations2,"App\Models\StringTranlations2",nom_hide,text,скрыть,0,0,1,1,1,1,25,TextInput,TextColumn,,,,,,,,,,4f53cda18c2baa0c0354bb5f9a3ecbe5ed12ab4d8e11ba873c2f11161202b945,[],
1169,79,string-tranlations2,string_tranlations2,"App\Models\StringTranlations2",nom_show,text,показать,0,0,1,1,1,1,26,TextInput,TextColumn,,,,,,,,,,4f53cda18c2baa0c0354bb5f9a3ecbe5ed12ab4d8e11ba873c2f11161202b945,[],
1174,79,string-tranlations2,string_tranlations2,"App\Models\StringTranlations2",hello_text,text,Здравствуйте!,0,0,1,1,1,1,27,TextInput,TextColumn,,,,,,,,,,4f53cda18c2baa0c0354bb5f9a3ecbe5ed12ab4d8e11ba873c2f11161202b945,[],
1175,79,string-tranlations2,string_tranlations2,"App\Models\StringTranlations2",thansk_for_order,text,"Спасибо за заказ!",0,0,1,1,1,1,28,TextInput,TextColumn,,,,,,,,,,4f53cda18c2baa0c0354bb5f9a3ecbe5ed12ab4d8e11ba873c2f11161202b945,[],
1176,79,string-tranlations2,string_tranlations2,"App\Models\StringTranlations2",string_thanks,text,"Мы получили Ваш заказ!...",0,0,1,1,1,1,29,TextInput,TextColumn,,,,,,,,,,4f53cda18c2baa0c0354bb5f9a3ecbe5ed12ab4d8e11ba873c2f11161202b945,[],
1177,79,string-tranlations2,string_tranlations2,"App\Models\StringTranlations2",viar_team,text,"Команда viarcanvas",0,0,1,1,1,1,30,TextInput,TextColumn,,,,,,,,,,4f53cda18c2baa0c0354bb5f9a3ecbe5ed12ab4d8e11ba873c2f11161202b945,[],
1206,79,string-tranlations2,string_tranlations2,"App\Models\StringTranlations2",form_id,text,Форма,0,0,1,1,1,1,31,TextInput,TextColumn,,,,,,,,,,4f53cda18c2baa0c0354bb5f9a3ecbe5ed12ab4d8e11ba873c2f11161202b945,[],
1207,79,string-tranlations2,string_tranlations2,"App\Models\StringTranlations2",orig_images,text,"Оригиналы картинок",0,0,1,1,1,1,32,TextInput,TextColumn,,,,,,,,,,4f53cda18c2baa0c0354bb5f9a3ecbe5ed12ab4d8e11ba873c2f11161202b945,[],
1208,79,string-tranlations2,string_tranlations2,"App\Models\StringTranlations2",welcome_user,text,"Добро пожаловать",0,0,1,1,1,1,33,TextInput,TextColumn,,,,,,,,,,4f53cda18c2baa0c0354bb5f9a3ecbe5ed12ab4d8e11ba873c2f11161202b945,[],
1209,79,string-tranlations2,string_tranlations2,"App\Models\StringTranlations2",welcome_your_pass,text,"Ваш пароль для входа:",0,0,1,1,1,1,34,TextInput,TextColumn,,,,,,,,,,4f53cda18c2baa0c0354bb5f9a3ecbe5ed12ab4d8e11ba873c2f11161202b945,[],
1211,79,string-tranlations2,string_tranlations2,"App\Models\StringTranlations2",foto_rabot,text,"Фото работ",0,0,1,1,1,1,35,TextInput,TextColumn,,,,,,,,,,4f53cda18c2baa0c0354bb5f9a3ecbe5ed12ab4d8e11ba873c2f11161202b945,[],
1241,79,string-tranlations2,string_tranlations2,"App\Models\StringTranlations2",choose_pic,text,"Выбрать картину",0,0,1,1,1,1,36,TextInput,TextColumn,,,,,,,,,,4f53cda18c2baa0c0354bb5f9a3ecbe5ed12ab4d8e11ba873c2f11161202b945,[],
1242,79,string-tranlations2,string_tranlations2,"App\Models\StringTranlations2",share_text,text,Поделиться,0,0,1,1,1,1,37,TextInput,TextColumn,,,,,,,,,,4f53cda18c2baa0c0354bb5f9a3ecbe5ed12ab4d8e11ba873c2f11161202b945,[],
1246,79,string-tranlations2,string_tranlations2,"App\Models\StringTranlations2",suc_send_fb_sale,text,"Скидка fb успешно отправлена",0,0,1,1,1,1,38,TextInput,TextColumn,,,,,,,,,,4f53cda18c2baa0c0354bb5f9a3ecbe5ed12ab4d8e11ba873c2f11161202b945,[],
1247,79,string-tranlations2,string_tranlations2,"App\Models\StringTranlations2",z_mak_subj,text,"Макет сегодня - заголовок",0,0,1,1,1,1,39,TextInput,TextColumn,,,,,,,,,,4f53cda18c2baa0c0354bb5f9a3ecbe5ed12ab4d8e11ba873c2f11161202b945,[],
1249,79,string-tranlations2,string_tranlations2,"App\Models\StringTranlations2",z_mak_name,text,"Макет сегодня - имя",0,0,1,1,1,1,40,TextInput,TextColumn,,,,,,,,,,4f53cda18c2baa0c0354bb5f9a3ecbe5ed12ab4d8e11ba873c2f11161202b945,[],
1250,79,string-tranlations2,string_tranlations2,"App\Models\StringTranlations2",z_mak_tel,text,"Макет сегодня - телефон",0,0,1,1,1,1,41,TextInput,TextColumn,,,,,,,,,,4f53cda18c2baa0c0354bb5f9a3ecbe5ed12ab4d8e11ba873c2f11161202b945,[],
1251,79,string-tranlations2,string_tranlations2,"App\Models\StringTranlations2",z_mak_imgs,text,"Макет сегодня - изображения",0,0,1,1,1,1,42,TextInput,TextColumn,,,,,,,,,,4f53cda18c2baa0c0354bb5f9a3ecbe5ed12ab4d8e11ba873c2f11161202b945,[],
1252,79,string-tranlations2,string_tranlations2,"App\Models\StringTranlations2",z_mak_usr_thanks,text,"Спасибо, ваша заявка принята! Мы свяжемся с вами в ближайшее время.",0,0,1,1,1,1,43,TextInput,TextColumn,,,,,,,,,,4f53cda18c2baa0c0354bb5f9a3ecbe5ed12ab4d8e11ba873c2f11161202b945,[],
1253,79,string-tranlations2,string_tranlations2,"App\Models\StringTranlations2",your_checkour_text,text,"Ваш счет:",0,0,1,1,1,1,44,TextInput,TextColumn,,,,,,,,,,4f53cda18c2baa0c0354bb5f9a3ecbe5ed12ab4d8e11ba873c2f11161202b945,[],
1254,79,string-tranlations2,string_tranlations2,"App\Models\StringTranlations2",act_30_40_title,text,"VIARCANVAS – Картина 30х40 см БЕСПЛАТНО! В замен на красивую фотографию:",0,0,1,1,1,1,45,TextInput,TextColumn,,,,,,,,,,4f53cda18c2baa0c0354bb5f9a3ecbe5ed12ab4d8e11ba873c2f11161202b945,[],
1258,79,string-tranlations2,string_tranlations2,"App\Models\StringTranlations2",act_dates_title,text,"VIARCANVAS – скидка на 2 даты",0,0,1,1,1,1,46,TextInput,TextColumn,,,,,,,,,,4f53cda18c2baa0c0354bb5f9a3ecbe5ed12ab4d8e11ba873c2f11161202b945,[],
1259,79,string-tranlations2,string_tranlations2,"App\Models\StringTranlations2",your_act_date_code,text,"Ваш подарочный код:",0,0,1,1,1,1,47,TextInput,TextColumn,,,,,,,,,,4f53cda18c2baa0c0354bb5f9a3ecbe5ed12ab4d8e11ba873c2f11161202b945,[],
1261,79,string-tranlations2,string_tranlations2,"App\Models\StringTranlations2",coup_on_2_dates,text,"Купон на 2 даты",0,0,1,1,1,1,48,TextInput,TextColumn,,,,,,,,,,4f53cda18c2baa0c0354bb5f9a3ecbe5ed12ab4d8e11ba873c2f11161202b945,[],
1262,79,string-tranlations2,string_tranlations2,"App\Models\StringTranlations2",leave_rev_sub,text,"VIARCANVAS – оставьте ваш отзыв о нас",0,0,1,1,1,1,49,TextInput,TextColumn,,,,,,,,,,4f53cda18c2baa0c0354bb5f9a3ecbe5ed12ab4d8e11ba873c2f11161202b945,[],
1245,79,string-tranlations2,string_tranlations2,"App\Models\StringTranlations2",status_pending,text,"Статус ""В процессе""",0,0,1,1,1,1,50,TextInput,TextColumn,,,,,,,,,,4f53cda18c2baa0c0354bb5f9a3ecbe5ed12ab4d8e11ba873c2f11161202b945,[],
1370,79,string-tranlations2,string_tranlations2,"App\Models\StringTranlations2",sitemap_title,text,"Карта сайта",0,0,1,1,1,1,51,TextInput,TextColumn,,,,,,,,,,4f53cda18c2baa0c0354bb5f9a3ecbe5ed12ab4d8e11ba873c2f11161202b945,[],
1266,79,string-tranlations2,string_tranlations2,"App\Models\StringTranlations2",status_watching,text,"Статус ""На рассмотрении""",0,0,1,1,1,1,52,TextInput,TextColumn,,,,,,,,,,4f53cda18c2baa0c0354bb5f9a3ecbe5ed12ab4d8e11ba873c2f11161202b945,[],
1371,79,string-tranlations2,string_tranlations2,"App\Models\StringTranlations2",skr_ugl,text,"Скругления углов:",0,0,1,1,1,1,53,TextInput,TextColumn,,,,,,,,,,4f53cda18c2baa0c0354bb5f9a3ecbe5ed12ab4d8e11ba873c2f11161202b945,[],
1372,79,string-tranlations2,string_tranlations2,"App\Models\StringTranlations2",mj_yach,text,"Между ячейками:",0,0,1,1,1,1,54,TextInput,TextColumn,,,,,,,,,,4f53cda18c2baa0c0354bb5f9a3ecbe5ed12ab4d8e11ba873c2f11161202b945,[],
1267,79,string-tranlations2,string_tranlations2,"App\Models\StringTranlations2",hud_of_text,text,"Художественное оформление",0,0,1,1,1,1,55,TextInput,TextColumn,,,,,,,,,,4f53cda18c2baa0c0354bb5f9a3ecbe5ed12ab4d8e11ba873c2f11161202b945,[],
1286,79,string-tranlations2,string_tranlations2,"App\Models\StringTranlations2",jel_dost_thanks,text,"Желаемая дата доставки:",0,0,1,1,1,1,56,TextInput,TextColumn,,,,,,,,,,4f53cda18c2baa0c0354bb5f9a3ecbe5ed12ab4d8e11ba873c2f11161202b945,[],
1295,79,string-tranlations2,string_tranlations2,"App\Models\StringTranlations2",for_ram_text,text,"за раму",0,0,1,1,1,1,57,TextInput,TextColumn,,,,,,,,,,4f53cda18c2baa0c0354bb5f9a3ecbe5ed12ab4d8e11ba873c2f11161202b945,[],
1296,79,string-tranlations2,string_tranlations2,"App\Models\StringTranlations2",is_total,text,Всего:,0,1,1,1,1,1,58,TextInput,TextColumn,,,,,,,,,,4f53cda18c2baa0c0354bb5f9a3ecbe5ed12ab4d8e11ba873c2f11161202b945,[],
1297,79,string-tranlations2,string_tranlations2,"App\Models\StringTranlations2",checkout_text,text,"Подтверждение счета - текст",0,0,1,1,1,1,59,TextInput,TextColumn,,,,,,,,,,4f53cda18c2baa0c0354bb5f9a3ecbe5ed12ab4d8e11ba873c2f11161202b945,[],
1298,79,string-tranlations2,string_tranlations2,"App\Models\StringTranlations2",code_gift,text,"Ваш подарочный код:",0,0,1,1,1,1,60,TextInput,TextColumn,,,,,,,,,,4f53cda18c2baa0c0354bb5f9a3ecbe5ed12ab4d8e11ba873c2f11161202b945,[],
1300,79,string-tranlations2,string_tranlations2,"App\Models\StringTranlations2",coup_30_40_text,text,"Купон 30x40 - тема письма",0,0,1,1,1,1,61,TextInput,TextColumn,,,,,,,,,,4f53cda18c2baa0c0354bb5f9a3ecbe5ed12ab4d8e11ba873c2f11161202b945,[],
1003,80,coupons,coupons,"App\Models\Coupon",id,text,Id,1,1,0,0,0,0,0,TextInput,TextColumn,,,,,,,,,,4f53cda18c2baa0c0354bb5f9a3ecbe5ed12ab4d8e11ba873c2f11161202b945,[],required
1007,80,coupons,coupons,"App\Models\Coupon",text,text,"Код купона",0,1,1,1,0,0,1,TextInput,TextColumn,,,,,,,,,,4f53cda18c2baa0c0354bb5f9a3ecbe5ed12ab4d8e11ba873c2f11161202b945,[],
1004,80,coupons,coupons,"App\Models\Coupon",value,text,"Скидка €",0,1,1,1,1,1,2,TextInput,TextColumn,,,,,,,,,,4f53cda18c2baa0c0354bb5f9a3ecbe5ed12ab4d8e11ba873c2f11161202b945,[],
1191,80,coupons,coupons,"App\Models\Coupon",is_30_40_free,select_dropdown,"Купон 30x40",0,1,1,1,1,1,4,"Select with explicit options",TextColumn/badge,,,,,,,,,"[""Нет"",""Да""]",3fbeed7d4aa86ef85bcff760a395b1dd668398ea56dd58252fce109a1cd9c6d8,"{""default"":""0"",""options"":[""Нет"",""Да""]}",
1260,80,coupons,coupons,"App\Models\Coupon",is_dates_sale,select_dropdown,"Купон на 2 даты",0,1,1,1,1,1,5,"Select with explicit options",TextColumn/badge,,,,,,,,,"[""Нет"",""Да""]",3fbeed7d4aa86ef85bcff760a395b1dd668398ea56dd58252fce109a1cd9c6d8,"{""default"":""0"",""options"":[""Нет"",""Да""]}",
1515,80,coupons,coupons,"App\Models\Coupon",is_universal,select_dropdown,"Универсальный купон",0,1,1,1,1,1,6,"Select with explicit options",TextColumn/badge,,,,,,,,,"[""Нет"",""Да""]",3fbeed7d4aa86ef85bcff760a395b1dd668398ea56dd58252fce109a1cd9c6d8,"{""default"":""0"",""options"":[""Нет"",""Да""]}",
2203,80,coupons,coupons,"App\Models\Coupon",is_active,checkbox,"Is Active",1,1,1,1,1,1,7,"Toggle or Checkbox",IconColumn(boolean),,,,,,,,,,4f53cda18c2baa0c0354bb5f9a3ecbe5ed12ab4d8e11ba873c2f11161202b945,[],required
2204,80,coupons,coupons,"App\Models\Coupon",is_multiuse,number,"Is Multiuse",1,1,1,1,1,1,8,TextInput(numeric),TextColumn(numeric),,,,,,,,,,4f53cda18c2baa0c0354bb5f9a3ecbe5ed12ab4d8e11ba873c2f11161202b945,[],required
2205,80,coupons,coupons,"App\Models\Coupon",user_id,number,"Id пользователя",1,1,1,1,1,1,9,TextInput(numeric),TextColumn(numeric),,,,,,,,,,4f53cda18c2baa0c0354bb5f9a3ecbe5ed12ab4d8e11ba873c2f11161202b945,[],required
2206,80,coupons,coupons,"App\Models\Coupon",sale_date,text,"Sale Date",0,1,1,1,1,1,10,TextInput,TextColumn,,,,,,,,,,4f53cda18c2baa0c0354bb5f9a3ecbe5ed12ab4d8e11ba873c2f11161202b945,[],
2207,80,coupons,coupons,"App\Models\Coupon",is_facebook,number,"Is Facebook",1,1,1,1,1,1,11,TextInput(numeric),TextColumn(numeric),,,,,,,,,,4f53cda18c2baa0c0354bb5f9a3ecbe5ed12ab4d8e11ba873c2f11161202b945,[],required
2208,80,coupons,coupons,"App\Models\Coupon",is_40_60,number,"Is 40 60",1,1,1,1,1,1,12,TextInput(numeric),TextColumn(numeric),,,,,,,,,,4f53cda18c2baa0c0354bb5f9a3ecbe5ed12ab4d8e11ba873c2f11161202b945,[],required
2209,80,coupons,coupons,"App\Models\Coupon",is_1free,number,"Is 1free",1,1,1,1,1,1,13,TextInput(numeric),TextColumn(numeric),,,,,,,,,,4f53cda18c2baa0c0354bb5f9a3ecbe5ed12ab4d8e11ba873c2f11161202b945,[],required
2210,80,coupons,coupons,"App\Models\Coupon",free_delivery,number,"Бесплатная доставка",1,1,1,1,1,1,14,TextInput(numeric),TextColumn(numeric),,,,,,,,,,4f53cda18c2baa0c0354bb5f9a3ecbe5ed12ab4d8e11ba873c2f11161202b945,[],required
2273,80,coupons,coupons,"App\Models\Coupon",is_abandoned_basket,select_dropdown,"Борошенная корзина",1,1,1,1,1,1,15,"Select with explicit options",TextColumn/badge,,,,,,,,,"[""Нет"",""Да""]",3fbeed7d4aa86ef85bcff760a395b1dd668398ea56dd58252fce109a1cd9c6d8,"{""default"":""0"",""options"":[""Нет"",""Да""]}",required
2274,80,coupons,coupons,"App\Models\Coupon",is_giftcard,select_dropdown,"Подарочная карта",1,1,1,1,1,1,16,"Select with explicit options",TextColumn/badge,,,,,,,,,"[""Нет"",""Да""]",3fbeed7d4aa86ef85bcff760a395b1dd668398ea56dd58252fce109a1cd9c6d8,"{""default"":""0"",""options"":[""Нет"",""Да""]}",required
2275,80,coupons,coupons,"App\Models\Coupon",is_offline,select_dropdown,"Тип карты",1,1,1,1,1,1,17,"Select with explicit options",TextColumn/badge,,,,,,,,,"[""Online"",""Offline""]",690090000aeb5bf0f7dde5fce30915fc601f2735ea07121e8cadf10ee03e1d77,"{""default"":""0"",""options"":[""Online"",""Offline""]}",required
2276,80,coupons,coupons,"App\Models\Coupon",order_id,number,"# заказа",1,1,1,1,1,1,18,TextInput(numeric),TextColumn(numeric),,,,,,,,,,c0aa7b8e7ba03388c944277ef048f493dbf592ef94db55fec63df737b299503a,"{""default"":""0""}",required
2277,80,coupons,coupons,"App\Models\Coupon",pdf,text,Pdf,0,1,1,1,1,1,19,TextInput,TextColumn,,,,,,,,,,4f53cda18c2baa0c0354bb5f9a3ecbe5ed12ab4d8e11ba873c2f11161202b945,[],
1005,80,coupons,coupons,"App\Models\Coupon",created_at,timestamp,"Created At",0,1,1,1,0,1,20,"DateTimePicker or read-only Placeholder",TextColumn(dateTime),,,,,,,,,,4f53cda18c2baa0c0354bb5f9a3ecbe5ed12ab4d8e11ba873c2f11161202b945,[],
1006,80,coupons,coupons,"App\Models\Coupon",updated_at,timestamp,"Updated At",0,0,0,0,0,0,21,"DateTimePicker or read-only Placeholder",TextColumn(dateTime),,,,,,,,,,4f53cda18c2baa0c0354bb5f9a3ecbe5ed12ab4d8e11ba873c2f11161202b945,[],"omit from UI unless server-side lifecycle requires it"
1008,81,order-action,order_action,"App\Models\OrderAction",id,text,Id,1,0,0,0,0,0,1,TextInput,TextColumn,,,,,,,,,,4f53cda18c2baa0c0354bb5f9a3ecbe5ed12ab4d8e11ba873c2f11161202b945,[],"required; omit from UI unless server-side lifecycle requires it"
1009,81,order-action,order_action,"App\Models\OrderAction",user,text,Пользователь,0,1,1,1,1,1,2,TextInput,TextColumn,,,,,,,,,,4f53cda18c2baa0c0354bb5f9a3ecbe5ed12ab4d8e11ba873c2f11161202b945,[],
1010,81,order-action,order_action,"App\Models\OrderAction",activity,rich_text_box,Активность,0,1,1,1,1,1,3,"RichEditor with explicit HTML allowlist","TextColumn(html disabled by default)",,,,,,,,,,4f53cda18c2baa0c0354bb5f9a3ecbe5ed12ab4d8e11ba873c2f11161202b945,[],"trusted-content allowlist and XSS/CSP review"
1011,81,order-action,order_action,"App\Models\OrderAction",created_at,timestamp,"Created At",0,1,1,1,0,1,4,"DateTimePicker or read-only Placeholder",TextColumn(dateTime),,,,,,,,,,4f53cda18c2baa0c0354bb5f9a3ecbe5ed12ab4d8e11ba873c2f11161202b945,[],
1012,81,order-action,order_action,"App\Models\OrderAction",updated_at,timestamp,"Updated At",0,0,0,0,0,0,5,"DateTimePicker or read-only Placeholder",TextColumn(dateTime),,,,,,,,,,4f53cda18c2baa0c0354bb5f9a3ecbe5ed12ab4d8e11ba873c2f11161202b945,[],"omit from UI unless server-side lifecycle requires it"
1013,82,gift-card,gift_card,"App\Models\GiftCard",id,text,Id,1,0,0,0,0,0,1,TextInput,TextColumn,,,,,,,,,,4f53cda18c2baa0c0354bb5f9a3ecbe5ed12ab4d8e11ba873c2f11161202b945,[],"required; omit from UI unless server-side lifecycle requires it"
1014,82,gift-card,gift_card,"App\Models\GiftCard",meta_title,text,"Мета заголовок",0,1,1,1,1,1,2,TextInput,TextColumn,,,,,,,,,,4f53cda18c2baa0c0354bb5f9a3ecbe5ed12ab4d8e11ba873c2f11161202b945,[],
1015,82,gift-card,gift_card,"App\Models\GiftCard",title,text,Заголовок,0,1,1,1,1,1,3,TextInput,TextColumn,,,,,,,,,,4f53cda18c2baa0c0354bb5f9a3ecbe5ed12ab4d8e11ba873c2f11161202b945,[],
1016,82,gift-card,gift_card,"App\Models\GiftCard",desc,text,Описание,0,1,1,1,1,1,4,TextInput,TextColumn,,,,,,,,,,4f53cda18c2baa0c0354bb5f9a3ecbe5ed12ab4d8e11ba873c2f11161202b945,[],
1017,82,gift-card,gift_card,"App\Models\GiftCard",nom_title,text,"Выберите номинал",0,1,1,1,1,1,5,TextInput,TextColumn,,,,,,,,,,4f53cda18c2baa0c0354bb5f9a3ecbe5ed12ab4d8e11ba873c2f11161202b945,[],
1018,82,gift-card,gift_card,"App\Models\GiftCard",when_send_title,text,"Когда отправить",0,1,1,1,1,1,6,TextInput,TextColumn,,,,,,,,,,4f53cda18c2baa0c0354bb5f9a3ecbe5ed12ab4d8e11ba873c2f11161202b945,[],
1020,82,gift-card,gift_card,"App\Models\GiftCard",or_enter_custom_summ,text,"Или укажите свою сумму",0,1,1,1,1,1,7,TextInput,TextColumn,,,,,,,,,,4f53cda18c2baa0c0354bb5f9a3ecbe5ed12ab4d8e11ba873c2f11161202b945,[],
1047,82,gift-card,gift_card,"App\Models\GiftCard",custom_summ,text,"Своя сумма",0,1,1,1,1,1,8,TextInput,TextColumn,,,,,,,,,,4f53cda18c2baa0c0354bb5f9a3ecbe5ed12ab4d8e11ba873c2f11161202b945,[],
1021,82,gift-card,gift_card,"App\Models\GiftCard",hide_nominal,text,"Скрыть номинал",0,1,1,1,1,1,9,TextInput,TextColumn,,,,,,,,,,4f53cda18c2baa0c0354bb5f9a3ecbe5ed12ab4d8e11ba873c2f11161202b945,[],
1022,82,gift-card,gift_card,"App\Models\GiftCard",sender,text,Оиправитель,0,1,1,1,1,1,10,TextInput,TextColumn,,,,,,,,,,4f53cda18c2baa0c0354bb5f9a3ecbe5ed12ab4d8e11ba873c2f11161202b945,[],
1023,82,gift-card,gift_card,"App\Models\GiftCard",receiver,text,Получатель,0,1,1,1,1,1,11,TextInput,TextColumn,,,,,,,,,,4f53cda18c2baa0c0354bb5f9a3ecbe5ed12ab4d8e11ba873c2f11161202b945,[],
1024,82,gift-card,gift_card,"App\Models\GiftCard",from_title,text,От,0,1,1,1,1,1,12,TextInput,TextColumn,,,,,,,,,,4f53cda18c2baa0c0354bb5f9a3ecbe5ed12ab4d8e11ba873c2f11161202b945,[],
1025,82,gift-card,gift_card,"App\Models\GiftCard",for_title,text,Для,0,1,1,1,1,1,13,TextInput,TextColumn,,,,,,,,,,4f53cda18c2baa0c0354bb5f9a3ecbe5ed12ab4d8e11ba873c2f11161202b945,[],
1026,82,gift-card,gift_card,"App\Models\GiftCard",card_el_type_title,text,"Эл. вид",0,1,1,1,1,1,14,TextInput,TextColumn,,,,,,,,,,4f53cda18c2baa0c0354bb5f9a3ecbe5ed12ab4d8e11ba873c2f11161202b945,[],
1027,82,gift-card,gift_card,"App\Models\GiftCard",card_conv_title,text,"В конверте",0,1,1,1,1,1,15,TextInput,TextColumn,,,,,,,,,,4f53cda18c2baa0c0354bb5f9a3ecbe5ed12ab4d8e11ba873c2f11161202b945,[],
1019,82,gift-card,gift_card,"App\Models\GiftCard",torj_title,text,Торжество,0,1,1,1,1,1,16,TextInput,TextColumn,,,,,,,,,,4f53cda18c2baa0c0354bb5f9a3ecbe5ed12ab4d8e11ba873c2f11161202b945,[],
1028,82,gift-card,gift_card,"App\Models\GiftCard",torj_desc_title,text,"С чем поздравить",0,1,1,1,1,1,17,TextInput,TextColumn,,,,,,,,,,4f53cda18c2baa0c0354bb5f9a3ecbe5ed12ab4d8e11ba873c2f11161202b945,[],
1029,82,gift-card,gift_card,"App\Models\GiftCard",grats_text,text,"Текст поздравления",0,1,1,1,1,1,18,TextInput,TextColumn,,,,,,,,,,4f53cda18c2baa0c0354bb5f9a3ecbe5ed12ab4d8e11ba873c2f11161202b945,[],
1030,82,gift-card,gift_card,"App\Models\GiftCard",of_pol_title,text,"Оформить и оплатить",0,1,1,1,1,1,19,TextInput,TextColumn,,,,,,,,,,4f53cda18c2baa0c0354bb5f9a3ecbe5ed12ab4d8e11ba873c2f11161202b945,[],
1031,82,gift-card,gift_card,"App\Models\GiftCard",of_opl_after_text,text,"Текст под кнопкой",0,1,1,1,1,1,20,TextInput,TextColumn,,,,,,,,,,4f53cda18c2baa0c0354bb5f9a3ecbe5ed12ab4d8e11ba873c2f11161202b945,[],
1032,82,gift-card,gift_card,"App\Models\GiftCard",adv_title,text,"Преимущества - заголовок",0,1,1,1,1,1,21,TextInput,TextColumn,,,,,,,,,,4f53cda18c2baa0c0354bb5f9a3ecbe5ed12ab4d8e11ba873c2f11161202b945,[],
1033,82,gift-card,gift_card,"App\Models\GiftCard",adv1_text,text,Преимущество-1,0,1,1,1,1,1,22,TextInput,TextColumn,,,,,,,,,,4f53cda18c2baa0c0354bb5f9a3ecbe5ed12ab4d8e11ba873c2f11161202b945,[],
1034,82,gift-card,gift_card,"App\Models\GiftCard",adv2_text,text,Преимущество-2,0,1,1,1,1,1,23,TextInput,TextColumn,,,,,,,,,,4f53cda18c2baa0c0354bb5f9a3ecbe5ed12ab4d8e11ba873c2f11161202b945,[],
1035,82,gift-card,gift_card,"App\Models\GiftCard",adv3_text,text,Преимущество-3,0,1,1,1,1,1,24,TextInput,TextColumn,,,,,,,,,,4f53cda18c2baa0c0354bb5f9a3ecbe5ed12ab4d8e11ba873c2f11161202b945,[],
1036,82,gift-card,gift_card,"App\Models\GiftCard",adv4_text,text,Преимущество-4,0,1,1,1,1,1,25,TextInput,TextColumn,,,,,,,,,,4f53cda18c2baa0c0354bb5f9a3ecbe5ed12ab4d8e11ba873c2f11161202b945,[],
1037,82,gift-card,gift_card,"App\Models\GiftCard",adv5_text,text,Преимущество-5,0,1,1,1,1,1,26,TextInput,TextColumn,,,,,,,,,,4f53cda18c2baa0c0354bb5f9a3ecbe5ed12ab4d8e11ba873c2f11161202b945,[],
1038,82,gift-card,gift_card,"App\Models\GiftCard",adv6_text,text,Преимущество-6,0,1,1,1,1,1,27,TextInput,TextColumn,,,,,,,,,,4f53cda18c2baa0c0354bb5f9a3ecbe5ed12ab4d8e11ba873c2f11161202b945,[],
1039,82,gift-card,gift_card,"App\Models\GiftCard",rules_title,text,"Правила - заголовок",0,1,1,1,1,1,28,TextInput,TextColumn,,,,,,,,,,4f53cda18c2baa0c0354bb5f9a3ecbe5ed12ab4d8e11ba873c2f11161202b945,[],
1040,82,gift-card,gift_card,"App\Models\GiftCard",rules_list,rich_text_box,"Правила - список",0,1,1,1,1,1,29,"RichEditor with explicit HTML allowlist","TextColumn(html disabled by default)",,,,,,,,,,4f53cda18c2baa0c0354bb5f9a3ecbe5ed12ab4d8e11ba873c2f11161202b945,[],"trusted-content allowlist and XSS/CSP review"
1041,82,gift-card,gift_card,"App\Models\GiftCard",created_at,timestamp,"Created At",0,1,1,1,0,1,30,"DateTimePicker or read-only Placeholder",TextColumn(dateTime),,,,,,,,,,4f53cda18c2baa0c0354bb5f9a3ecbe5ed12ab4d8e11ba873c2f11161202b945,[],
1042,82,gift-card,gift_card,"App\Models\GiftCard",updated_at,timestamp,"Updated At",0,0,0,0,0,0,31,"DateTimePicker or read-only Placeholder",TextColumn(dateTime),,,,,,,,,,4f53cda18c2baa0c0354bb5f9a3ecbe5ed12ab4d8e11ba873c2f11161202b945,[],"omit from UI unless server-side lifecycle requires it"
1043,84,gift-card-noms,gift_card_noms,"App\Models\GiftCardNom",id,text,Id,1,0,0,0,0,0,1,TextInput,TextColumn,,,,,,,,,,4f53cda18c2baa0c0354bb5f9a3ecbe5ed12ab4d8e11ba873c2f11161202b945,[],"required; omit from UI unless server-side lifecycle requires it"
1044,84,gift-card-noms,gift_card_noms,"App\Models\GiftCardNom",text,text,Номинал,0,1,1,1,1,1,2,TextInput,TextColumn,,,,,,,,,,4f53cda18c2baa0c0354bb5f9a3ecbe5ed12ab4d8e11ba873c2f11161202b945,[],
1045,84,gift-card-noms,gift_card_noms,"App\Models\GiftCardNom",created_at,timestamp,"Created At",0,1,1,1,0,1,3,"DateTimePicker or read-only Placeholder",TextColumn(dateTime),,,,,,,,,,4f53cda18c2baa0c0354bb5f9a3ecbe5ed12ab4d8e11ba873c2f11161202b945,[],
1046,84,gift-card-noms,gift_card_noms,"App\Models\GiftCardNom",updated_at,timestamp,"Updated At",0,0,0,0,0,0,4,"DateTimePicker or read-only Placeholder",TextColumn(dateTime),,,,,,,,,,4f53cda18c2baa0c0354bb5f9a3ecbe5ed12ab4d8e11ba873c2f11161202b945,[],"omit from UI unless server-side lifecycle requires it"
1048,88,basket-strings,basket_strings,"App\Models\BasketString",id,text,Id,1,1,0,0,0,0,1,TextInput,TextColumn,,,,,,,,,,4f53cda18c2baa0c0354bb5f9a3ecbe5ed12ab4d8e11ba873c2f11161202b945,[],required
1049,88,basket-strings,basket_strings,"App\Models\BasketString",meta_title,text,"Мета заголовок",0,1,1,1,1,1,2,TextInput,TextColumn,,,,,,,,,,4f53cda18c2baa0c0354bb5f9a3ecbe5ed12ab4d8e11ba873c2f11161202b945,[],
1050,88,basket-strings,basket_strings,"App\Models\BasketString",used_bonuses_text,text,"Использовано (бонусов)",0,0,1,1,1,1,3,TextInput,TextColumn,,,,,,,,,,4f53cda18c2baa0c0354bb5f9a3ecbe5ed12ab4d8e11ba873c2f11161202b945,[],
1051,88,basket-strings,basket_strings,"App\Models\BasketString",used_bonuses_bonuses,text,бонусов,0,0,1,1,1,1,4,TextInput,TextColumn,,,,,,,,,,4f53cda18c2baa0c0354bb5f9a3ecbe5ed12ab4d8e11ba873c2f11161202b945,[],
1052,88,basket-strings,basket_strings,"App\Models\BasketString",user_add_place,text,"Placeholder: Адрес",0,0,1,1,1,1,5,TextInput,TextColumn,,,,,,,,,,4f53cda18c2baa0c0354bb5f9a3ecbe5ed12ab4d8e11ba873c2f11161202b945,[],
1053,88,basket-strings,basket_strings,"App\Models\BasketString",usr_code_place,text,"Placeholder: Код",0,0,1,1,1,1,6,TextInput,TextColumn,,,,,,,,,,4f53cda18c2baa0c0354bb5f9a3ecbe5ed12ab4d8e11ba873c2f11161202b945,[],
1054,88,basket-strings,basket_strings,"App\Models\BasketString",created_at,timestamp,"Created At",0,1,1,1,0,1,7,"DateTimePicker or read-only Placeholder",TextColumn(dateTime),,,,,,,,,,4f53cda18c2baa0c0354bb5f9a3ecbe5ed12ab4d8e11ba873c2f11161202b945,[],
1055,88,basket-strings,basket_strings,"App\Models\BasketString",updated_at,timestamp,"Updated At",0,1,0,0,0,0,8,"DateTimePicker or read-only Placeholder",TextColumn(dateTime),,,,,,,,,,4f53cda18c2baa0c0354bb5f9a3ecbe5ed12ab4d8e11ba873c2f11161202b945,[],
1143,88,basket-strings,basket_strings,"App\Models\BasketString",ur_lico,text,"Я юр. лицо",0,0,1,1,1,1,9,TextInput,TextColumn,,,,,,,,,,4f53cda18c2baa0c0354bb5f9a3ecbe5ed12ab4d8e11ba873c2f11161202b945,[],
1144,88,basket-strings,basket_strings,"App\Models\BasketString",ur_reg_num,text,"Рег. номер",0,0,1,1,1,1,10,TextInput,TextColumn,,,,,,,,,,4f53cda18c2baa0c0354bb5f9a3ecbe5ed12ab4d8e11ba873c2f11161202b945,[],
2251,88,basket-strings,basket_strings,"App\Models\BasketString",ur_name_l,text,"Имя Юр. лица",0,1,1,1,1,1,10,TextInput,TextColumn,,,,,,,,,,4f53cda18c2baa0c0354bb5f9a3ecbe5ed12ab4d8e11ba873c2f11161202b945,[],
1145,88,basket-strings,basket_strings,"App\Models\BasketString",ur_addr,text,Адресс,0,0,1,1,1,1,11,TextInput,TextColumn,,,,,,,,,,4f53cda18c2baa0c0354bb5f9a3ecbe5ed12ab4d8e11ba873c2f11161202b945,[],
1146,88,basket-strings,basket_strings,"App\Models\BasketString",ur_pnr_nr,text,"Vat норм.",0,0,1,1,1,1,12,TextInput,TextColumn,,,,,,,,,,4f53cda18c2baa0c0354bb5f9a3ecbe5ed12ab4d8e11ba873c2f11161202b945,[],
1147,88,basket-strings,basket_strings,"App\Models\BasketString",ur_bank_name,text,"Имя банка",0,1,1,1,1,1,13,TextInput,TextColumn,,,,,,,,,,4f53cda18c2baa0c0354bb5f9a3ecbe5ed12ab4d8e11ba873c2f11161202b945,[],
1148,88,basket-strings,basket_strings,"App\Models\BasketString",ur_bank_code,text,"Код банка",0,0,1,1,1,1,14,TextInput,TextColumn,,,,,,,,,,4f53cda18c2baa0c0354bb5f9a3ecbe5ed12ab4d8e11ba873c2f11161202b945,[],
1149,88,basket-strings,basket_strings,"App\Models\BasketString",ur_bank_acc_code,text,"Номер счета в банке",0,0,1,1,1,1,15,TextInput,TextColumn,,,,,,,,,,4f53cda18c2baa0c0354bb5f9a3ecbe5ed12ab4d8e11ba873c2f11161202b945,[],
1192,88,basket-strings,basket_strings,"App\Models\BasketString",coup_app_text,text,"Купон по акции 30x40",0,0,1,1,1,1,16,TextInput,TextColumn,,,,,,,,,,4f53cda18c2baa0c0354bb5f9a3ecbe5ed12ab4d8e11ba873c2f11161202b945,[],
1193,88,basket-strings,basket_strings,"App\Models\BasketString",thanks_purch,text,"Спасибо за покупку",0,0,1,1,1,1,17,TextInput,TextColumn,,,,,,,,,,4f53cda18c2baa0c0354bb5f9a3ecbe5ed12ab4d8e11ba873c2f11161202b945,[],
1194,88,basket-strings,basket_strings,"App\Models\BasketString",we_check_order,text,"МЫ проверим ваш заказ...",0,0,1,1,1,1,18,TextInput,TextColumn,,,,,,,,,,4f53cda18c2baa0c0354bb5f9a3ecbe5ed12ab4d8e11ba873c2f11161202b945,[],
1195,88,basket-strings,basket_strings,"App\Models\BasketString",addr_dost,text,"Адрес доставки:",0,0,1,1,1,1,19,TextInput,TextColumn,,,,,,,,,,4f53cda18c2baa0c0354bb5f9a3ecbe5ed12ab4d8e11ba873c2f11161202b945,[],
1196,88,basket-strings,basket_strings,"App\Models\BasketString",date_dost,text,"Дата доставки:",0,0,1,1,1,1,20,TextInput,TextColumn,,,,,,,,,,4f53cda18c2baa0c0354bb5f9a3ecbe5ed12ab4d8e11ba873c2f11161202b945,[],
1197,88,basket-strings,basket_strings,"App\Models\BasketString",itog_st,text,"Итоговая стоимость:",0,0,1,1,1,1,21,TextInput,TextColumn,,,,,,,,,,4f53cda18c2baa0c0354bb5f9a3ecbe5ed12ab4d8e11ba873c2f11161202b945,[],
1198,88,basket-strings,basket_strings,"App\Models\BasketString",lk_text,text,"ЛИЧНЫЙ КАБИНЕТ",0,0,1,1,1,1,22,TextInput,TextColumn,,,,,,,,,,4f53cda18c2baa0c0354bb5f9a3ecbe5ed12ab4d8e11ba873c2f11161202b945,[],
1199,88,basket-strings,basket_strings,"App\Models\BasketString",spos_opl,text,"Способ оплаты:",0,0,1,1,1,1,23,TextInput,TextColumn,,,,,,,,,,4f53cda18c2baa0c0354bb5f9a3ecbe5ed12ab4d8e11ba873c2f11161202b945,[],
1200,88,basket-strings,basket_strings,"App\Models\BasketString",contact_pol_nr,text,"Контактный номер получателя:",0,0,1,1,1,1,24,TextInput,TextColumn,,,,,,,,,,4f53cda18c2baa0c0354bb5f9a3ecbe5ed12ab4d8e11ba873c2f11161202b945,[],
1201,88,basket-strings,basket_strings,"App\Models\BasketString",lk_text2,text,"В личном кабинете...",0,0,1,1,1,1,25,TextInput,TextColumn,,,,,,,,,,4f53cda18c2baa0c0354bb5f9a3ecbe5ed12ab4d8e11ba873c2f11161202b945,[],
1210,88,basket-strings,basket_strings,"App\Models\BasketString",date_dost_jel,text,"Желаемая дата доставки",0,0,1,1,1,1,26,TextInput,TextColumn,,,,,,,,,,4f53cda18c2baa0c0354bb5f9a3ecbe5ed12ab4d8e11ba873c2f11161202b945,[],
1320,88,basket-strings,basket_strings,"App\Models\BasketString",coup_sale,text,"Купон на скидку",0,0,1,1,1,1,27,TextInput,TextColumn,,,,,,,,,,4f53cda18c2baa0c0354bb5f9a3ecbe5ed12ab4d8e11ba873c2f11161202b945,[],
1321,88,basket-strings,basket_strings,"App\Models\BasketString",coup_30_40_title,text,"Купон 30x40",0,0,1,1,1,1,28,TextInput,TextColumn,,,,,,,,,,4f53cda18c2baa0c0354bb5f9a3ecbe5ed12ab4d8e11ba873c2f11161202b945,[],
1322,88,basket-strings,basket_strings,"App\Models\BasketString",coup_30_40_text,text,"Применен купон 30x40",0,0,1,1,1,1,29,TextInput,TextColumn,,,,,,,,,,4f53cda18c2baa0c0354bb5f9a3ecbe5ed12ab4d8e11ba873c2f11161202b945,[],
1323,88,basket-strings,basket_strings,"App\Models\BasketString",send_us_print_text_vac,text,"Пришлите нам printscreen",0,0,1,1,1,1,30,TextInput,TextColumn,,,,,,,,,,4f53cda18c2baa0c0354bb5f9a3ecbe5ed12ab4d8e11ba873c2f11161202b945,[],
1324,88,basket-strings,basket_strings,"App\Models\BasketString",user_sale_text,text,"Скидка за приглашение пользователя",0,0,1,1,1,1,31,TextInput,TextColumn,,,,,,,,,,4f53cda18c2baa0c0354bb5f9a3ecbe5ed12ab4d8e11ba873c2f11161202b945,[],
1325,88,basket-strings,basket_strings,"App\Models\BasketString",sale_for_prev_order,text,"Скидка 20 &#8364 за предыдущий заказ",0,0,1,1,1,1,32,TextInput,TextColumn,,,,,,,,,,4f53cda18c2baa0c0354bb5f9a3ecbe5ed12ab4d8e11ba873c2f11161202b945,[],
1326,88,basket-strings,basket_strings,"App\Models\BasketString",coup_on_2_dates,text,"Купон на 2 даты",0,0,1,1,1,1,33,TextInput,TextColumn,,,,,,,,,,4f53cda18c2baa0c0354bb5f9a3ecbe5ed12ab4d8e11ba873c2f11161202b945,[],
1327,88,basket-strings,basket_strings,"App\Models\BasketString",receiver_data,text,"Данные получателя",0,0,1,1,1,1,34,TextInput,TextColumn,,,,,,,,,,4f53cda18c2baa0c0354bb5f9a3ecbe5ed12ab4d8e11ba873c2f11161202b945,[],
1328,88,basket-strings,basket_strings,"App\Models\BasketString",rec_fio,text,"Фамилия получателя",0,0,1,1,1,1,35,TextInput,TextColumn,,,,,,,,,,4f53cda18c2baa0c0354bb5f9a3ecbe5ed12ab4d8e11ba873c2f11161202b945,[],
1329,88,basket-strings,basket_strings,"App\Models\BasketString",deliv_price,text,"Цена за доставку:",0,0,1,1,1,1,36,TextInput,TextColumn,,,,,,,,,,4f53cda18c2baa0c0354bb5f9a3ecbe5ed12ab4d8e11ba873c2f11161202b945,[],
1402,88,basket-strings,basket_strings,"App\Models\BasketString",agg_text,text,"Политика конфиденциальности",0,1,1,1,1,1,37,TextInput,TextColumn,,,,,,,,,,4f53cda18c2baa0c0354bb5f9a3ecbe5ed12ab4d8e11ba873c2f11161202b945,[],
1456,88,basket-strings,basket_strings,"App\Models\BasketString",user_city,text,Город,0,1,1,1,1,1,38,TextInput,TextColumn,,,,,,,,,,4f53cda18c2baa0c0354bb5f9a3ecbe5ed12ab4d8e11ba873c2f11161202b945,[],
1056,89,country-tels,country_tels,"App\Models\CountryTel",id,text,Id,1,0,0,0,0,0,1,TextInput,TextColumn,,,,,,,,,,4f53cda18c2baa0c0354bb5f9a3ecbe5ed12ab4d8e11ba873c2f11161202b945,[],"required; omit from UI unless server-side lifecycle requires it"
1057,89,country-tels,country_tels,"App\Models\CountryTel",phone_code,text,"Код телефона",0,1,1,1,1,1,2,TextInput,TextColumn,,,,,,,,,,4f53cda18c2baa0c0354bb5f9a3ecbe5ed12ab4d8e11ba873c2f11161202b945,[],
1058,89,country-tels,country_tels,"App\Models\CountryTel",country_name,text,Страна,0,1,1,1,1,1,3,TextInput,TextColumn,,,,,,,,,,4f53cda18c2baa0c0354bb5f9a3ecbe5ed12ab4d8e11ba873c2f11161202b945,[],
1061,89,country-tels,country_tels,"App\Models\CountryTel",country_code,text,"Код страны",0,1,1,1,1,1,4,TextInput,TextColumn,,,,,,,,,,4f53cda18c2baa0c0354bb5f9a3ecbe5ed12ab4d8e11ba873c2f11161202b945,[],
1913,89,country-tels,country_tels,"App\Models\CountryTel",mask,text,Mask,0,1,1,1,1,1,5,TextInput,TextColumn,,,,,,,,,,4f53cda18c2baa0c0354bb5f9a3ecbe5ed12ab4d8e11ba873c2f11161202b945,[],
1914,89,country-tels,country_tels,"App\Models\CountryTel",placeholder,text,Placeholder,0,1,1,1,1,1,6,TextInput,TextColumn,,,,,,,,,,4f53cda18c2baa0c0354bb5f9a3ecbe5ed12ab4d8e11ba873c2f11161202b945,[],
1264,89,country-tels,country_tels,"App\Models\CountryTel",deliv_price,text,"Цена за доставку",0,1,1,1,1,1,7,TextInput,TextColumn,,,,,,,,,,4f53cda18c2baa0c0354bb5f9a3ecbe5ed12ab4d8e11ba873c2f11161202b945,[],
1494,89,country-tels,country_tels,"App\Models\CountryTel",price_country_mltpr,text,"Множитель для страны",0,1,1,1,1,1,8,TextInput,TextColumn,,,,,,,,,,4f53cda18c2baa0c0354bb5f9a3ecbe5ed12ab4d8e11ba873c2f11161202b945,[],
1265,89,country-tels,country_tels,"App\Models\CountryTel",high_price,number,"Повышенная стоимость ",0,1,1,1,1,1,9,TextInput(numeric),TextColumn(numeric),,,,,,,,,,4f53cda18c2baa0c0354bb5f9a3ecbe5ed12ab4d8e11ba873c2f11161202b945,[],
2018,89,country-tels,country_tels,"App\Models\CountryTel",delivery_venipak,number,"Доставка venipak",0,1,1,1,1,1,10,TextInput(numeric),TextColumn(numeric),,,,,,,,,,4f53cda18c2baa0c0354bb5f9a3ecbe5ed12ab4d8e11ba873c2f11161202b945,[],
1059,89,country-tels,country_tels,"App\Models\CountryTel",created_at,timestamp,"Created At",0,0,0,0,0,0,11,"DateTimePicker or read-only Placeholder",TextColumn(dateTime),,,,,,,,,,4f53cda18c2baa0c0354bb5f9a3ecbe5ed12ab4d8e11ba873c2f11161202b945,[],"omit from UI unless server-side lifecycle requires it"
1060,89,country-tels,country_tels,"App\Models\CountryTel",updated_at,timestamp,"Updated At",0,0,0,0,0,0,12,"DateTimePicker or read-only Placeholder",TextColumn(dateTime),,,,,,,,,,4f53cda18c2baa0c0354bb5f9a3ecbe5ed12ab4d8e11ba873c2f11161202b945,[],"omit from UI unless server-side lifecycle requires it"
1915,89,country-tels,country_tels,"App\Models\CountryTel",sort,number,Sort,0,1,1,1,1,1,13,TextInput(numeric),TextColumn(numeric),,,,,,,,,,4f53cda18c2baa0c0354bb5f9a3ecbe5ed12ab4d8e11ba873c2f11161202b945,[],
1071,93,collage-constructor,collage_constructor,"App\Models\CollageConstructor",id,text,Id,1,0,0,0,0,0,1,TextInput,TextColumn,,,,,,,,,,4f53cda18c2baa0c0354bb5f9a3ecbe5ed12ab4d8e11ba873c2f11161202b945,[],"required; omit from UI unless server-side lifecycle requires it"
1072,93,collage-constructor,collage_constructor,"App\Models\CollageConstructor",meta_title,text,"Мета заголовок",0,1,1,1,1,1,2,TextInput,TextColumn,,,,,,,,,,4f53cda18c2baa0c0354bb5f9a3ecbe5ed12ab4d8e11ba873c2f11161202b945,[],
1073,93,collage-constructor,collage_constructor,"App\Models\CollageConstructor",bread_title,text,"Заголовок в хлебных крошках",0,1,1,1,1,1,3,TextInput,TextColumn,,,,,,,,,,4f53cda18c2baa0c0354bb5f9a3ecbe5ed12ab4d8e11ba873c2f11161202b945,[],
1074,93,collage-constructor,collage_constructor,"App\Models\CollageConstructor",top_title,text,"Заголовок сверху",0,1,1,1,1,1,4,TextInput,TextColumn,,,,,,,,,,4f53cda18c2baa0c0354bb5f9a3ecbe5ed12ab4d8e11ba873c2f11161202b945,[],
1075,93,collage-constructor,collage_constructor,"App\Models\CollageConstructor",choose_prod1,text,"Выберите продукт",0,0,1,1,1,1,5,TextInput,TextColumn,,,,,,,,,,4f53cda18c2baa0c0354bb5f9a3ecbe5ed12ab4d8e11ba873c2f11161202b945,[],
1076,93,collage-constructor,collage_constructor,"App\Models\CollageConstructor",choose_fon2,text,"Выберите фон",0,0,1,1,1,1,6,TextInput,TextColumn,,,,,,,,,,4f53cda18c2baa0c0354bb5f9a3ecbe5ed12ab4d8e11ba873c2f11161202b945,[],
1077,93,collage-constructor,collage_constructor,"App\Models\CollageConstructor",choose_form3,text,"Выберите форму",0,0,1,1,1,1,7,TextInput,TextColumn,,,,,,,,,,4f53cda18c2baa0c0354bb5f9a3ecbe5ed12ab4d8e11ba873c2f11161202b945,[],
1078,93,collage-constructor,collage_constructor,"App\Models\CollageConstructor",choose_size4,text,"Выберите размер",0,0,1,1,1,1,8,TextInput,TextColumn,,,,,,,,,,4f53cda18c2baa0c0354bb5f9a3ecbe5ed12ab4d8e11ba873c2f11161202b945,[],
1079,93,collage-constructor,collage_constructor,"App\Models\CollageConstructor",choose_holst5,text,"Выберите холст",0,0,1,1,1,1,9,TextInput,TextColumn,,,,,,,,,,4f53cda18c2baa0c0354bb5f9a3ecbe5ed12ab4d8e11ba873c2f11161202b945,[],
1080,93,collage-constructor,collage_constructor,"App\Models\CollageConstructor",comm6,text,Комментарии,0,0,1,1,1,1,10,TextInput,TextColumn,,,,,,,,,,4f53cda18c2baa0c0354bb5f9a3ecbe5ed12ab4d8e11ba873c2f11161202b945,[],
1081,93,collage-constructor,collage_constructor,"App\Models\CollageConstructor",sizes_list_items,text,"Список размеров 30x40[5],40x50[10]",0,0,1,1,1,1,11,TextInput,TextColumn,,,,,,,,,,4f53cda18c2baa0c0354bb5f9a3ecbe5ed12ab4d8e11ba873c2f11161202b945,[],
1082,93,collage-constructor,collage_constructor,"App\Models\CollageConstructor",created_at,timestamp,"Created At",0,0,1,1,0,1,12,"DateTimePicker or read-only Placeholder",TextColumn(dateTime),,,,,,,,,,4f53cda18c2baa0c0354bb5f9a3ecbe5ed12ab4d8e11ba873c2f11161202b945,[],
1083,93,collage-constructor,collage_constructor,"App\Models\CollageConstructor",updated_at,timestamp,"Updated At",0,0,0,0,0,0,13,"DateTimePicker or read-only Placeholder",TextColumn(dateTime),,,,,,,,,,4f53cda18c2baa0c0354bb5f9a3ecbe5ed12ab4d8e11ba873c2f11161202b945,[],"omit from UI unless server-side lifecycle requires it"
1271,93,collage-constructor,collage_constructor,"App\Models\CollageConstructor",sizes_1,text,.Размер[цена-1ї,0,0,1,1,1,1,14,TextInput,TextColumn,,,,,,,,,,4f53cda18c2baa0c0354bb5f9a3ecbe5ed12ab4d8e11ba873c2f11161202b945,[],
1272,93,collage-constructor,collage_constructor,"App\Models\CollageConstructor",sizes_2,text,.Размер[цена-2ї,0,0,1,1,1,1,15,TextInput,TextColumn,,,,,,,,,,4f53cda18c2baa0c0354bb5f9a3ecbe5ed12ab4d8e11ba873c2f11161202b945,[],
1273,93,collage-constructor,collage_constructor,"App\Models\CollageConstructor",sizes_3,text,.Размер[цена-3ї,0,0,1,1,1,1,16,TextInput,TextColumn,,,,,,,,,,4f53cda18c2baa0c0354bb5f9a3ecbe5ed12ab4d8e11ba873c2f11161202b945,[],
1088,94,order-strings,order_strings,"App\Models\OrderString",id,text,Id,1,0,0,0,0,0,1,TextInput,TextColumn,,,,,,,,,,4f53cda18c2baa0c0354bb5f9a3ecbe5ed12ab4d8e11ba873c2f11161202b945,[],"required; omit from UI unless server-side lifecycle requires it"
1289,94,order-strings,order_strings,"App\Models\OrderString",order_vr,text,"Order Vr",0,0,0,0,0,0,2,TextInput,TextColumn,,,,,,,,,,8a1f1dab3c3af2c34e26a729aa162171c2e45ac7b706e5f6b7dd29bb4fda97a2,"{""display"":{""width"":""12""}}","omit from UI unless server-side lifecycle requires it"
1090,94,order-strings,order_strings,"App\Models\OrderString",consignor_text,text,"Consignor: текст",0,1,1,1,1,1,3,TextInput,TextColumn,,,,,,,,,,8a1f1dab3c3af2c34e26a729aa162171c2e45ac7b706e5f6b7dd29bb4fda97a2,"{""display"":{""width"":""12""}}",
1092,94,order-strings,order_strings,"App\Models\OrderString",req_num_text,text,"ReqNum: текст",0,1,1,1,0,0,4,TextInput,TextColumn,,,,,,,,,,4f53cda18c2baa0c0354bb5f9a3ecbe5ed12ab4d8e11ba873c2f11161202b945,[],
1102,94,order-strings,order_strings,"App\Models\OrderString",acc_num_text,text,"Номер акк. текст",0,1,1,1,0,0,5,TextInput,TextColumn,,,,,,,,,,4f53cda18c2baa0c0354bb5f9a3ecbe5ed12ab4d8e11ba873c2f11161202b945,[],
1122,94,order-strings,order_strings,"App\Models\OrderString",nds,number,NDS,0,0,0,0,0,0,6,TextInput(numeric),TextColumn(numeric),,,,,,,,,,4f53cda18c2baa0c0354bb5f9a3ecbe5ed12ab4d8e11ba873c2f11161202b945,[],"omit from UI unless server-side lifecycle requires it"
1094,94,order-strings,order_strings,"App\Models\OrderString",addr_text,text,"Adress: текст",0,1,1,1,0,0,7,TextInput,TextColumn,,,,,,,,,,8a1f1dab3c3af2c34e26a729aa162171c2e45ac7b706e5f6b7dd29bb4fda97a2,"{""display"":{""width"":""12""}}",
1098,94,order-strings,order_strings,"App\Models\OrderString",bank_name_text,text,"Имя банка",0,1,1,1,0,0,8,TextInput,TextColumn,,,,,,,,,,8a1f1dab3c3af2c34e26a729aa162171c2e45ac7b706e5f6b7dd29bb4fda97a2,"{""display"":{""width"":""12""}}",
1125,94,order-strings,order_strings,"App\Models\OrderString",bank_code_place,text,"Код банка",0,1,1,1,0,0,9,TextInput,TextColumn,,,,,,,,,,4f53cda18c2baa0c0354bb5f9a3ecbe5ed12ab4d8e11ba873c2f11161202b945,[],
1100,94,order-strings,order_strings,"App\Models\OrderString",office_addr_text,text,"Офис. адр. текст",0,1,1,1,0,0,10,TextInput,TextColumn,,,,,,,,,,8a1f1dab3c3af2c34e26a729aa162171c2e45ac7b706e5f6b7dd29bb4fda97a2,"{""display"":{""width"":""12""}}",
1096,94,order-strings,order_strings,"App\Models\OrderString",pvn_text,text,"PVN: текст",0,1,1,1,0,0,11,TextInput,TextColumn,,,,,,,,,,4f53cda18c2baa0c0354bb5f9a3ecbe5ed12ab4d8e11ba873c2f11161202b945,[],
2224,94,order-strings,order_strings,"App\Models\OrderString",is_pvn,checkbox,"Is Pvn",1,1,1,1,1,1,12,"Toggle or Checkbox",IconColumn(boolean),,,,,,,,,,4f53cda18c2baa0c0354bb5f9a3ecbe5ed12ab4d8e11ba873c2f11161202b945,[],required
1654,94,order-strings,order_strings,"App\Models\OrderString",consignor_text_vrv,text,"Consignor: текст Vrv",0,1,1,1,1,1,13,TextInput,TextColumn,,,,,,,,,,c5fe519031f0f1ab9a294ed92681e337ceb6c6aa80e1e64129f14025117053fd,"{""tab_title"":""VRV"",""display"":{""width"":""12""}}",
2227,94,order-strings,order_strings,"App\Models\OrderString",req_num_text_vrv,text,"Req Num Text Vrv",0,1,1,1,1,1,14,TextInput,TextColumn,,,,,,,,,,4f53cda18c2baa0c0354bb5f9a3ecbe5ed12ab4d8e11ba873c2f11161202b945,[],
2233,94,order-strings,order_strings,"App\Models\OrderString",acc_num_text_vrv,text,"Acc Num Text Vrv",0,1,1,1,1,1,15,TextInput,TextColumn,,,,,,,,,,4f53cda18c2baa0c0354bb5f9a3ecbe5ed12ab4d8e11ba873c2f11161202b945,[],
1655,94,order-strings,order_strings,"App\Models\OrderString",addr_text_vrv,text,"Adress: текст Vrv",0,1,1,1,1,1,16,TextInput,TextColumn,,,,,,,,,,8a1f1dab3c3af2c34e26a729aa162171c2e45ac7b706e5f6b7dd29bb4fda97a2,"{""display"":{""width"":""12""}}",
1656,94,order-strings,order_strings,"App\Models\OrderString",bank_name_text_vrv,text,"Имя банка Vrv",0,1,1,1,1,1,17,TextInput,TextColumn,,,,,,,,,,8a1f1dab3c3af2c34e26a729aa162171c2e45ac7b706e5f6b7dd29bb4fda97a2,"{""display"":{""width"":""12""}}",
2236,94,order-strings,order_strings,"App\Models\OrderString",bank_code_place_vrv,text,"Код банка Vrv",0,1,1,1,1,1,18,TextInput,TextColumn,,,,,,,,,,4f53cda18c2baa0c0354bb5f9a3ecbe5ed12ab4d8e11ba873c2f11161202b945,[],
1657,94,order-strings,order_strings,"App\Models\OrderString",addr2_text_vrv,text,"Офис. адр. текст Vrv",0,1,1,1,1,1,19,TextInput,TextColumn,,,,,,,,,,8a1f1dab3c3af2c34e26a729aa162171c2e45ac7b706e5f6b7dd29bb4fda97a2,"{""display"":{""width"":""12""}}",
2230,94,order-strings,order_strings,"App\Models\OrderString",pvn_text_vrv,text,"Pvn Text Vrv",0,1,1,1,1,1,20,TextInput,TextColumn,,,,,,,,,,4f53cda18c2baa0c0354bb5f9a3ecbe5ed12ab4d8e11ba873c2f11161202b945,[],
2225,94,order-strings,order_strings,"App\Models\OrderString",is_pvn_vrv,checkbox,"Is Pvn Vrv",1,1,1,1,1,1,21,"Toggle or Checkbox",IconColumn(boolean),,,,,,,,,,4f53cda18c2baa0c0354bb5f9a3ecbe5ed12ab4d8e11ba873c2f11161202b945,[],required
1680,94,order-strings,order_strings,"App\Models\OrderString",consignor_text_vrr,text,"Consignor: Text Vrr",0,1,1,1,1,1,22,TextInput,TextColumn,,,,,,,,,,a4f912a1aaed3c049dded9ce7e8f4fa9fa6730916dbbef56f6d113e79216d994,"{""tab_title"":""VRR"",""display"":{""width"":""12""}}",
2228,94,order-strings,order_strings,"App\Models\OrderString",req_num_text_vrr,text,"Req Num Text Vrr",0,1,1,1,1,1,23,TextInput,TextColumn,,,,,,,,,,4f53cda18c2baa0c0354bb5f9a3ecbe5ed12ab4d8e11ba873c2f11161202b945,[],
2234,94,order-strings,order_strings,"App\Models\OrderString",acc_num_text_vrr,text,"Acc Num Text Vrr",0,1,1,1,1,1,24,TextInput,TextColumn,,,,,,,,,,4f53cda18c2baa0c0354bb5f9a3ecbe5ed12ab4d8e11ba873c2f11161202b945,[],
1686,94,order-strings,order_strings,"App\Models\OrderString",addr_text_vrr,text,"Adress: текст Vrr",0,1,1,1,1,1,25,TextInput,TextColumn,,,,,,,,,,8a1f1dab3c3af2c34e26a729aa162171c2e45ac7b706e5f6b7dd29bb4fda97a2,"{""display"":{""width"":""12""}}",
1688,94,order-strings,order_strings,"App\Models\OrderString",bank_name_text_vrr,text,"Имя банка Vrr",0,1,1,1,1,1,26,TextInput,TextColumn,,,,,,,,,,8a1f1dab3c3af2c34e26a729aa162171c2e45ac7b706e5f6b7dd29bb4fda97a2,"{""display"":{""width"":""12""}}",
2237,94,order-strings,order_strings,"App\Models\OrderString",bank_code_place_vrr,text,"Код банка Vrr",0,1,1,1,1,1,27,TextInput,TextColumn,,,,,,,,,,4f53cda18c2baa0c0354bb5f9a3ecbe5ed12ab4d8e11ba873c2f11161202b945,[],
1687,94,order-strings,order_strings,"App\Models\OrderString",office_addr_text_vrr,text,"Офис. адр. текст Vrr",0,1,1,1,1,1,28,TextInput,TextColumn,,,,,,,,,,8a1f1dab3c3af2c34e26a729aa162171c2e45ac7b706e5f6b7dd29bb4fda97a2,"{""display"":{""width"":""12""}}",
2231,94,order-strings,order_strings,"App\Models\OrderString",pvn_text_vrr,text,"Pvn Text Vrr",0,1,1,1,1,1,29,TextInput,TextColumn,,,,,,,,,,4f53cda18c2baa0c0354bb5f9a3ecbe5ed12ab4d8e11ba873c2f11161202b945,[],
2226,94,order-strings,order_strings,"App\Models\OrderString",is_pvn_vrr,checkbox,"Is Pvn Vrr",1,1,1,1,1,1,30,"Toggle or Checkbox",IconColumn(boolean),,,,,,,,,,4f53cda18c2baa0c0354bb5f9a3ecbe5ed12ab4d8e11ba873c2f11161202b945,[],required
2219,94,order-strings,order_strings,"App\Models\OrderString",consignor_text_vra,text,"Consignor Text Vra",0,1,1,1,1,1,31,TextInput,TextColumn,,,,,,,,,,db119bad7b77a5ad9a92ed65c4465760b9c2090f0932cda4b443b202eb709dde,"{""tab_title"":""VRA"",""display"":{""width"":""12""}}",
2229,94,order-strings,order_strings,"App\Models\OrderString",req_num_text_vra,text,"Req Num Text Vra",0,1,1,1,1,1,32,TextInput,TextColumn,,,,,,,,,,4f53cda18c2baa0c0354bb5f9a3ecbe5ed12ab4d8e11ba873c2f11161202b945,[],
2235,94,order-strings,order_strings,"App\Models\OrderString",acc_num_text_vra,text,"Acc Num Text Vra",0,1,1,1,1,1,33,TextInput,TextColumn,,,,,,,,,,4f53cda18c2baa0c0354bb5f9a3ecbe5ed12ab4d8e11ba873c2f11161202b945,[],
2220,94,order-strings,order_strings,"App\Models\OrderString",addr_text_vra,text,"Adress: текст Vra",0,1,1,1,1,1,34,TextInput,TextColumn,,,,,,,,,,8a1f1dab3c3af2c34e26a729aa162171c2e45ac7b706e5f6b7dd29bb4fda97a2,"{""display"":{""width"":""12""}}",
2221,94,order-strings,order_strings,"App\Models\OrderString",bank_name_text_vra,text,"Имя банка Vra",0,1,1,1,1,1,35,TextInput,TextColumn,,,,,,,,,,8a1f1dab3c3af2c34e26a729aa162171c2e45ac7b706e5f6b7dd29bb4fda97a2,"{""display"":{""width"":""12""}}",
2238,94,order-strings,order_strings,"App\Models\OrderString",bank_code_place_vra,text,"Код банка Vra",0,1,1,1,1,1,36,TextInput,TextColumn,,,,,,,,,,4f53cda18c2baa0c0354bb5f9a3ecbe5ed12ab4d8e11ba873c2f11161202b945,[],
2222,94,order-strings,order_strings,"App\Models\OrderString",addr2_text_vra,text,"Офис. адр. текст Vra",0,1,1,1,1,1,37,TextInput,TextColumn,,,,,,,,,,8a1f1dab3c3af2c34e26a729aa162171c2e45ac7b706e5f6b7dd29bb4fda97a2,"{""display"":{""width"":""12""}}",
2232,94,order-strings,order_strings,"App\Models\OrderString",pvn_text_vra,text,"Pvn Text Vra",0,1,1,1,1,1,38,TextInput,TextColumn,,,,,,,,,,4f53cda18c2baa0c0354bb5f9a3ecbe5ed12ab4d8e11ba873c2f11161202b945,[],
2223,94,order-strings,order_strings,"App\Models\OrderString",is_pvn_vra,checkbox,"PVN Vra",0,1,1,1,1,1,39,"Toggle or Checkbox",IconColumn(boolean),,,,,,,,,,4f53cda18c2baa0c0354bb5f9a3ecbe5ed12ab4d8e11ba873c2f11161202b945,[],
1123,94,order-strings,order_strings,"App\Models\OrderString",created_at,timestamp,"Created At",0,0,0,0,0,0,40,"DateTimePicker or read-only Placeholder",TextColumn(dateTime),,,,,,,,,,4f53cda18c2baa0c0354bb5f9a3ecbe5ed12ab4d8e11ba873c2f11161202b945,[],"omit from UI unless server-side lifecycle requires it"
1124,94,order-strings,order_strings,"App\Models\OrderString",updated_at,timestamp,"Updated At",0,0,0,0,0,0,41,"DateTimePicker or read-only Placeholder",TextColumn(dateTime),,,,,,,,,,4f53cda18c2baa0c0354bb5f9a3ecbe5ed12ab4d8e11ba873c2f11161202b945,[],"omit from UI unless server-side lifecycle requires it"
1183,95,family-constructor,family_constructor,"App\Models\FamilyConstructor",id,text,Id,1,0,0,0,0,0,1,TextInput,TextColumn,,,,,,,,,,4f53cda18c2baa0c0354bb5f9a3ecbe5ed12ab4d8e11ba873c2f11161202b945,[],"required; omit from UI unless server-side lifecycle requires it"
1184,95,family-constructor,family_constructor,"App\Models\FamilyConstructor",meta_title,text,"Мета заголовок",0,1,1,1,1,1,2,TextInput,TextColumn,,,,,,,,,,4f53cda18c2baa0c0354bb5f9a3ecbe5ed12ab4d8e11ba873c2f11161202b945,[],
1471,95,family-constructor,family_constructor,"App\Models\FamilyConstructor",meta_desc,text,"Мета описание",0,1,1,1,1,1,3,TextInput,TextColumn,,,,,,,,max:255,,d6f93a8f833374b96cf5bf1e2d34aeaa6d6baab96b489b4b3b4714dd03ba73d9,"{""validation"":{""rule"":""max:255""}}",
1185,95,family-constructor,family_constructor,"App\Models\FamilyConstructor",title,text,Заголовок,0,1,1,1,1,1,4,TextInput,TextColumn,,,,,,,,,,4f53cda18c2baa0c0354bb5f9a3ecbe5ed12ab4d8e11ba873c2f11161202b945,[],
1186,95,family-constructor,family_constructor,"App\Models\FamilyConstructor",sizes,text,Размеры,0,1,1,1,1,1,5,TextInput,TextColumn,,,,,,,,,,4f53cda18c2baa0c0354bb5f9a3ecbe5ed12ab4d8e11ba873c2f11161202b945,[],
1187,95,family-constructor,family_constructor,"App\Models\FamilyConstructor",created_at,timestamp,"Created At",0,1,1,1,0,1,6,"DateTimePicker or read-only Placeholder",TextColumn(dateTime),,,,,,,,,,4f53cda18c2baa0c0354bb5f9a3ecbe5ed12ab4d8e11ba873c2f11161202b945,[],
1188,95,family-constructor,family_constructor,"App\Models\FamilyConstructor",updated_at,timestamp,"Updated At",0,0,0,0,0,0,7,"DateTimePicker or read-only Placeholder",TextColumn(dateTime),,,,,,,,,,4f53cda18c2baa0c0354bb5f9a3ecbe5ed12ab4d8e11ba873c2f11161202b945,[],"omit from UI unless server-side lifecycle requires it"
1202,96,glob-config,glob_config,"App\Models\GlobConfig",id,text,Id,1,0,0,0,0,0,1,TextInput,TextColumn,,,,,,,,,,4f53cda18c2baa0c0354bb5f9a3ecbe5ed12ab4d8e11ba873c2f11161202b945,[],"required; omit from UI unless server-side lifecycle requires it"
1203,96,glob-config,glob_config,"App\Models\GlobConfig",admin_email,text,"Email администратора",0,1,1,1,1,1,2,TextInput,TextColumn,,,,,,,,,,4f53cda18c2baa0c0354bb5f9a3ecbe5ed12ab4d8e11ba873c2f11161202b945,[],
1499,96,glob-config,glob_config,"App\Models\GlobConfig",analytics,code_editor,"Коды аналитик в head",0,1,1,1,1,1,3,"CodeEditor/Textarea restricted to trusted roles",TextColumn(limit),,,,,,,,,,4f53cda18c2baa0c0354bb5f9a3ecbe5ed12ab4d8e11ba873c2f11161202b945,[],"trusted-content allowlist and XSS/CSP review"
2218,96,glob-config,glob_config,"App\Models\GlobConfig",analytics_body,code_editor,"Коды аналитик в body",0,1,1,1,1,1,4,"CodeEditor/Textarea restricted to trusted roles",TextColumn(limit),,,,,,,,,,4f53cda18c2baa0c0354bb5f9a3ecbe5ed12ab4d8e11ba873c2f11161202b945,[],"trusted-content allowlist and XSS/CSP review"
1204,96,glob-config,glob_config,"App\Models\GlobConfig",created_at,timestamp,"Created At",0,1,1,1,0,1,5,"DateTimePicker or read-only Placeholder",TextColumn(dateTime),,,,,,,,,,4f53cda18c2baa0c0354bb5f9a3ecbe5ed12ab4d8e11ba873c2f11161202b945,[],
1205,96,glob-config,glob_config,"App\Models\GlobConfig",updated_at,timestamp,"Updated At",0,0,0,0,0,0,6,"DateTimePicker or read-only Placeholder",TextColumn(dateTime),,,,,,,,,,4f53cda18c2baa0c0354bb5f9a3ecbe5ed12ab4d8e11ba873c2f11161202b945,[],"omit from UI unless server-side lifecycle requires it"
1220,97,slider-mod,slider_mod,"App\Models\SliderMod",id,text,Id,1,0,0,0,0,0,1,TextInput,TextColumn,,,,,,,,,,4f53cda18c2baa0c0354bb5f9a3ecbe5ed12ab4d8e11ba873c2f11161202b945,[],"required; omit from UI unless server-side lifecycle requires it"
1221,97,slider-mod,slider_mod,"App\Models\SliderMod",title,text,Заголовок,0,1,1,1,1,1,2,TextInput,TextColumn,,,,,,,,,,4f53cda18c2baa0c0354bb5f9a3ecbe5ed12ab4d8e11ba873c2f11161202b945,[],
1222,97,slider-mod,slider_mod,"App\Models\SliderMod",text,text,Текст,0,1,1,1,1,1,3,TextInput,TextColumn,,,,,,,,,,4f53cda18c2baa0c0354bb5f9a3ecbe5ed12ab4d8e11ba873c2f11161202b945,[],
1223,97,slider-mod,slider_mod,"App\Models\SliderMod",link,text,Ссылка,0,1,1,1,1,1,4,TextInput,TextColumn,,,,,,,,,,4f53cda18c2baa0c0354bb5f9a3ecbe5ed12ab4d8e11ba873c2f11161202b945,[],
1224,97,slider-mod,slider_mod,"App\Models\SliderMod",image,image,Картинка,0,1,1,1,1,1,5,"FileUpload(image) with legacy-path adapter",ImageColumn,,,,,,,,,,4f53cda18c2baa0c0354bb5f9a3ecbe5ed12ab4d8e11ba873c2f11161202b945,[],"preserve existing URLs and derivatives; validate real MIME/decode/size/path"
1225,97,slider-mod,slider_mod,"App\Models\SliderMod",created_at,timestamp,"Created At",0,0,0,0,0,0,6,"DateTimePicker or read-only Placeholder",TextColumn(dateTime),,,,,,,,,,4f53cda18c2baa0c0354bb5f9a3ecbe5ed12ab4d8e11ba873c2f11161202b945,[],"omit from UI unless server-side lifecycle requires it"
1226,97,slider-mod,slider_mod,"App\Models\SliderMod",updated_at,timestamp,"Updated At",0,0,0,0,0,0,7,"DateTimePicker or read-only Placeholder",TextColumn(dateTime),,,,,,,,,,4f53cda18c2baa0c0354bb5f9a3ecbe5ed12ab4d8e11ba873c2f11161202b945,[],"omit from UI unless server-side lifecycle requires it"
2157,97,slider-mod,slider_mod,"App\Models\SliderMod",sub_cat_title,text,"Sub Cat Title",0,1,1,1,1,1,8,TextInput,TextColumn,,,,,,,,,,4f53cda18c2baa0c0354bb5f9a3ecbe5ed12ab4d8e11ba873c2f11161202b945,[],
2151,97,slider-mod,slider_mod,"App\Models\SliderMod",sub_cat_image,multiple_images,"Sub Cat Image",0,1,1,1,1,1,9,"FileUpload(multiple) with legacy-path adapter","Image/File count column",,,,,,,,,,4f53cda18c2baa0c0354bb5f9a3ecbe5ed12ab4d8e11ba873c2f11161202b945,[],"preserve existing URLs and derivatives; validate real MIME/decode/size/path"
2152,97,slider-mod,slider_mod,"App\Models\SliderMod",sub_cat_text,rich_text_box,"Sub Cat Text",0,1,1,1,1,1,10,"RichEditor with explicit HTML allowlist","TextColumn(html disabled by default)",,,,,,,,,,4f53cda18c2baa0c0354bb5f9a3ecbe5ed12ab4d8e11ba873c2f11161202b945,[],"trusted-content allowlist and XSS/CSP review"
2158,97,slider-mod,slider_mod,"App\Models\SliderMod",sub_cat_link,text,"Sub Cat Link",0,1,1,1,1,1,11,TextInput,TextColumn,,,,,,,,,,4f53cda18c2baa0c0354bb5f9a3ecbe5ed12ab4d8e11ba873c2f11161202b945,[],
2163,97,slider-mod,slider_mod,"App\Models\SliderMod",main_category_text,rich_text_box,"Main Category Text",0,1,1,1,1,1,12,"RichEditor with explicit HTML allowlist","TextColumn(html disabled by default)",,,,,,,,,,4f53cda18c2baa0c0354bb5f9a3ecbe5ed12ab4d8e11ba873c2f11161202b945,[],"trusted-content allowlist and XSS/CSP review"
2164,97,slider-mod,slider_mod,"App\Models\SliderMod",main_category_image,image,"Main Category Image",0,1,1,1,1,1,13,"FileUpload(image) with legacy-path adapter",ImageColumn,,,,,,,,,,4f53cda18c2baa0c0354bb5f9a3ecbe5ed12ab4d8e11ba873c2f11161202b945,[],"preserve existing URLs and derivatives; validate real MIME/decode/size/path"
1227,98,slider-photo,slider_photo,"App\Models\SliderPhoto",id,text,Id,1,0,0,0,0,0,1,TextInput,TextColumn,,,,,,,,,,4f53cda18c2baa0c0354bb5f9a3ecbe5ed12ab4d8e11ba873c2f11161202b945,[],"required; omit from UI unless server-side lifecycle requires it"
1228,98,slider-photo,slider_photo,"App\Models\SliderPhoto",title,text,Заголовок,0,1,1,1,1,1,2,TextInput,TextColumn,,,,,,,,,,4f53cda18c2baa0c0354bb5f9a3ecbe5ed12ab4d8e11ba873c2f11161202b945,[],
1229,98,slider-photo,slider_photo,"App\Models\SliderPhoto",text,text,Текст,0,1,1,1,1,1,3,TextInput,TextColumn,,,,,,,,,,4f53cda18c2baa0c0354bb5f9a3ecbe5ed12ab4d8e11ba873c2f11161202b945,[],
1230,98,slider-photo,slider_photo,"App\Models\SliderPhoto",link,text,Ссылка,0,0,1,1,1,1,4,TextInput,TextColumn,,,,,,,,,,4f53cda18c2baa0c0354bb5f9a3ecbe5ed12ab4d8e11ba873c2f11161202b945,[],
1231,98,slider-photo,slider_photo,"App\Models\SliderPhoto",image,image,Картинка,0,1,1,1,1,1,5,"FileUpload(image) with legacy-path adapter",ImageColumn,,,,,,,,,,4f53cda18c2baa0c0354bb5f9a3ecbe5ed12ab4d8e11ba873c2f11161202b945,[],"preserve existing URLs and derivatives; validate real MIME/decode/size/path"
2039,98,slider-photo,slider_photo,"App\Models\SliderPhoto",image_webp,image,Webp,0,1,1,1,1,1,6,"FileUpload(image) with legacy-path adapter",ImageColumn,,,,,,,,,,4f53cda18c2baa0c0354bb5f9a3ecbe5ed12ab4d8e11ba873c2f11161202b945,[],"preserve existing URLs and derivatives; validate real MIME/decode/size/path"
1232,98,slider-photo,slider_photo,"App\Models\SliderPhoto",created_at,timestamp,"Created At",0,0,0,0,0,0,7,"DateTimePicker or read-only Placeholder",TextColumn(dateTime),,,,,,,,,,4f53cda18c2baa0c0354bb5f9a3ecbe5ed12ab4d8e11ba873c2f11161202b945,[],"omit from UI unless server-side lifecycle requires it"
1233,98,slider-photo,slider_photo,"App\Models\SliderPhoto",updated_at,timestamp,"Updated At",0,0,0,0,0,0,8,"DateTimePicker or read-only Placeholder",TextColumn(dateTime),,,,,,,,,,4f53cda18c2baa0c0354bb5f9a3ecbe5ed12ab4d8e11ba873c2f11161202b945,[],"omit from UI unless server-side lifecycle requires it"
2037,98,slider-photo,slider_photo,"App\Models\SliderPhoto",is_show,checkbox,"Is Show",0,1,1,1,1,1,9,"Toggle or Checkbox",IconColumn(boolean),,,,,,,,,,4f53cda18c2baa0c0354bb5f9a3ecbe5ed12ab4d8e11ba873c2f11161202b945,[],
2038,98,slider-photo,slider_photo,"App\Models\SliderPhoto",sort,number,Sort,0,1,1,1,1,1,10,TextInput(numeric),TextColumn(numeric),,,,,,,,,,4f53cda18c2baa0c0354bb5f9a3ecbe5ed12ab4d8e11ba873c2f11161202b945,[],
2159,98,slider-photo,slider_photo,"App\Models\SliderPhoto",sub_cat_title,text,"Sub Cat Title",0,1,1,1,1,1,11,TextInput,TextColumn,,,,,,,,,,4f53cda18c2baa0c0354bb5f9a3ecbe5ed12ab4d8e11ba873c2f11161202b945,[],
2153,98,slider-photo,slider_photo,"App\Models\SliderPhoto",sub_cat_image,multiple_images,"Sub Cat Image",0,1,1,1,1,1,12,"FileUpload(multiple) with legacy-path adapter","Image/File count column",,,,,,,,,,4f53cda18c2baa0c0354bb5f9a3ecbe5ed12ab4d8e11ba873c2f11161202b945,[],"preserve existing URLs and derivatives; validate real MIME/decode/size/path"
2154,98,slider-photo,slider_photo,"App\Models\SliderPhoto",sub_cat_text,rich_text_box,"Sub Cat Text",0,1,1,1,1,1,13,"RichEditor with explicit HTML allowlist","TextColumn(html disabled by default)",,,,,,,,,,4f53cda18c2baa0c0354bb5f9a3ecbe5ed12ab4d8e11ba873c2f11161202b945,[],"trusted-content allowlist and XSS/CSP review"
2160,98,slider-photo,slider_photo,"App\Models\SliderPhoto",sub_cat_link,text,"Sub Cat Link",0,0,1,1,1,1,14,TextInput,TextColumn,,,,,,,,,,4f53cda18c2baa0c0354bb5f9a3ecbe5ed12ab4d8e11ba873c2f11161202b945,[],
2165,98,slider-photo,slider_photo,"App\Models\SliderPhoto",main_category_text,rich_text_box,"Main Category Text",0,1,1,1,1,1,15,"RichEditor with explicit HTML allowlist","TextColumn(html disabled by default)",,,,,,,,,,4f53cda18c2baa0c0354bb5f9a3ecbe5ed12ab4d8e11ba873c2f11161202b945,[],"trusted-content allowlist and XSS/CSP review"
2166,98,slider-photo,slider_photo,"App\Models\SliderPhoto",main_category_image,image,"Main Category Image",0,1,1,1,1,1,16,"FileUpload(image) with legacy-path adapter",ImageColumn,,,,,,,,,,4f53cda18c2baa0c0354bb5f9a3ecbe5ed12ab4d8e11ba873c2f11161202b945,[],"preserve existing URLs and derivatives; validate real MIME/decode/size/path"
1234,99,slider-repr,slider_repr,"App\Models\SliderRepr",id,text,Id,1,0,0,0,0,0,1,TextInput,TextColumn,,,,,,,,,,4f53cda18c2baa0c0354bb5f9a3ecbe5ed12ab4d8e11ba873c2f11161202b945,[],"required; omit from UI unless server-side lifecycle requires it"
1235,99,slider-repr,slider_repr,"App\Models\SliderRepr",title,text,Заголовок,0,1,1,1,1,1,2,TextInput,TextColumn,,,,,,,,,,4f53cda18c2baa0c0354bb5f9a3ecbe5ed12ab4d8e11ba873c2f11161202b945,[],
1236,99,slider-repr,slider_repr,"App\Models\SliderRepr",text,text,Текст,0,1,1,1,1,1,3,TextInput,TextColumn,,,,,,,,,,4f53cda18c2baa0c0354bb5f9a3ecbe5ed12ab4d8e11ba873c2f11161202b945,[],
1237,99,slider-repr,slider_repr,"App\Models\SliderRepr",link,text,Ссылка,0,1,1,1,1,1,4,TextInput,TextColumn,,,,,,,,,,4f53cda18c2baa0c0354bb5f9a3ecbe5ed12ab4d8e11ba873c2f11161202b945,[],
1238,99,slider-repr,slider_repr,"App\Models\SliderRepr",image,image,Картинка,0,1,1,1,1,1,5,"FileUpload(image) with legacy-path adapter",ImageColumn,,,,,,,,,,4f53cda18c2baa0c0354bb5f9a3ecbe5ed12ab4d8e11ba873c2f11161202b945,[],"preserve existing URLs and derivatives; validate real MIME/decode/size/path"
1239,99,slider-repr,slider_repr,"App\Models\SliderRepr",created_at,timestamp,"Created At",0,1,1,1,0,1,6,"DateTimePicker or read-only Placeholder",TextColumn(dateTime),,,,,,,,,,4f53cda18c2baa0c0354bb5f9a3ecbe5ed12ab4d8e11ba873c2f11161202b945,[],
1240,99,slider-repr,slider_repr,"App\Models\SliderRepr",updated_at,timestamp,"Updated At",0,0,0,0,0,0,7,"DateTimePicker or read-only Placeholder",TextColumn(dateTime),,,,,,,,,,4f53cda18c2baa0c0354bb5f9a3ecbe5ed12ab4d8e11ba873c2f11161202b945,[],"omit from UI unless server-side lifecycle requires it"
2161,99,slider-repr,slider_repr,"App\Models\SliderRepr",sub_cat_title,text,"Sub Cat Title",0,1,1,1,1,1,8,TextInput,TextColumn,,,,,,,,,,4f53cda18c2baa0c0354bb5f9a3ecbe5ed12ab4d8e11ba873c2f11161202b945,[],
2155,99,slider-repr,slider_repr,"App\Models\SliderRepr",sub_cat_image,multiple_images,"Sub Cat Image",0,1,1,1,1,1,9,"FileUpload(multiple) with legacy-path adapter","Image/File count column",,,,,,,,,,4f53cda18c2baa0c0354bb5f9a3ecbe5ed12ab4d8e11ba873c2f11161202b945,[],"preserve existing URLs and derivatives; validate real MIME/decode/size/path"
2156,99,slider-repr,slider_repr,"App\Models\SliderRepr",sub_cat_text,rich_text_box,"Sub Cat Text",0,1,1,1,1,1,10,"RichEditor with explicit HTML allowlist","TextColumn(html disabled by default)",,,,,,,,,,4f53cda18c2baa0c0354bb5f9a3ecbe5ed12ab4d8e11ba873c2f11161202b945,[],"trusted-content allowlist and XSS/CSP review"
2162,99,slider-repr,slider_repr,"App\Models\SliderRepr",sub_cat_link,text,"Sub Cat Link",0,1,1,1,1,1,11,TextInput,TextColumn,,,,,,,,,,4f53cda18c2baa0c0354bb5f9a3ecbe5ed12ab4d8e11ba873c2f11161202b945,[],
2167,99,slider-repr,slider_repr,"App\Models\SliderRepr",main_category_text,rich_text_box,"Main Category Text",0,1,1,1,1,1,12,"RichEditor with explicit HTML allowlist","TextColumn(html disabled by default)",,,,,,,,,,4f53cda18c2baa0c0354bb5f9a3ecbe5ed12ab4d8e11ba873c2f11161202b945,[],"trusted-content allowlist and XSS/CSP review"
2168,99,slider-repr,slider_repr,"App\Models\SliderRepr",main_category_image,image,"Main Category Image",0,1,1,1,1,1,13,"FileUpload(image) with legacy-path adapter",ImageColumn,,,,,,,,,,4f53cda18c2baa0c0354bb5f9a3ecbe5ed12ab4d8e11ba873c2f11161202b945,[],"preserve existing URLs and derivatives; validate real MIME/decode/size/path"
1276,100,collage-popular-items,collage_popular_items,"App\Models\CollagePopularItem",id,text,Id,1,0,0,0,0,0,1,TextInput,TextColumn,,,,,,,,,,4f53cda18c2baa0c0354bb5f9a3ecbe5ed12ab4d8e11ba873c2f11161202b945,[],"required; omit from UI unless server-side lifecycle requires it"
1277,100,collage-popular-items,collage_popular_items,"App\Models\CollagePopularItem",name,text,Имя,0,1,1,1,1,1,2,TextInput,TextColumn,,,,,,,,,,4f53cda18c2baa0c0354bb5f9a3ecbe5ed12ab4d8e11ba873c2f11161202b945,[],
1278,100,collage-popular-items,collage_popular_items,"App\Models\CollagePopularItem",image,image,Картинка,0,1,1,1,1,1,3,"FileUpload(image) with legacy-path adapter",ImageColumn,,,,,,,,,,4f53cda18c2baa0c0354bb5f9a3ecbe5ed12ab4d8e11ba873c2f11161202b945,[],"preserve existing URLs and derivatives; validate real MIME/decode/size/path"
1279,100,collage-popular-items,collage_popular_items,"App\Models\CollagePopularItem",param,text,Параметр,0,1,1,1,1,1,4,TextInput,TextColumn,,,,,,,,,,4f53cda18c2baa0c0354bb5f9a3ecbe5ed12ab4d8e11ba873c2f11161202b945,[],
1280,100,collage-popular-items,collage_popular_items,"App\Models\CollagePopularItem",desc,text,Описание,0,1,1,1,1,1,5,TextInput,TextColumn,,,,,,,,,,4f53cda18c2baa0c0354bb5f9a3ecbe5ed12ab4d8e11ba873c2f11161202b945,[],
1283,100,collage-popular-items,collage_popular_items,"App\Models\CollagePopularItem",price_from,text,"Цена от.",0,1,1,1,1,1,6,TextInput,TextColumn,,,,,,,,,,4f53cda18c2baa0c0354bb5f9a3ecbe5ed12ab4d8e11ba873c2f11161202b945,[],
1281,100,collage-popular-items,collage_popular_items,"App\Models\CollagePopularItem",created_at,timestamp,"Created At",0,1,1,1,0,1,7,"DateTimePicker or read-only Placeholder",TextColumn(dateTime),,,,,,,,,,4f53cda18c2baa0c0354bb5f9a3ecbe5ed12ab4d8e11ba873c2f11161202b945,[],
1282,100,collage-popular-items,collage_popular_items,"App\Models\CollagePopularItem",updated_at,timestamp,"Updated At",0,0,0,0,0,0,8,"DateTimePicker or read-only Placeholder",TextColumn(dateTime),,,,,,,,,,4f53cda18c2baa0c0354bb5f9a3ecbe5ed12ab4d8e11ba873c2f11161202b945,[],"omit from UI unless server-side lifecycle requires it"
1301,101,user-messages,user_messages,"App\Models\UserMessage",id,text,Id,1,0,0,0,0,0,1,TextInput,TextColumn,,,,,,,,,,4f53cda18c2baa0c0354bb5f9a3ecbe5ed12ab4d8e11ba873c2f11161202b945,[],"required; omit from UI unless server-side lifecycle requires it"
1305,101,user-messages,user_messages,"App\Models\UserMessage",rev_subject,text,"Отзыв - заголовок письма",0,1,1,1,1,1,2,TextInput,TextColumn,,,,,,,,,,4f53cda18c2baa0c0354bb5f9a3ecbe5ed12ab4d8e11ba873c2f11161202b945,[],
1306,101,user-messages,user_messages,"App\Models\UserMessage",rev_fb,text,Facebook,0,1,1,1,1,1,3,TextInput,TextColumn,,,,,,,,,,4f53cda18c2baa0c0354bb5f9a3ecbe5ed12ab4d8e11ba873c2f11161202b945,[],
1307,101,user-messages,user_messages,"App\Models\UserMessage",rev_vk,text,Vk,0,0,1,1,1,1,4,TextInput,TextColumn,,,,,,,,,,4f53cda18c2baa0c0354bb5f9a3ecbe5ed12ab4d8e11ba873c2f11161202b945,[],
1308,101,user-messages,user_messages,"App\Models\UserMessage",rev_ig,text,Instagram,0,0,1,1,1,1,5,TextInput,TextColumn,,,,,,,,,,4f53cda18c2baa0c0354bb5f9a3ecbe5ed12ab4d8e11ba873c2f11161202b945,[],
1309,101,user-messages,user_messages,"App\Models\UserMessage",rev_yb,text,Youtube,0,0,1,1,1,1,6,TextInput,TextColumn,,,,,,,,,,4f53cda18c2baa0c0354bb5f9a3ecbe5ed12ab4d8e11ba873c2f11161202b945,[],
1310,101,user-messages,user_messages,"App\Models\UserMessage",rev_title,text,"Отзыв - заголовок",0,0,1,1,1,1,7,TextInput,TextColumn,,,,,,,,,,4f53cda18c2baa0c0354bb5f9a3ecbe5ed12ab4d8e11ba873c2f11161202b945,[],
1311,101,user-messages,user_messages,"App\Models\UserMessage",rev_sub_title,text,"Отзыв - подзаголовок",0,0,1,1,1,1,8,TextInput,TextColumn,,,,,,,,,,4f53cda18c2baa0c0354bb5f9a3ecbe5ed12ab4d8e11ba873c2f11161202b945,[],
1302,101,user-messages,user_messages,"App\Models\UserMessage",rev_mail,text,"Отзыв - текст",0,0,1,1,1,1,9,TextInput,TextColumn,,,,,,,,,,4f53cda18c2baa0c0354bb5f9a3ecbe5ed12ab4d8e11ba873c2f11161202b945,[],
1312,101,user-messages,user_messages,"App\Models\UserMessage",rev_btn_text,text,"Отзыв - отставить отзыв",0,0,1,1,1,1,10,TextInput,TextColumn,,,,,,,,,,4f53cda18c2baa0c0354bb5f9a3ecbe5ed12ab4d8e11ba873c2f11161202b945,[],
1313,101,user-messages,user_messages,"App\Models\UserMessage",rev_thx_text,text,"Отзыв - благодарственный текст",0,0,1,1,1,1,11,TextInput,TextColumn,,,,,,,,,,4f53cda18c2baa0c0354bb5f9a3ecbe5ed12ab4d8e11ba873c2f11161202b945,[],
1314,101,user-messages,user_messages,"App\Models\UserMessage",rev_after_txt_user,text,"Отзыв - пользователь внизу",0,0,1,1,1,1,12,TextInput,TextColumn,,,,,,,,,,4f53cda18c2baa0c0354bb5f9a3ecbe5ed12ab4d8e11ba873c2f11161202b945,[],
1315,101,user-messages,user_messages,"App\Models\UserMessage",rev_mai,text,"Отзыв - email внизу",0,0,1,1,1,1,13,TextInput,TextColumn,,,,,,,,,,4f53cda18c2baa0c0354bb5f9a3ecbe5ed12ab4d8e11ba873c2f11161202b945,[],
1330,101,user-messages,user_messages,"App\Models\UserMessage",sale_30_subject,text,"Скидка до 30% тема",0,0,1,1,1,1,14,TextInput,TextColumn,,,,,,,,,,4f53cda18c2baa0c0354bb5f9a3ecbe5ed12ab4d8e11ba873c2f11161202b945,[],
1331,101,user-messages,user_messages,"App\Models\UserMessage",sale_30_title,text,"Скидка до 30% - заголовок",0,0,1,1,1,1,15,TextInput,TextColumn,,,,,,,,,,4f53cda18c2baa0c0354bb5f9a3ecbe5ed12ab4d8e11ba873c2f11161202b945,[],
1332,101,user-messages,user_messages,"App\Models\UserMessage",sale_30_text,text,"Скидка до 30% - текст",0,0,1,1,1,1,16,TextInput,TextColumn,,,,,,,,,,4f53cda18c2baa0c0354bb5f9a3ecbe5ed12ab4d8e11ba873c2f11161202b945,[],
1333,101,user-messages,user_messages,"App\Models\UserMessage",sale_btn_text,text,"Скидка до 30% - кнопка",0,0,1,1,1,1,17,TextInput,TextColumn,,,,,,,,,,4f53cda18c2baa0c0354bb5f9a3ecbe5ed12ab4d8e11ba873c2f11161202b945,[],
1337,101,user-messages,user_messages,"App\Models\UserMessage",your_order_subject,text,"Ваш заказ получен - тема ",0,0,1,1,1,1,18,TextInput,TextColumn,,,,,,,,,,4f53cda18c2baa0c0354bb5f9a3ecbe5ed12ab4d8e11ba873c2f11161202b945,[],
1334,101,user-messages,user_messages,"App\Models\UserMessage",your_order_given,text,"Ваш заказ получен",0,0,1,1,1,1,19,TextInput,TextColumn,,,,,,,,,,4f53cda18c2baa0c0354bb5f9a3ecbe5ed12ab4d8e11ba873c2f11161202b945,[],
1335,101,user-messages,user_messages,"App\Models\UserMessage",your_order_given_foto,text,"В ближайшие время мы проверим фотографии и ответим!",0,0,1,1,1,1,20,TextInput,TextColumn,,,,,,,,,,4f53cda18c2baa0c0354bb5f9a3ecbe5ed12ab4d8e11ba873c2f11161202b945,[],
1303,101,user-messages,user_messages,"App\Models\UserMessage",created_at,timestamp,"Created At",0,0,1,1,0,1,21,"DateTimePicker or read-only Placeholder",TextColumn(dateTime),,,,,,,,,,4f53cda18c2baa0c0354bb5f9a3ecbe5ed12ab4d8e11ba873c2f11161202b945,[],
1304,101,user-messages,user_messages,"App\Models\UserMessage",updated_at,timestamp,"Updated At",0,0,0,0,0,0,22,"DateTimePicker or read-only Placeholder",TextColumn(dateTime),,,,,,,,,,4f53cda18c2baa0c0354bb5f9a3ecbe5ed12ab4d8e11ba873c2f11161202b945,[],"omit from UI unless server-side lifecycle requires it"
1336,101,user-messages,user_messages,"App\Models\UserMessage",your_order_z_data,text,"Данные заказа указаны:",0,0,1,1,1,1,23,TextInput,TextColumn,,,,,,,,,,4f53cda18c2baa0c0354bb5f9a3ecbe5ed12ab4d8e11ba873c2f11161202b945,[],
1339,101,user-messages,user_messages,"App\Models\UserMessage",your_rev__was_added_subject,text,"Ваш отзыв был добавлен - тема",0,0,1,1,1,1,24,TextInput,TextColumn,,,,,,,,,,4f53cda18c2baa0c0354bb5f9a3ecbe5ed12ab4d8e11ba873c2f11161202b945,[],
1340,101,user-messages,user_messages,"App\Models\UserMessage",your_rev__was_added_text,text,"Ваш отзыв был добавлен - текст",0,0,1,1,1,1,25,TextInput,TextColumn,,,,,,,,,,4f53cda18c2baa0c0354bb5f9a3ecbe5ed12ab4d8e11ba873c2f11161202b945,[],
1341,101,user-messages,user_messages,"App\Models\UserMessage",your_rev__was_added_title,text,"Ваш отзыв был добавлен - заголовок",0,0,1,1,1,1,26,TextInput,TextColumn,,,,,,,,,,4f53cda18c2baa0c0354bb5f9a3ecbe5ed12ab4d8e11ba873c2f11161202b945,[],
1342,101,user-messages,user_messages,"App\Models\UserMessage",your_rev__was_added_see_title,text,"Ваш отзыв был добавлен - ссылка",0,0,1,1,1,1,27,TextInput,TextColumn,,,,,,,,,,4f53cda18c2baa0c0354bb5f9a3ecbe5ed12ab4d8e11ba873c2f11161202b945,[],
1343,101,user-messages,user_messages,"App\Models\UserMessage",we_check_title,text,"Мы проверили Ваш заказ.",0,0,1,1,1,1,28,TextInput,TextColumn,,,,,,,,,,4f53cda18c2baa0c0354bb5f9a3ecbe5ed12ab4d8e11ba873c2f11161202b945,[],
1344,101,user-messages,user_messages,"App\Models\UserMessage",we_check_sub,text,"Фото подходят для данного заказа. Ваш заказ будет готов в соответствии условий заказа.",0,0,1,1,1,1,29,TextInput,TextColumn,,,,,,,,,,4f53cda18c2baa0c0354bb5f9a3ecbe5ed12ab4d8e11ba873c2f11161202b945,[],
1345,101,user-messages,user_messages,"App\Models\UserMessage",sended_subject,text,"Ваш заказ был отправлен. - тема",0,0,1,1,1,1,30,TextInput,TextColumn,,,,,,,,,,4f53cda18c2baa0c0354bb5f9a3ecbe5ed12ab4d8e11ba873c2f11161202b945,[],
1346,101,user-messages,user_messages,"App\Models\UserMessage",sended_sub,text,"Ваш заказ был отправлен.",0,0,1,1,1,1,31,TextInput,TextColumn,,,,,,,,,,4f53cda18c2baa0c0354bb5f9a3ecbe5ed12ab4d8e11ba873c2f11161202b945,[],
1347,101,user-messages,user_messages,"App\Models\UserMessage",sended_noty,text,"Ожидайте доставки и извещение на телефон.",0,0,1,1,1,1,32,TextInput,TextColumn,,,,,,,,,,4f53cda18c2baa0c0354bb5f9a3ecbe5ed12ab4d8e11ba873c2f11161202b945,[],
1348,101,user-messages,user_messages,"App\Models\UserMessage",sended_date_zak,text,"Дата заказа:",0,0,1,1,1,1,33,TextInput,TextColumn,,,,,,,,,,4f53cda18c2baa0c0354bb5f9a3ecbe5ed12ab4d8e11ba873c2f11161202b945,[],
1349,101,user-messages,user_messages,"App\Models\UserMessage",sended_date_otp,text,"Дата отправки:",0,0,1,1,1,1,34,TextInput,TextColumn,,,,,,,,,,4f53cda18c2baa0c0354bb5f9a3ecbe5ed12ab4d8e11ba873c2f11161202b945,[],
1350,101,user-messages,user_messages,"App\Models\UserMessage",sended_date_jel,text,"Желаемая дата доставки:",0,0,1,1,1,1,35,TextInput,TextColumn,,,,,,,,,,4f53cda18c2baa0c0354bb5f9a3ecbe5ed12ab4d8e11ba873c2f11161202b945,[],
1351,101,user-messages,user_messages,"App\Models\UserMessage",sale_30_40_subj,text,"30x40 Заголовок письма",0,0,1,1,1,1,36,TextInput,TextColumn,,,,,,,,,,4f53cda18c2baa0c0354bb5f9a3ecbe5ed12ab4d8e11ba873c2f11161202b945,[],
1352,101,user-messages,user_messages,"App\Models\UserMessage",sale_30_40_title,text,"30x40 Заголовок",0,0,1,1,1,1,37,TextInput,TextColumn,,,,,,,,,,4f53cda18c2baa0c0354bb5f9a3ecbe5ed12ab4d8e11ba873c2f11161202b945,[],
1353,101,user-messages,user_messages,"App\Models\UserMessage",sale_30_40_text,text,"30x40 текст",0,0,1,1,1,1,38,TextInput,TextColumn,,,,,,,,,,4f53cda18c2baa0c0354bb5f9a3ecbe5ed12ab4d8e11ba873c2f11161202b945,[],
1354,101,user-messages,user_messages,"App\Models\UserMessage",sale_30_40_btn,text,"30x40 текст кнопки",0,0,1,1,1,1,39,TextInput,TextColumn,,,,,,,,,,4f53cda18c2baa0c0354bb5f9a3ecbe5ed12ab4d8e11ba873c2f11161202b945,[],
1355,101,user-messages,user_messages,"App\Models\UserMessage",sale_added,text,"Вам присвоена скидка",0,0,1,1,1,1,40,TextInput,TextColumn,,,,,,,,,,4f53cda18c2baa0c0354bb5f9a3ecbe5ed12ab4d8e11ba873c2f11161202b945,[],
1356,101,user-messages,user_messages,"App\Models\UserMessage",sale_added_text,text,"Теперь вы можете ей воспользоваться",0,0,1,1,1,1,41,TextInput,TextColumn,,,,,,,,,,4f53cda18c2baa0c0354bb5f9a3ecbe5ed12ab4d8e11ba873c2f11161202b945,[],
1379,101,user-messages,user_messages,"App\Models\UserMessage",uns_text,text,"Отказаться от рассылки",0,0,1,1,1,1,42,TextInput,TextColumn,,,,,,,,,,4f53cda18c2baa0c0354bb5f9a3ecbe5ed12ab4d8e11ba873c2f11161202b945,[],
1380,101,user-messages,user_messages,"App\Models\UserMessage",reg_sub,text,"Регистрация - тема",0,0,1,1,1,1,43,TextInput,TextColumn,,,,,,,,,,4f53cda18c2baa0c0354bb5f9a3ecbe5ed12ab4d8e11ba873c2f11161202b945,[],
1381,101,user-messages,user_messages,"App\Models\UserMessage",reg_title,text,"Регистрация - заголовок",0,0,1,1,1,1,44,TextInput,TextColumn,,,,,,,,,,4f53cda18c2baa0c0354bb5f9a3ecbe5ed12ab4d8e11ba873c2f11161202b945,[],
1382,101,user-messages,user_messages,"App\Models\UserMessage",reg_text,text,"Регистрация - текст",0,0,1,1,1,1,45,TextInput,TextColumn,,,,,,,,,,4f53cda18c2baa0c0354bb5f9a3ecbe5ed12ab4d8e11ba873c2f11161202b945,[],
1383,101,user-messages,user_messages,"App\Models\UserMessage",reg_enter_pass,text,"Пароль для входа",0,0,1,1,1,1,46,TextInput,TextColumn,,,,,,,,,,4f53cda18c2baa0c0354bb5f9a3ecbe5ed12ab4d8e11ba873c2f11161202b945,[],
1400,101,user-messages,user_messages,"App\Models\UserMessage",data_zakaza,text,"Дата заказа",0,1,1,1,1,1,47,TextInput,TextColumn,,,,,,,,,,4f53cda18c2baa0c0354bb5f9a3ecbe5ed12ab4d8e11ba873c2f11161202b945,[],
1397,101,user-messages,user_messages,"App\Models\UserMessage",jel_dat_dost,text,"Желаемая дата доставки",0,1,1,1,1,1,48,TextInput,TextColumn,,,,,,,,,,4f53cda18c2baa0c0354bb5f9a3ecbe5ed12ab4d8e11ba873c2f11161202b945,[],
1398,101,user-messages,user_messages,"App\Models\UserMessage",tip_zakaz_sr,text,"Тип заказа скрочный",0,1,1,1,1,1,49,TextInput,TextColumn,,,,,,,,,,4f53cda18c2baa0c0354bb5f9a3ecbe5ed12ab4d8e11ba873c2f11161202b945,[],
1399,101,user-messages,user_messages,"App\Models\UserMessage",tip_zakaz_ob,text,"Тип заказ обычный",0,1,1,1,1,1,50,TextInput,TextColumn,,,,,,,,,,4f53cda18c2baa0c0354bb5f9a3ecbe5ed12ab4d8e11ba873c2f11161202b945,[],
1495,101,user-messages,user_messages,"App\Models\UserMessage",admin_user_chat_title,text,"Заголовок чата с художником",0,1,1,1,1,1,51,TextInput,TextColumn,,,,,,,,,,4f53cda18c2baa0c0354bb5f9a3ecbe5ed12ab4d8e11ba873c2f11161202b945,[],
1497,101,user-messages,user_messages,"App\Models\UserMessage",new_painter_order,text,"Новый заказ для художника",0,1,1,1,1,1,52,TextInput,TextColumn,,,,,,,,,,4f53cda18c2baa0c0354bb5f9a3ecbe5ed12ab4d8e11ba873c2f11161202b945,[],
1498,101,user-messages,user_messages,"App\Models\UserMessage",new_painter_order_text,text,"Новый заказ для художника - текст",0,1,1,1,1,1,53,TextInput,TextColumn,,,,,,,,,,4f53cda18c2baa0c0354bb5f9a3ecbe5ed12ab4d8e11ba873c2f11161202b945,[],
1502,101,user-messages,user_messages,"App\Models\UserMessage",new_photo_subject,text,"Новые фото к заказу - заголовок",0,1,1,1,1,1,54,TextInput,TextColumn,,,,,,,,,,4f53cda18c2baa0c0354bb5f9a3ecbe5ed12ab4d8e11ba873c2f11161202b945,[],
1503,101,user-messages,user_messages,"App\Models\UserMessage",new_photo_text,text,"Новые фото к заказу - текст",0,1,1,1,1,1,55,TextInput,TextColumn,,,,,,,,,,4f53cda18c2baa0c0354bb5f9a3ecbe5ed12ab4d8e11ba873c2f11161202b945,[],
1514,101,user-messages,user_messages,"App\Models\UserMessage",user_painter_mail_subject,text,"Тема письма пользователю при комментировании",0,1,1,1,1,1,56,TextInput,TextColumn,,,,,,,,,,4f53cda18c2baa0c0354bb5f9a3ecbe5ed12ab4d8e11ba873c2f11161202b945,[],
2302,101,user-messages,user_messages,"App\Models\UserMessage",tracking_number,text,"Tracking Number",0,1,1,1,1,1,57,TextInput,TextColumn,,,,,,,,,,4f53cda18c2baa0c0354bb5f9a3ecbe5ed12ab4d8e11ba873c2f11161202b945,[],
1357,102,send-rev,send_rev,"App\Models\SendRev",id,text,Id,1,0,0,0,0,0,1,TextInput,TextColumn,,,,,,,,,,4f53cda18c2baa0c0354bb5f9a3ecbe5ed12ab4d8e11ba873c2f11161202b945,[],"required; omit from UI unless server-side lifecycle requires it"
1358,102,send-rev,send_rev,"App\Models\SendRev",meta_title,text,"Мета заголовок",0,1,1,1,1,1,2,TextInput,TextColumn,,,,,,,,,,4f53cda18c2baa0c0354bb5f9a3ecbe5ed12ab4d8e11ba873c2f11161202b945,[],
1359,102,send-rev,send_rev,"App\Models\SendRev",u_name,text,Имя,0,1,1,1,1,1,3,TextInput,TextColumn,,,,,,,,,,4f53cda18c2baa0c0354bb5f9a3ecbe5ed12ab4d8e11ba873c2f11161202b945,[],
1360,102,send-rev,send_rev,"App\Models\SendRev",u_mail,text,Email,0,1,1,1,1,1,4,TextInput,TextColumn,,,,,,,,,,4f53cda18c2baa0c0354bb5f9a3ecbe5ed12ab4d8e11ba873c2f11161202b945,[],
1361,102,send-rev,send_rev,"App\Models\SendRev",u_ava,text,Аватар,0,1,1,1,1,1,5,TextInput,TextColumn,,,,,,,,,,4f53cda18c2baa0c0354bb5f9a3ecbe5ed12ab4d8e11ba873c2f11161202b945,[],
1362,102,send-rev,send_rev,"App\Models\SendRev",u_promo,text,Промо,0,1,1,1,1,1,6,TextInput,TextColumn,,,,,,,,,,4f53cda18c2baa0c0354bb5f9a3ecbe5ed12ab4d8e11ba873c2f11161202b945,[],
1363,102,send-rev,send_rev,"App\Models\SendRev",u_audio,text,"U Audio",0,1,1,1,1,1,7,TextInput,TextColumn,,,,,,,,,,4f53cda18c2baa0c0354bb5f9a3ecbe5ed12ab4d8e11ba873c2f11161202b945,[],
1364,102,send-rev,send_rev,"App\Models\SendRev",u_text,text,Текст,0,1,1,1,1,1,8,TextInput,TextColumn,,,,,,,,,,4f53cda18c2baa0c0354bb5f9a3ecbe5ed12ab4d8e11ba873c2f11161202b945,[],
1365,102,send-rev,send_rev,"App\Models\SendRev",u_send,text,Отправить,0,0,1,1,1,1,9,TextInput,TextColumn,,,,,,,,,,4f53cda18c2baa0c0354bb5f9a3ecbe5ed12ab4d8e11ba873c2f11161202b945,[],
1368,102,send-rev,send_rev,"App\Models\SendRev",need_reg,text,"Для незарегистрированных",0,0,1,1,1,1,10,TextInput,TextColumn,,,,,,,,,,4f53cda18c2baa0c0354bb5f9a3ecbe5ed12ab4d8e11ba873c2f11161202b945,[],
1366,102,send-rev,send_rev,"App\Models\SendRev",created_at,timestamp,"Created At",0,1,1,1,0,1,11,"DateTimePicker or read-only Placeholder",TextColumn(dateTime),,,,,,,,,,4f53cda18c2baa0c0354bb5f9a3ecbe5ed12ab4d8e11ba873c2f11161202b945,[],
1367,102,send-rev,send_rev,"App\Models\SendRev",updated_at,timestamp,"Updated At",0,0,0,0,0,0,12,"DateTimePicker or read-only Placeholder",TextColumn(dateTime),,,,,,,,,,4f53cda18c2baa0c0354bb5f9a3ecbe5ed12ab4d8e11ba873c2f11161202b945,[],"omit from UI unless server-side lifecycle requires it"
1384,103,string-tranlations3,string_tranlations3,"App\Models\StringTranlations3",id,text,Id,1,0,0,0,0,0,1,TextInput,TextColumn,,,,,,,,,,4f53cda18c2baa0c0354bb5f9a3ecbe5ed12ab4d8e11ba873c2f11161202b945,[],"required; omit from UI unless server-side lifecycle requires it"
1385,103,string-tranlations3,string_tranlations3,"App\Models\StringTranlations3",standart_text_2,text,"Стандартная доставка - граф/стил.",0,1,1,1,1,1,2,TextInput,TextColumn,,,,,,,,,,4f53cda18c2baa0c0354bb5f9a3ecbe5ed12ab4d8e11ba873c2f11161202b945,[],
1386,103,string-tranlations3,string_tranlations3,"App\Models\StringTranlations3",express_text_2,text,"Экспресс доставка - граф/стил.",0,1,1,1,1,1,3,TextInput,TextColumn,,,,,,,,,,4f53cda18c2baa0c0354bb5f9a3ecbe5ed12ab4d8e11ba873c2f11161202b945,[],
1393,103,string-tranlations3,string_tranlations3,"App\Models\StringTranlations3",before_after1,text,"Наши работы",0,1,1,1,1,1,4,TextInput,TextColumn,,,,,,,,,,4f53cda18c2baa0c0354bb5f9a3ecbe5ed12ab4d8e11ba873c2f11161202b945,[],
1394,103,string-tranlations3,string_tranlations3,"App\Models\StringTranlations3",before_after2,text,До/После,0,1,1,1,1,1,5,TextInput,TextColumn,,,,,,,,,,4f53cda18c2baa0c0354bb5f9a3ecbe5ed12ab4d8e11ba873c2f11161202b945,[],
1395,103,string-tranlations3,string_tranlations3,"App\Models\StringTranlations3",before_after3,text,"Наши работы - текст",0,1,1,1,1,1,6,TextInput,TextColumn,,,,,,,,,,4f53cda18c2baa0c0354bb5f9a3ecbe5ed12ab4d8e11ba873c2f11161202b945,[],
1396,103,string-tranlations3,string_tranlations3,"App\Models\StringTranlations3",before_after4,text,"Наши работы - фото",0,1,1,1,1,1,7,TextInput,TextColumn,,,,,,,,,,4f53cda18c2baa0c0354bb5f9a3ecbe5ed12ab4d8e11ba873c2f11161202b945,[],
1401,103,string-tranlations3,string_tranlations3,"App\Models\StringTranlations3",suc_send_dates,text,"2 даты - сообщение",0,1,1,1,1,1,8,TextInput,TextColumn,,,,,,,,,,4f53cda18c2baa0c0354bb5f9a3ecbe5ed12ab4d8e11ba873c2f11161202b945,[],
1403,103,string-tranlations3,string_tranlations3,"App\Models\StringTranlations3",show_btn,text,показать,0,1,1,1,1,1,9,TextInput,TextColumn,,,,,,,,,,4f53cda18c2baa0c0354bb5f9a3ecbe5ed12ab4d8e11ba873c2f11161202b945,[],
1404,103,string-tranlations3,string_tranlations3,"App\Models\StringTranlations3",hide_btn,text,скрыть,0,1,1,1,1,1,10,TextInput,TextColumn,,,,,,,,,,4f53cda18c2baa0c0354bb5f9a3ecbe5ed12ab4d8e11ba873c2f11161202b945,[],
1387,103,string-tranlations3,string_tranlations3,"App\Models\StringTranlations3",created_at,timestamp,"Created At",0,1,1,1,0,1,11,"DateTimePicker or read-only Placeholder",TextColumn(dateTime),,,,,,,,,,4f53cda18c2baa0c0354bb5f9a3ecbe5ed12ab4d8e11ba873c2f11161202b945,[],
1388,103,string-tranlations3,string_tranlations3,"App\Models\StringTranlations3",updated_at,timestamp,показать,0,0,0,0,0,0,12,"DateTimePicker or read-only Placeholder",TextColumn(dateTime),,,,,,,,,,4f53cda18c2baa0c0354bb5f9a3ecbe5ed12ab4d8e11ba873c2f11161202b945,[],"omit from UI unless server-side lifecycle requires it"
1420,103,string-tranlations3,string_tranlations3,"App\Models\StringTranlations3",area_min,number,"Area Min",0,1,1,1,1,1,13,TextInput(numeric),TextColumn(numeric),,,,,,,,,,4f53cda18c2baa0c0354bb5f9a3ecbe5ed12ab4d8e11ba873c2f11161202b945,[],
1421,103,string-tranlations3,string_tranlations3,"App\Models\StringTranlations3",coef_1,number,"Coef 1",0,1,1,1,1,1,14,TextInput(numeric),TextColumn(numeric),,,,,,,,,,4f53cda18c2baa0c0354bb5f9a3ecbe5ed12ab4d8e11ba873c2f11161202b945,[],
1422,103,string-tranlations3,string_tranlations3,"App\Models\StringTranlations3",coef_2,number,"Coef 2",0,1,1,1,1,1,15,TextInput(numeric),TextColumn(numeric),,,,,,,,,,4f53cda18c2baa0c0354bb5f9a3ecbe5ed12ab4d8e11ba873c2f11161202b945,[],
1423,103,string-tranlations3,string_tranlations3,"App\Models\StringTranlations3",coef_3,number,"Coef 3",0,1,1,1,1,1,16,TextInput(numeric),TextColumn(numeric),,,,,,,,,,4f53cda18c2baa0c0354bb5f9a3ecbe5ed12ab4d8e11ba873c2f11161202b945,[],
1424,103,string-tranlations3,string_tranlations3,"App\Models\StringTranlations3",area_more,number,"Area More",0,1,1,1,1,1,17,TextInput(numeric),TextColumn(numeric),,,,,,,,,,4f53cda18c2baa0c0354bb5f9a3ecbe5ed12ab4d8e11ba873c2f11161202b945,[],
1425,103,string-tranlations3,string_tranlations3,"App\Models\StringTranlations3",help_del_fon,text,"Удалить фон",0,1,1,1,1,1,18,TextInput,TextColumn,,,,,,,,,,4f53cda18c2baa0c0354bb5f9a3ecbe5ed12ab4d8e11ba873c2f11161202b945,[],
1426,103,string-tranlations3,string_tranlations3,"App\Models\StringTranlations3",help_clear,text,Очистить,0,1,1,1,1,1,19,TextInput,TextColumn,,,,,,,,,,4f53cda18c2baa0c0354bb5f9a3ecbe5ed12ab4d8e11ba873c2f11161202b945,[],
1427,103,string-tranlations3,string_tranlations3,"App\Models\StringTranlations3",help_del_selected,text,"Удалить выделенное",0,1,1,1,1,1,20,TextInput,TextColumn,,,,,,,,,,4f53cda18c2baa0c0354bb5f9a3ecbe5ed12ab4d8e11ba873c2f11161202b945,[],
1428,103,string-tranlations3,string_tranlations3,"App\Models\StringTranlations3",help_del_foto,text,"Удалить фото",0,1,1,1,1,1,21,TextInput,TextColumn,,,,,,,,,,4f53cda18c2baa0c0354bb5f9a3ecbe5ed12ab4d8e11ba873c2f11161202b945,[],
1429,103,string-tranlations3,string_tranlations3,"App\Models\StringTranlations3",help_back,text,Назад,0,1,1,1,1,1,22,TextInput,TextColumn,,,,,,,,,,4f53cda18c2baa0c0354bb5f9a3ecbe5ed12ab4d8e11ba873c2f11161202b945,[],
1430,103,string-tranlations3,string_tranlations3,"App\Models\StringTranlations3",help_forv,text,Вперед,0,1,1,1,1,1,23,TextInput,TextColumn,,,,,,,,,,4f53cda18c2baa0c0354bb5f9a3ecbe5ed12ab4d8e11ba873c2f11161202b945,[],
1431,103,string-tranlations3,string_tranlations3,"App\Models\StringTranlations3",help_sm,text,Уменьшить,0,1,1,1,1,1,24,TextInput,TextColumn,,,,,,,,,,4f53cda18c2baa0c0354bb5f9a3ecbe5ed12ab4d8e11ba873c2f11161202b945,[],
1432,103,string-tranlations3,string_tranlations3,"App\Models\StringTranlations3",help_big,text,Увеличить,0,1,1,1,1,1,25,TextInput,TextColumn,,,,,,,,,,4f53cda18c2baa0c0354bb5f9a3ecbe5ed12ab4d8e11ba873c2f11161202b945,[],
1433,103,string-tranlations3,string_tranlations3,"App\Models\StringTranlations3",help_right,text,"Поворот вправо",0,1,1,1,1,1,26,TextInput,TextColumn,,,,,,,,,,4f53cda18c2baa0c0354bb5f9a3ecbe5ed12ab4d8e11ba873c2f11161202b945,[],
1434,103,string-tranlations3,string_tranlations3,"App\Models\StringTranlations3",help_left,text,"Поворот влево",0,1,1,1,1,1,27,TextInput,TextColumn,,,,,,,,,,4f53cda18c2baa0c0354bb5f9a3ecbe5ed12ab4d8e11ba873c2f11161202b945,[],
1435,103,string-tranlations3,string_tranlations3,"App\Models\StringTranlations3",help_add_sm,text,"Добавить смайл",0,1,1,1,1,1,28,TextInput,TextColumn,,,,,,,,,,4f53cda18c2baa0c0354bb5f9a3ecbe5ed12ab4d8e11ba873c2f11161202b945,[],
1436,103,string-tranlations3,string_tranlations3,"App\Models\StringTranlations3",help_add_text,text,"Добавить текст",0,1,1,1,1,1,29,TextInput,TextColumn,,,,,,,,,,4f53cda18c2baa0c0354bb5f9a3ecbe5ed12ab4d8e11ba873c2f11161202b945,[],
1437,103,string-tranlations3,string_tranlations3,"App\Models\StringTranlations3",help_font,text,Шрифт,0,1,1,1,1,1,30,TextInput,TextColumn,,,,,,,,,,4f53cda18c2baa0c0354bb5f9a3ecbe5ed12ab4d8e11ba873c2f11161202b945,[],
1438,103,string-tranlations3,string_tranlations3,"App\Models\StringTranlations3",help_full_screen,text,"На весь экран",0,1,1,1,1,1,31,TextInput,TextColumn,,,,,,,,,,4f53cda18c2baa0c0354bb5f9a3ecbe5ed12ab4d8e11ba873c2f11161202b945,[],
1439,103,string-tranlations3,string_tranlations3,"App\Models\StringTranlations3",help_load_all,text,"Загрузить все фото",0,1,1,1,1,1,32,TextInput,TextColumn,,,,,,,,,,4f53cda18c2baa0c0354bb5f9a3ecbe5ed12ab4d8e11ba873c2f11161202b945,[],
1444,103,string-tranlations3,string_tranlations3,"App\Models\StringTranlations3",load_btn_text,text,"Вы можете загрузить фото пример",0,1,1,1,1,1,33,TextInput,TextColumn,,,,,,,,,,4f53cda18c2baa0c0354bb5f9a3ecbe5ed12ab4d8e11ba873c2f11161202b945,[],
1452,103,string-tranlations3,string_tranlations3,"App\Models\StringTranlations3",move_scroller,text,"Двигайте ползунок",0,1,1,1,1,1,34,TextInput,TextColumn,,,,,,,,,,4f53cda18c2baa0c0354bb5f9a3ecbe5ed12ab4d8e11ba873c2f11161202b945,[],
1457,103,string-tranlations3,string_tranlations3,"App\Models\StringTranlations3",user_ex,text,"Ошибка: существующий email",0,1,1,1,1,1,35,TextInput,TextColumn,,,,,,,,,,4f53cda18c2baa0c0354bb5f9a3ecbe5ed12ab4d8e11ba873c2f11161202b945,[],
1458,103,string-tranlations3,string_tranlations3,"App\Models\StringTranlations3",sitemap_text,text,"Карта сайта",0,1,1,1,1,1,36,TextInput,TextColumn,,,,,,,,,,4f53cda18c2baa0c0354bb5f9a3ecbe5ed12ab4d8e11ba873c2f11161202b945,[],
1459,103,string-tranlations3,string_tranlations3,"App\Models\StringTranlations3",picker_mnth,text,месяца,0,1,1,1,1,1,37,TextInput,TextColumn,,,,,,,,,,4f53cda18c2baa0c0354bb5f9a3ecbe5ed12ab4d8e11ba873c2f11161202b945,[],
1460,103,string-tranlations3,string_tranlations3,"App\Models\StringTranlations3",picker_days,text,дни,0,1,1,1,1,1,38,TextInput,TextColumn,,,,,,,,,,4f53cda18c2baa0c0354bb5f9a3ecbe5ed12ab4d8e11ba873c2f11161202b945,[],
1463,103,string-tranlations3,string_tranlations3,"App\Models\StringTranlations3",err_title,text,"К сожалению страница не найдена",0,1,1,1,1,1,39,TextInput,TextColumn,,,,,,,,,,4f53cda18c2baa0c0354bb5f9a3ecbe5ed12ab4d8e11ba873c2f11161202b945,[],
1464,103,string-tranlations3,string_tranlations3,"App\Models\StringTranlations3",err_link_text,text,"Перейти на главную страницу",0,1,1,1,1,1,40,TextInput,TextColumn,,,,,,,,,,4f53cda18c2baa0c0354bb5f9a3ecbe5ed12ab4d8e11ba873c2f11161202b945,[],
1484,103,string-tranlations3,string_tranlations3,"App\Models\StringTranlations3",styl_paint_title,text,Стилизация,0,1,1,1,1,1,41,TextInput,TextColumn,,,,,,,,,,4f53cda18c2baa0c0354bb5f9a3ecbe5ed12ab4d8e11ba873c2f11161202b945,[],
1485,103,string-tranlations3,string_tranlations3,"App\Models\StringTranlations3",fb1_text,text,"fb: опубликуйте пост и получите",0,1,1,1,1,1,42,TextInput,TextColumn,,,,,,,,,,4f53cda18c2baa0c0354bb5f9a3ecbe5ed12ab4d8e11ba873c2f11161202b945,[],
1486,103,string-tranlations3,string_tranlations3,"App\Models\StringTranlations3",fb2_text,text,"fb: Скидку",0,1,1,1,1,1,43,TextInput,TextColumn,,,,,,,,,,4f53cda18c2baa0c0354bb5f9a3ecbe5ed12ab4d8e11ba873c2f11161202b945,[],
1501,103,string-tranlations3,string_tranlations3,"App\Models\StringTranlations3",inv_size,text,"Нужно выбрать размер",0,1,1,1,1,1,45,TextInput,TextColumn,,,,,,,,,,4f53cda18c2baa0c0354bb5f9a3ecbe5ed12ab4d8e11ba873c2f11161202b945,[],
1405,104,page-partnership,page_partnership,"App\Models\PagePartnership",id,text,Id,1,0,0,0,0,0,1,TextInput,TextColumn,,,,,,,,,,4f53cda18c2baa0c0354bb5f9a3ecbe5ed12ab4d8e11ba873c2f11161202b945,[],"required; omit from UI unless server-side lifecycle requires it"
1406,104,page-partnership,page_partnership,"App\Models\PagePartnership",meta_title,text,"Мета заголовок",0,1,1,1,1,1,2,TextInput,TextColumn,,,,,,,,,,4f53cda18c2baa0c0354bb5f9a3ecbe5ed12ab4d8e11ba873c2f11161202b945,[],
1407,104,page-partnership,page_partnership,"App\Models\PagePartnership",meta_desc,text,"Мета описание",0,1,1,1,1,1,3,TextInput,TextColumn,,,,,,,,,,4f53cda18c2baa0c0354bb5f9a3ecbe5ed12ab4d8e11ba873c2f11161202b945,[],
1408,104,page-partnership,page_partnership,"App\Models\PagePartnership",title,text,Заголовок,0,1,1,1,1,1,4,TextInput,TextColumn,,,,,,,,,,4f53cda18c2baa0c0354bb5f9a3ecbe5ed12ab4d8e11ba873c2f11161202b945,[],
1409,104,page-partnership,page_partnership,"App\Models\PagePartnership",top_text,text,"Текст сверху",0,1,1,1,1,1,5,TextInput,TextColumn,,,,,,,,,,4f53cda18c2baa0c0354bb5f9a3ecbe5ed12ab4d8e11ba873c2f11161202b945,[],
1410,104,page-partnership,page_partnership,"App\Models\PagePartnership",partner_item_1,rich_text_box,Текст-1,0,1,1,1,1,1,6,"RichEditor with explicit HTML allowlist","TextColumn(html disabled by default)",,,,,,,,,,4f53cda18c2baa0c0354bb5f9a3ecbe5ed12ab4d8e11ba873c2f11161202b945,[],"trusted-content allowlist and XSS/CSP review"
1411,104,page-partnership,page_partnership,"App\Models\PagePartnership",partner_item_2,rich_text_box,Текст-2,0,1,1,1,1,1,7,"RichEditor with explicit HTML allowlist","TextColumn(html disabled by default)",,,,,,,,,,4f53cda18c2baa0c0354bb5f9a3ecbe5ed12ab4d8e11ba873c2f11161202b945,[],"trusted-content allowlist and XSS/CSP review"
1412,104,page-partnership,page_partnership,"App\Models\PagePartnership",partner_item_3,rich_text_box,Текст-3,0,1,1,1,1,1,8,"RichEditor with explicit HTML allowlist","TextColumn(html disabled by default)",,,,,,,,,,4f53cda18c2baa0c0354bb5f9a3ecbe5ed12ab4d8e11ba873c2f11161202b945,[],"trusted-content allowlist and XSS/CSP review"
1413,104,page-partnership,page_partnership,"App\Models\PagePartnership",sale_from,text,"Скидка до",0,1,1,1,1,1,9,TextInput,TextColumn,,,,,,,,,,4f53cda18c2baa0c0354bb5f9a3ecbe5ed12ab4d8e11ba873c2f11161202b945,[],
1414,104,page-partnership,page_partnership,"App\Models\PagePartnership",sale_after,text,"При комплексном оформлении помещений",0,1,1,1,1,1,10,TextInput,TextColumn,,,,,,,,,,4f53cda18c2baa0c0354bb5f9a3ecbe5ed12ab4d8e11ba873c2f11161202b945,[],
1415,104,page-partnership,page_partnership,"App\Models\PagePartnership",sale_bot_text,rich_text_box,"Текст снизу",0,1,1,1,1,1,11,"RichEditor with explicit HTML allowlist","TextColumn(html disabled by default)",,,,,,,,,,4f53cda18c2baa0c0354bb5f9a3ecbe5ed12ab4d8e11ba873c2f11161202b945,[],"trusted-content allowlist and XSS/CSP review"
1416,104,page-partnership,page_partnership,"App\Models\PagePartnership",sale_link_title,text,"Текст ссылки",0,1,1,1,1,1,12,TextInput,TextColumn,,,,,,,,,,4f53cda18c2baa0c0354bb5f9a3ecbe5ed12ab4d8e11ba873c2f11161202b945,[],
1417,104,page-partnership,page_partnership,"App\Models\PagePartnership",sale_link,text,Ссылка,0,1,1,1,1,1,13,TextInput,TextColumn,,,,,,,,,,4f53cda18c2baa0c0354bb5f9a3ecbe5ed12ab4d8e11ba873c2f11161202b945,[],
1418,104,page-partnership,page_partnership,"App\Models\PagePartnership",created_at,timestamp,"Created At",0,1,1,1,0,1,14,"DateTimePicker or read-only Placeholder",TextColumn(dateTime),,,,,,,,,,4f53cda18c2baa0c0354bb5f9a3ecbe5ed12ab4d8e11ba873c2f11161202b945,[],
1419,104,page-partnership,page_partnership,"App\Models\PagePartnership",updated_at,timestamp,"Updated At",0,0,0,0,0,0,15,"DateTimePicker or read-only Placeholder",TextColumn(dateTime),,,,,,,,,,4f53cda18c2baa0c0354bb5f9a3ecbe5ed12ab4d8e11ba873c2f11161202b945,[],"omit from UI unless server-side lifecycle requires it"
1477,105,page-slugs,page_slugs,"App\Models\PageSlug",id,text,Id,1,0,0,0,0,0,1,TextInput,TextColumn,,,,,,,,,,4f53cda18c2baa0c0354bb5f9a3ecbe5ed12ab4d8e11ba873c2f11161202b945,[],"required; omit from UI unless server-side lifecycle requires it"
1478,105,page-slugs,page_slugs,"App\Models\PageSlug",canvas_slug,text,Канвас,0,1,1,1,1,1,2,TextInput,TextColumn,,,,,,,,,,4f53cda18c2baa0c0354bb5f9a3ecbe5ed12ab4d8e11ba873c2f11161202b945,[],
1479,105,page-slugs,page_slugs,"App\Models\PageSlug",collage_slug,text,Колаж,0,1,1,1,1,1,3,TextInput,TextColumn,,,,,,,,,,4f53cda18c2baa0c0354bb5f9a3ecbe5ed12ab4d8e11ba873c2f11161202b945,[],
1480,105,page-slugs,page_slugs,"App\Models\PageSlug",modular_slug,text,"Модульные картины",0,1,1,1,1,1,5,TextInput,TextColumn,,,,,,,,,,4f53cda18c2baa0c0354bb5f9a3ecbe5ed12ab4d8e11ba873c2f11161202b945,[],
1481,105,page-slugs,page_slugs,"App\Models\PageSlug",created_at,timestamp,"Created At",0,1,1,1,0,1,6,"DateTimePicker or read-only Placeholder",TextColumn(dateTime),,,,,,,,,,4f53cda18c2baa0c0354bb5f9a3ecbe5ed12ab4d8e11ba873c2f11161202b945,[],
1482,105,page-slugs,page_slugs,"App\Models\PageSlug",updated_at,timestamp,"Updated At",0,0,0,0,0,0,7,"DateTimePicker or read-only Placeholder",TextColumn(dateTime),,,,,,,,,,4f53cda18c2baa0c0354bb5f9a3ecbe5ed12ab4d8e11ba873c2f11161202b945,[],"omit from UI unless server-side lifecycle requires it"
1516,106,all-styles-page,all_styles_page,"App\Models\AllStylesPage",id,text,Id,1,0,0,0,0,0,1,TextInput,TextColumn,,,,,,,,,,4f53cda18c2baa0c0354bb5f9a3ecbe5ed12ab4d8e11ba873c2f11161202b945,[],"required; omit from UI unless server-side lifecycle requires it"
1517,106,all-styles-page,all_styles_page,"App\Models\AllStylesPage",title,text,Заголовок,0,1,1,1,1,1,2,TextInput,TextColumn,,,,,,,,,,4f53cda18c2baa0c0354bb5f9a3ecbe5ed12ab4d8e11ba873c2f11161202b945,[],
1574,106,all-styles-page,all_styles_page,"App\Models\AllStylesPage",is_photo,checkbox,"По фото?",0,1,1,1,1,1,3,"Toggle or Checkbox",IconColumn(boolean),,,,,,,,,,dd16f799b93f770ceb01ecc533fcc68cbb65e59eb09dfe943528f8149dea40f3,"{""on"":""on"",""off"":""off"",""checked"":false}",
1518,106,all-styles-page,all_styles_page,"App\Models\AllStylesPage",image,image,Картинка,0,1,1,1,1,1,4,"FileUpload(image) with legacy-path adapter",ImageColumn,,,,,,,,,,4f53cda18c2baa0c0354bb5f9a3ecbe5ed12ab4d8e11ba873c2f11161202b945,[],"preserve existing URLs and derivatives; validate real MIME/decode/size/path"
1519,106,all-styles-page,all_styles_page,"App\Models\AllStylesPage",text,text,Описание,0,0,1,1,1,1,5,TextInput,TextColumn,,,,,,,,,,4f53cda18c2baa0c0354bb5f9a3ecbe5ed12ab4d8e11ba873c2f11161202b945,[],
1520,106,all-styles-page,all_styles_page,"App\Models\AllStylesPage",price,text,Цена,0,1,1,1,1,1,6,TextInput,TextColumn,,,,,,,,,,4f53cda18c2baa0c0354bb5f9a3ecbe5ed12ab4d8e11ba873c2f11161202b945,[],
1521,106,all-styles-page,all_styles_page,"App\Models\AllStylesPage",link,text,Ссылка,0,1,1,1,1,1,7,TextInput,TextColumn,,,,,,,,,,4f53cda18c2baa0c0354bb5f9a3ecbe5ed12ab4d8e11ba873c2f11161202b945,[],
1522,106,all-styles-page,all_styles_page,"App\Models\AllStylesPage",created_at,timestamp,"Created At",0,1,1,1,0,1,8,"DateTimePicker or read-only Placeholder",TextColumn(dateTime),,,,,,,,,,4f53cda18c2baa0c0354bb5f9a3ecbe5ed12ab4d8e11ba873c2f11161202b945,[],
1523,106,all-styles-page,all_styles_page,"App\Models\AllStylesPage",updated_at,timestamp,"Updated At",0,0,0,0,0,0,9,"DateTimePicker or read-only Placeholder",TextColumn(dateTime),,,,,,,,,,4f53cda18c2baa0c0354bb5f9a3ecbe5ed12ab4d8e11ba873c2f11161202b945,[],"omit from UI unless server-side lifecycle requires it"
1524,106,all-styles-page,all_styles_page,"App\Models\AllStylesPage",order,text,Order,0,1,1,1,1,1,10,TextInput,TextColumn,,,,,,,,,,4f53cda18c2baa0c0354bb5f9a3ecbe5ed12ab4d8e11ba873c2f11161202b945,[],
2211,106,all-styles-page,all_styles_page,"App\Models\AllStylesPage",is_show,checkbox,Активно,0,1,1,1,1,1,11,"Toggle or Checkbox",IconColumn(boolean),,,,,,,,,,4afb4306444460641fcf563e1ae2fd1b7b047be7595e1aa6a72c5e73a95d8833,"{""on"":""Вкл"",""off"":""Выкл"",""checked"":false}",
1525,107,all-styles,all_styles,"App\Models\AllStyle",id,text,Id,1,0,0,0,0,0,1,TextInput,TextColumn,,,,,,,,,,4f53cda18c2baa0c0354bb5f9a3ecbe5ed12ab4d8e11ba873c2f11161202b945,[],"required; omit from UI unless server-side lifecycle requires it"
1526,107,all-styles,all_styles,"App\Models\AllStyle",meta_title,text,"Мета заголовок",0,1,1,1,1,1,2,TextInput,TextColumn,,,,,,,,,,4f53cda18c2baa0c0354bb5f9a3ecbe5ed12ab4d8e11ba873c2f11161202b945,[],
1527,107,all-styles,all_styles,"App\Models\AllStyle",meta_desc,text,"Мета описание",0,1,1,1,1,1,3,TextInput,TextColumn,,,,,,,,,,4f53cda18c2baa0c0354bb5f9a3ecbe5ed12ab4d8e11ba873c2f11161202b945,[],
1528,107,all-styles,all_styles,"App\Models\AllStyle",title,text,Заголовок,0,1,1,1,1,1,4,TextInput,TextColumn,,,,,,,,,,4f53cda18c2baa0c0354bb5f9a3ecbe5ed12ab4d8e11ba873c2f11161202b945,[],
1529,107,all-styles,all_styles,"App\Models\AllStyle",desc,text,Описание,0,1,1,1,1,1,5,TextInput,TextColumn,,,,,,,,,,4f53cda18c2baa0c0354bb5f9a3ecbe5ed12ab4d8e11ba873c2f11161202b945,[],
1530,107,all-styles,all_styles,"App\Models\AllStyle",order_btn_text,text,Заказать,0,1,1,1,1,1,6,TextInput,TextColumn,,,,,,,,,,4f53cda18c2baa0c0354bb5f9a3ecbe5ed12ab4d8e11ba873c2f11161202b945,[],
1550,107,all-styles,all_styles,"App\Models\AllStyle",price_val,text,Валюта,0,1,1,1,1,1,7,TextInput,TextColumn,,,,,,,,,,4f53cda18c2baa0c0354bb5f9a3ecbe5ed12ab4d8e11ba873c2f11161202b945,[],
1531,107,all-styles,all_styles,"App\Models\AllStyle",from_text,text,от,0,1,1,1,1,1,8,TextInput,TextColumn,,,,,,,,,,4f53cda18c2baa0c0354bb5f9a3ecbe5ed12ab4d8e11ba873c2f11161202b945,[],
1532,107,all-styles,all_styles,"App\Models\AllStyle",show_more_text,text,"Показать больше",0,1,1,1,1,1,9,TextInput,TextColumn,,,,,,,,,,4f53cda18c2baa0c0354bb5f9a3ecbe5ed12ab4d8e11ba873c2f11161202b945,[],
1533,107,all-styles,all_styles,"App\Models\AllStyle",created_at,timestamp,"Created At",0,1,1,1,0,1,10,"DateTimePicker or read-only Placeholder",TextColumn(dateTime),,,,,,,,,,4f53cda18c2baa0c0354bb5f9a3ecbe5ed12ab4d8e11ba873c2f11161202b945,[],
1534,107,all-styles,all_styles,"App\Models\AllStyle",updated_at,timestamp,"Updated At",0,0,0,0,0,0,11,"DateTimePicker or read-only Placeholder",TextColumn(dateTime),,,,,,,,,,4f53cda18c2baa0c0354bb5f9a3ecbe5ed12ab4d8e11ba873c2f11161202b945,[],"omit from UI unless server-side lifecycle requires it"
1551,107,all-styles,all_styles,"App\Models\AllStyle",f_title,text,"Фото форма - заголовок",0,1,1,1,1,1,12,TextInput,TextColumn,,,,,,,,,,4f53cda18c2baa0c0354bb5f9a3ecbe5ed12ab4d8e11ba873c2f11161202b945,[],
1552,107,all-styles,all_styles,"App\Models\AllStyle",f_desc1,text,"Фото форма - загрузить-1",0,1,1,1,1,1,13,TextInput,TextColumn,,,,,,,,,,4f53cda18c2baa0c0354bb5f9a3ecbe5ed12ab4d8e11ba873c2f11161202b945,[],
1553,107,all-styles,all_styles,"App\Models\AllStyle",f_desc2,text,"Фото форма - загрузить-2",0,1,1,1,1,1,14,TextInput,TextColumn,,,,,,,,,,4f53cda18c2baa0c0354bb5f9a3ecbe5ed12ab4d8e11ba873c2f11161202b945,[],
1554,107,all-styles,all_styles,"App\Models\AllStyle",f_email,text,"Фото форма - email",0,1,1,1,1,1,15,TextInput,TextColumn,,,,,,,,,,4f53cda18c2baa0c0354bb5f9a3ecbe5ed12ab4d8e11ba873c2f11161202b945,[],
1555,107,all-styles,all_styles,"App\Models\AllStyle",f_phone,text,"Фото форма - телефон",0,1,1,1,1,1,16,TextInput,TextColumn,,,,,,,,,,4f53cda18c2baa0c0354bb5f9a3ecbe5ed12ab4d8e11ba873c2f11161202b945,[],
1556,107,all-styles,all_styles,"App\Models\AllStyle",f_send,text,"Фото форма - отправить",0,1,1,1,1,1,17,TextInput,TextColumn,,,,,,,,,,4f53cda18c2baa0c0354bb5f9a3ecbe5ed12ab4d8e11ba873c2f11161202b945,[],
1557,107,all-styles,all_styles,"App\Models\AllStyle",f_success,text,"Фото форма - успешно отправлено",0,1,1,1,1,1,18,TextInput,TextColumn,,,,,,,,,,4f53cda18c2baa0c0354bb5f9a3ecbe5ed12ab4d8e11ba873c2f11161202b945,[],
1635,107,all-styles,all_styles,"App\Models\AllStyle",files_loaded,text,"Файлы загружены",0,1,1,1,1,1,19,TextInput,TextColumn,,,,,,,,,,4f53cda18c2baa0c0354bb5f9a3ecbe5ed12ab4d8e11ba873c2f11161202b945,[],
1535,108,header-menu,header_menu,"App\Models\HeaderMenu",id,text,Id,1,0,0,0,0,0,1,TextInput,TextColumn,,,,,,,,,,4f53cda18c2baa0c0354bb5f9a3ecbe5ed12ab4d8e11ba873c2f11161202b945,[],"required; omit from UI unless server-side lifecycle requires it"
1536,108,header-menu,header_menu,"App\Models\HeaderMenu",title,text,Заголовок,0,1,1,1,1,1,2,TextInput,TextColumn,,,,,,,,,,4f53cda18c2baa0c0354bb5f9a3ecbe5ed12ab4d8e11ba873c2f11161202b945,[],
1537,108,header-menu,header_menu,"App\Models\HeaderMenu",link,text,Ссылка,0,1,1,1,1,1,3,TextInput,TextColumn,,,,,,,,,,4f53cda18c2baa0c0354bb5f9a3ecbe5ed12ab4d8e11ba873c2f11161202b945,[],
1538,108,header-menu,header_menu,"App\Models\HeaderMenu",images,multiple_images,Картинки,0,1,1,1,1,1,4,"FileUpload(multiple) with legacy-path adapter","Image/File count column",,,,,,,,,,4f53cda18c2baa0c0354bb5f9a3ecbe5ed12ab4d8e11ba873c2f11161202b945,[],"preserve existing URLs and derivatives; validate real MIME/decode/size/path"
1912,108,header-menu,header_menu,"App\Models\HeaderMenu",png,image,Png,0,1,1,1,1,1,5,"FileUpload(image) with legacy-path adapter",ImageColumn,,,,,,,,,,4f53cda18c2baa0c0354bb5f9a3ecbe5ed12ab4d8e11ba873c2f11161202b945,[],"preserve existing URLs and derivatives; validate real MIME/decode/size/path"
1539,108,header-menu,header_menu,"App\Models\HeaderMenu",menu_pos,select_dropdown,"Пункт меню",0,1,1,1,1,1,6,"Select with explicit options",TextColumn/badge,,,,,,,,,"{""1"":""Портрет по фото"",""2"":""Печать фото на холсте"",""3"":""Коллажи""}",010d89e89c7763027c3429e3a8f0c3f15d28ee65775ec80737360ff0535f9447,"{""default"":""1"",""options"":{""1"":""Портрет по фото"",""2"":""Печать фото на холсте"",""3"":""Коллажи""}}",
1540,108,header-menu,header_menu,"App\Models\HeaderMenu",order,text,Порядок,0,1,1,1,1,1,7,TextInput,TextColumn,,,,,,,,,,4f53cda18c2baa0c0354bb5f9a3ecbe5ed12ab4d8e11ba873c2f11161202b945,[],
1800,108,header-menu,header_menu,"App\Models\HeaderMenu",is_show,checkbox,Отображать,0,1,1,1,1,1,8,"Toggle or Checkbox",IconColumn(boolean),,,,,,,,,,4f53cda18c2baa0c0354bb5f9a3ecbe5ed12ab4d8e11ba873c2f11161202b945,[],
1541,108,header-menu,header_menu,"App\Models\HeaderMenu",created_at,timestamp,"Created At",0,1,1,1,0,1,9,"DateTimePicker or read-only Placeholder",TextColumn(dateTime),,,,,,,,,,4f53cda18c2baa0c0354bb5f9a3ecbe5ed12ab4d8e11ba873c2f11161202b945,[],
1542,108,header-menu,header_menu,"App\Models\HeaderMenu",updated_at,timestamp,"Updated At",0,0,0,0,0,0,10,"DateTimePicker or read-only Placeholder",TextColumn(dateTime),,,,,,,,,,4f53cda18c2baa0c0354bb5f9a3ecbe5ed12ab4d8e11ba873c2f11161202b945,[],"omit from UI unless server-side lifecycle requires it"
1543,109,footer-menu,footer_menu,"App\Models\FooterMenu",id,text,Id,1,0,0,0,0,0,1,TextInput,TextColumn,,,,,,,,,,4f53cda18c2baa0c0354bb5f9a3ecbe5ed12ab4d8e11ba873c2f11161202b945,[],"required; omit from UI unless server-side lifecycle requires it"
1544,109,footer-menu,footer_menu,"App\Models\FooterMenu",title,text,Заголовок,0,1,1,1,1,1,2,TextInput,TextColumn,,,,,,,,,,4f53cda18c2baa0c0354bb5f9a3ecbe5ed12ab4d8e11ba873c2f11161202b945,[],
1545,109,footer-menu,footer_menu,"App\Models\FooterMenu",link,text,Ссылка,0,1,1,1,1,1,3,TextInput,TextColumn,,,,,,,,,,4f53cda18c2baa0c0354bb5f9a3ecbe5ed12ab4d8e11ba873c2f11161202b945,[],
1546,109,footer-menu,footer_menu,"App\Models\FooterMenu",menu_pos,select_dropdown,"Пункт меню",0,1,1,1,1,1,4,"Select with explicit options",TextColumn/badge,,,,,,,,,"{""1"":""Стили портрета"",""2"":""Виды портрета"",""3"":""Информация""}",354992483cbfabc4bcb4f68d1146b64a36fdfdeeb14cd205cf1b7f52c870dc2b,"{""default"":""1"",""options"":{""1"":""Стили портрета"",""2"":""Виды портрета"",""3"":""Информация""}}",
1547,109,footer-menu,footer_menu,"App\Models\FooterMenu",order,number,Порядок,0,1,1,1,1,1,5,TextInput(numeric),TextColumn(numeric),,,,,,,,,,4f53cda18c2baa0c0354bb5f9a3ecbe5ed12ab4d8e11ba873c2f11161202b945,[],
1801,109,footer-menu,footer_menu,"App\Models\FooterMenu",is_show,checkbox,"Is Show",0,1,1,1,1,1,6,"Toggle or Checkbox",IconColumn(boolean),,,,,,,,,,4f53cda18c2baa0c0354bb5f9a3ecbe5ed12ab4d8e11ba873c2f11161202b945,[],
1548,109,footer-menu,footer_menu,"App\Models\FooterMenu",created_at,timestamp,"Created At",0,1,1,1,0,1,7,"DateTimePicker or read-only Placeholder",TextColumn(dateTime),,,,,,,,,,4f53cda18c2baa0c0354bb5f9a3ecbe5ed12ab4d8e11ba873c2f11161202b945,[],
1549,109,footer-menu,footer_menu,"App\Models\FooterMenu",updated_at,timestamp,"Updated At",0,0,0,0,0,0,8,"DateTimePicker or read-only Placeholder",TextColumn(dateTime),,,,,,,,,,4f53cda18c2baa0c0354bb5f9a3ecbe5ed12ab4d8e11ba873c2f11161202b945,[],"omit from UI unless server-side lifecycle requires it"
1558,110,all-style-form,all_style_form,"App\Models\AllStyleForm",id,text,Id,1,0,0,0,0,0,1,TextInput,TextColumn,,,,,,,,,,4f53cda18c2baa0c0354bb5f9a3ecbe5ed12ab4d8e11ba873c2f11161202b945,[],"required; omit from UI unless server-side lifecycle requires it"
1559,110,all-style-form,all_style_form,"App\Models\AllStyleForm",f_title,text,"Фото форма - заголовок",0,1,1,1,1,1,2,TextInput,TextColumn,,,,,,,,,,4f53cda18c2baa0c0354bb5f9a3ecbe5ed12ab4d8e11ba873c2f11161202b945,[],
1560,110,all-style-form,all_style_form,"App\Models\AllStyleForm",f_desc,text,"Портреты — лучший подарок на память",0,1,1,1,1,1,3,TextInput,TextColumn,,,,,,,,,,4f53cda18c2baa0c0354bb5f9a3ecbe5ed12ab4d8e11ba873c2f11161202b945,[],
1561,110,all-style-form,all_style_form,"App\Models\AllStyleForm",f_main_title,text,"Рассчитайте стоимость портрета за 4 шага и получите скидку -20%",0,1,1,1,1,1,4,TextInput,TextColumn,,,,,,,,,,4f53cda18c2baa0c0354bb5f9a3ecbe5ed12ab4d8e11ba873c2f11161202b945,[],
1562,110,all-style-form,all_style_form,"App\Models\AllStyleForm",f_step,text,шаг,0,1,1,1,1,1,5,TextInput,TextColumn,,,,,,,,,,4f53cda18c2baa0c0354bb5f9a3ecbe5ed12ab4d8e11ba873c2f11161202b945,[],
1563,110,all-style-form,all_style_form,"App\Models\AllStyleForm",f_step_from,text,из,0,1,1,1,1,1,6,TextInput,TextColumn,,,,,,,,,,4f53cda18c2baa0c0354bb5f9a3ecbe5ed12ab4d8e11ba873c2f11161202b945,[],
1564,110,all-style-form,all_style_form,"App\Models\AllStyleForm",f_for,text,"Для кого",0,1,1,1,1,1,7,TextInput,TextColumn,,,,,,,,,,4f53cda18c2baa0c0354bb5f9a3ecbe5ed12ab4d8e11ba873c2f11161202b945,[],
1565,110,all-style-form,all_style_form,"App\Models\AllStyleForm",f_evt,text,Событие,0,1,1,1,1,1,8,TextInput,TextColumn,,,,,,,,,,4f53cda18c2baa0c0354bb5f9a3ecbe5ed12ab4d8e11ba873c2f11161202b945,[],
1566,110,all-style-form,all_style_form,"App\Models\AllStyleForm",f_fro_who,text,"Для кого вы ищете подарок?",0,1,1,1,1,1,9,TextInput,TextColumn,,,,,,,,,,4f53cda18c2baa0c0354bb5f9a3ecbe5ed12ab4d8e11ba873c2f11161202b945,[],
1567,110,all-style-form,all_style_form,"App\Models\AllStyleForm",f_next_step_btn,text,"Следующий шаг",0,1,1,1,1,1,10,TextInput,TextColumn,,,,,,,,,,4f53cda18c2baa0c0354bb5f9a3ecbe5ed12ab4d8e11ba873c2f11161202b945,[],
1568,110,all-style-form,all_style_form,"App\Models\AllStyleForm",f_banner_title,text,"Подберите лучший вариант подарка за 4 шага",0,1,1,1,1,1,11,TextInput,TextColumn,,,,,,,,,,4f53cda18c2baa0c0354bb5f9a3ecbe5ed12ab4d8e11ba873c2f11161202b945,[],
1569,110,all-style-form,all_style_form,"App\Models\AllStyleForm",f_banner_bot1,text,"Бесплатная доставка",0,1,1,1,1,1,12,TextInput,TextColumn,,,,,,,,,,4f53cda18c2baa0c0354bb5f9a3ecbe5ed12ab4d8e11ba873c2f11161202b945,[],
1570,110,all-style-form,all_style_form,"App\Models\AllStyleForm",f_banner_bot2,text,"Подарочная упаковка",0,1,1,1,1,1,13,TextInput,TextColumn,,,,,,,,,,4f53cda18c2baa0c0354bb5f9a3ecbe5ed12ab4d8e11ba873c2f11161202b945,[],
1571,110,all-style-form,all_style_form,"App\Models\AllStyleForm",f_banner_bot3,text,"Скидка на новый заказ",0,1,1,1,1,1,14,TextInput,TextColumn,,,,,,,,,,4f53cda18c2baa0c0354bb5f9a3ecbe5ed12ab4d8e11ba873c2f11161202b945,[],
1582,110,all-style-form,all_style_form,"App\Models\AllStyleForm",enter_email,text,"Укажите Ваш E-mail",0,1,1,1,1,1,15,TextInput,TextColumn,,,,,,,,,,4f53cda18c2baa0c0354bb5f9a3ecbe5ed12ab4d8e11ba873c2f11161202b945,[],
1583,110,all-style-form,all_style_form,"App\Models\AllStyleForm",phone,text,"Укажите Ваш номер телефона",0,1,1,1,1,1,16,TextInput,TextColumn,,,,,,,,,,4f53cda18c2baa0c0354bb5f9a3ecbe5ed12ab4d8e11ba873c2f11161202b945,[],
1584,110,all-style-form,all_style_form,"App\Models\AllStyleForm",foto_portrait,text," Фото для портрета",0,1,1,1,1,1,17,TextInput,TextColumn,,,,,,,,,,4f53cda18c2baa0c0354bb5f9a3ecbe5ed12ab4d8e11ba873c2f11161202b945,[],
1585,110,all-style-form,all_style_form,"App\Models\AllStyleForm",load_photo,text,"Загрузить фото",0,1,1,1,1,1,18,TextInput,TextColumn,,,,,,,,,,4f53cda18c2baa0c0354bb5f9a3ecbe5ed12ab4d8e11ba873c2f11161202b945,[],
1586,110,all-style-form,all_style_form,"App\Models\AllStyleForm",prees_to_load,text,"Нажмите, чтобы загрузить фото",0,1,1,1,1,1,19,TextInput,TextColumn,,,,,,,,,,4f53cda18c2baa0c0354bb5f9a3ecbe5ed12ab4d8e11ba873c2f11161202b945,[],
1587,110,all-style-form,all_style_form,"App\Models\AllStyleForm",rachet_on,text,"Расчет стоимости прислать на",0,1,1,1,1,1,20,TextInput,TextColumn,,,,,,,,,,4f53cda18c2baa0c0354bb5f9a3ecbe5ed12ab4d8e11ba873c2f11161202b945,[],
1588,110,all-style-form,all_style_form,"App\Models\AllStyleForm",send,text,Отправить,0,1,1,1,1,1,21,TextInput,TextColumn,,,,,,,,,,4f53cda18c2baa0c0354bb5f9a3ecbe5ed12ab4d8e11ba873c2f11161202b945,[],
1589,110,all-style-form,all_style_form,"App\Models\AllStyleForm",gift_for_you,text,"+ Подарки для вас",0,1,1,1,1,1,22,TextInput,TextColumn,,,,,,,,,,4f53cda18c2baa0c0354bb5f9a3ecbe5ed12ab4d8e11ba873c2f11161202b945,[],
1590,110,all-style-form,all_style_form,"App\Models\AllStyleForm",privacy_text,text,Политика,0,1,1,1,1,1,23,TextInput,TextColumn,,,,,,,,,,4f53cda18c2baa0c0354bb5f9a3ecbe5ed12ab4d8e11ba873c2f11161202b945,[],
1591,110,all-style-form,all_style_form,"App\Models\AllStyleForm",skip_quest,text,"Пропустить вопрос",0,1,1,1,1,1,24,TextInput,TextColumn,,,,,,,,,,4f53cda18c2baa0c0354bb5f9a3ecbe5ed12ab4d8e11ba873c2f11161202b945,[],
1592,110,all-style-form,all_style_form,"App\Models\AllStyleForm",leave_contact,text,Контакты,0,1,1,1,1,1,25,TextInput,TextColumn,,,,,,,,,,4f53cda18c2baa0c0354bb5f9a3ecbe5ed12ab4d8e11ba873c2f11161202b945,[],
1593,110,all-style-form,all_style_form,"App\Models\AllStyleForm",after_end_got,text,"После завешения текст",0,1,1,1,1,1,26,TextInput,TextColumn,,,,,,,,,,4f53cda18c2baa0c0354bb5f9a3ecbe5ed12ab4d8e11ba873c2f11161202b945,[],
1594,110,all-style-form,all_style_form,"App\Models\AllStyleForm",succ_thx,text,"Спасибо за доверие!",0,1,1,1,1,1,27,TextInput,TextColumn,,,,,,,,,,4f53cda18c2baa0c0354bb5f9a3ecbe5ed12ab4d8e11ba873c2f11161202b945,[],
1595,110,all-style-form,all_style_form,"App\Models\AllStyleForm",succ_text,text,"Спасибо - текст",0,1,1,1,1,1,28,TextInput,TextColumn,,,,,,,,,,4f53cda18c2baa0c0354bb5f9a3ecbe5ed12ab4d8e11ba873c2f11161202b945,[],
1596,110,all-style-form,all_style_form,"App\Models\AllStyleForm",succ_write,text,"Спасибо - текст вснизу",0,1,1,1,1,1,29,TextInput,TextColumn,,,,,,,,,,4f53cda18c2baa0c0354bb5f9a3ecbe5ed12ab4d8e11ba873c2f11161202b945,[],
1597,110,all-style-form,all_style_form,"App\Models\AllStyleForm",succ_whats_tex,text,"Написать в ватсап",0,1,1,1,1,1,30,TextInput,TextColumn,,,,,,,,,,4f53cda18c2baa0c0354bb5f9a3ecbe5ed12ab4d8e11ba873c2f11161202b945,[],
1598,110,all-style-form,all_style_form,"App\Models\AllStyleForm",succ_whats_link,text,"Ватсап ссылка",0,1,1,1,1,1,31,TextInput,TextColumn,,,,,,,,,,4f53cda18c2baa0c0354bb5f9a3ecbe5ed12ab4d8e11ba873c2f11161202b945,[],
1600,110,all-style-form,all_style_form,"App\Models\AllStyleForm",no_select,text,"Вы ничего не выбрали!",0,1,1,1,1,1,32,TextInput,TextColumn,,,,,,,,,,4f53cda18c2baa0c0354bb5f9a3ecbe5ed12ab4d8e11ba873c2f11161202b945,[],
1572,110,all-style-form,all_style_form,"App\Models\AllStyleForm",created_at,timestamp,"Created At",0,1,1,1,0,1,33,"DateTimePicker or read-only Placeholder",TextColumn(dateTime),,,,,,,,,,4f53cda18c2baa0c0354bb5f9a3ecbe5ed12ab4d8e11ba873c2f11161202b945,[],
1573,110,all-style-form,all_style_form,"App\Models\AllStyleForm",updated_at,timestamp,"Updated At",0,0,0,0,0,0,34,"DateTimePicker or read-only Placeholder",TextColumn(dateTime),,,,,,,,,,4f53cda18c2baa0c0354bb5f9a3ecbe5ed12ab4d8e11ba873c2f11161202b945,[],"omit from UI unless server-side lifecycle requires it"
1621,110,all-style-form,all_style_form,"App\Models\AllStyleForm",js_zero,text,"1. Для какого события вы ищете подарок?",0,1,1,1,1,1,35,TextInput,TextColumn,,,,,,,,,,4f53cda18c2baa0c0354bb5f9a3ecbe5ed12ab4d8e11ba873c2f11161202b945,[],
1622,110,all-style-form,all_style_form,"App\Models\AllStyleForm",js_first,text,"1. Для кого вы ищете подарок?",0,1,1,1,1,1,36,TextInput,TextColumn,,,,,,,,,,4f53cda18c2baa0c0354bb5f9a3ecbe5ed12ab4d8e11ba873c2f11161202b945,[],
1623,110,all-style-form,all_style_form,"App\Models\AllStyleForm",js_second,text,"2. В пределах какой суммы создаем подарок?",0,1,1,1,1,1,37,TextInput,TextColumn,,,,,,,,,,4f53cda18c2baa0c0354bb5f9a3ecbe5ed12ab4d8e11ba873c2f11161202b945,[],
1624,110,all-style-form,all_style_form,"App\Models\AllStyleForm",js_third,text,"3. В каком стиле вы хотите портрет",0,1,1,1,1,1,38,TextInput,TextColumn,,,,,,,,,,4f53cda18c2baa0c0354bb5f9a3ecbe5ed12ab4d8e11ba873c2f11161202b945,[],
1625,110,all-style-form,all_style_form,"App\Models\AllStyleForm",data_no_file,text,"Вы не загрузили файл(ы)!",0,1,1,1,1,1,39,TextInput,TextColumn,,,,,,,,,,4f53cda18c2baa0c0354bb5f9a3ecbe5ed12ab4d8e11ba873c2f11161202b945,[],
1626,110,all-style-form,all_style_form,"App\Models\AllStyleForm",data_no_messager,text,"Вы не выбрали мессенджер!",0,1,1,1,1,1,40,TextInput,TextColumn,,,,,,,,,,4f53cda18c2baa0c0354bb5f9a3ecbe5ed12ab4d8e11ba873c2f11161202b945,[],
1627,110,all-style-form,all_style_form,"App\Models\AllStyleForm",all_done,text,"Все готово",0,1,1,1,1,1,41,TextInput,TextColumn,,,,,,,,,,4f53cda18c2baa0c0354bb5f9a3ecbe5ed12ab4d8e11ba873c2f11161202b945,[],
1575,111,all-style-form-step-items,all_style_form_step_items,"App\Models\AllStyleFormStepItem",id,text,Id,1,0,0,0,0,0,1,TextInput,TextColumn,,,,,,,,,,4f53cda18c2baa0c0354bb5f9a3ecbe5ed12ab4d8e11ba873c2f11161202b945,[],"required; omit from UI unless server-side lifecycle requires it"
1576,111,all-style-form-step-items,all_style_form_step_items,"App\Models\AllStyleFormStepItem",name,text,Имя,0,1,1,1,1,1,2,TextInput,TextColumn,,,,,,,,,,4f53cda18c2baa0c0354bb5f9a3ecbe5ed12ab4d8e11ba873c2f11161202b945,[],
1577,111,all-style-form-step-items,all_style_form_step_items,"App\Models\AllStyleFormStepItem",tooltip,text,Подсказка,0,1,1,1,1,1,3,TextInput,TextColumn,,,,,,,,,,4f53cda18c2baa0c0354bb5f9a3ecbe5ed12ab4d8e11ba873c2f11161202b945,[],
1581,111,all-style-form-step-items,all_style_form_step_items,"App\Models\AllStyleFormStepItem",step,select_dropdown,Шаг,0,1,1,1,1,1,4,"Select with explicit options",TextColumn/badge,,,,,,,,,"[""событие"",""1"",""2"",""3"",""По умолчанию""]",d90c25366f7a3078802bcbc41b98edbce0010b652d4fc73796df58340a58f291,"{""default"":""1"",""options"":[""событие"",""1"",""2"",""3"",""По умолчанию""]}",
1578,111,all-style-form-step-items,all_style_form_step_items,"App\Models\AllStyleFormStepItem",image,image,Картинка,0,1,1,1,1,1,5,"FileUpload(image) with legacy-path adapter",ImageColumn,,,,,,,,,,4f53cda18c2baa0c0354bb5f9a3ecbe5ed12ab4d8e11ba873c2f11161202b945,[],"preserve existing URLs and derivatives; validate real MIME/decode/size/path"
1579,111,all-style-form-step-items,all_style_form_step_items,"App\Models\AllStyleFormStepItem",created_at,timestamp,"Created At",0,1,1,1,0,1,6,"DateTimePicker or read-only Placeholder",TextColumn(dateTime),,,,,,,,,,4f53cda18c2baa0c0354bb5f9a3ecbe5ed12ab4d8e11ba873c2f11161202b945,[],
1580,111,all-style-form-step-items,all_style_form_step_items,"App\Models\AllStyleFormStepItem",updated_at,timestamp,"Updated At",0,0,0,0,0,0,7,"DateTimePicker or read-only Placeholder",TextColumn(dateTime),,,,,,,,,,4f53cda18c2baa0c0354bb5f9a3ecbe5ed12ab4d8e11ba873c2f11161202b945,[],"omit from UI unless server-side lifecycle requires it"
1601,112,newhome-top-slider,newhome_top_slider,"App\Models\NewhomeTopSlider",id,text,Id,1,0,0,0,0,0,1,TextInput,TextColumn,,,,,,,,,,4f53cda18c2baa0c0354bb5f9a3ecbe5ed12ab4d8e11ba873c2f11161202b945,[],"required; omit from UI unless server-side lifecycle requires it"
2192,112,newhome-top-slider,newhome_top_slider,"App\Models\NewhomeTopSlider",order,number,Order,1,1,1,1,1,1,2,TextInput(numeric),TextColumn(numeric),,,,,,,,,,4f53cda18c2baa0c0354bb5f9a3ecbe5ed12ab4d8e11ba873c2f11161202b945,[],required
2193,112,newhome-top-slider,newhome_top_slider,"App\Models\NewhomeTopSlider",is_show,checkbox,"Is Show",1,1,1,1,1,1,3,"Toggle or Checkbox",IconColumn(boolean),,,,,,,,,,4f53cda18c2baa0c0354bb5f9a3ecbe5ed12ab4d8e11ba873c2f11161202b945,[],required
2194,112,newhome-top-slider,newhome_top_slider,"App\Models\NewhomeTopSlider",is_white,checkbox,"Is White",1,1,1,1,1,1,4,"Toggle or Checkbox",IconColumn(boolean),,,,,,,,,,4f53cda18c2baa0c0354bb5f9a3ecbe5ed12ab4d8e11ba873c2f11161202b945,[],required
1699,112,newhome-top-slider,newhome_top_slider,"App\Models\NewhomeTopSlider",ru,image,Ru,0,1,1,1,1,1,5,"FileUpload(image) with legacy-path adapter",ImageColumn,,,,,,,,,,4f53cda18c2baa0c0354bb5f9a3ecbe5ed12ab4d8e11ba873c2f11161202b945,[],"preserve existing URLs and derivatives; validate real MIME/decode/size/path"
1700,112,newhome-top-slider,newhome_top_slider,"App\Models\NewhomeTopSlider",ru_mob,image,"Ru Mob",0,1,1,1,1,1,6,"FileUpload(image) with legacy-path adapter",ImageColumn,,,,,,,,,,4f53cda18c2baa0c0354bb5f9a3ecbe5ed12ab4d8e11ba873c2f11161202b945,[],"preserve existing URLs and derivatives; validate real MIME/decode/size/path"
1701,112,newhome-top-slider,newhome_top_slider,"App\Models\NewhomeTopSlider",lv,image,Lv,0,1,1,1,1,1,7,"FileUpload(image) with legacy-path adapter",ImageColumn,,,,,,,,,,4f53cda18c2baa0c0354bb5f9a3ecbe5ed12ab4d8e11ba873c2f11161202b945,[],"preserve existing URLs and derivatives; validate real MIME/decode/size/path"
1702,112,newhome-top-slider,newhome_top_slider,"App\Models\NewhomeTopSlider",lv_mob,image,"Lv Mob",0,1,1,1,1,1,8,"FileUpload(image) with legacy-path adapter",ImageColumn,,,,,,,,,,4f53cda18c2baa0c0354bb5f9a3ecbe5ed12ab4d8e11ba873c2f11161202b945,[],"preserve existing URLs and derivatives; validate real MIME/decode/size/path"
1703,112,newhome-top-slider,newhome_top_slider,"App\Models\NewhomeTopSlider",lt,image,Lt,0,1,1,1,1,1,9,"FileUpload(image) with legacy-path adapter",ImageColumn,,,,,,,,,,4f53cda18c2baa0c0354bb5f9a3ecbe5ed12ab4d8e11ba873c2f11161202b945,[],"preserve existing URLs and derivatives; validate real MIME/decode/size/path"
1704,112,newhome-top-slider,newhome_top_slider,"App\Models\NewhomeTopSlider",lt_mob,image,"Lt Mob",0,1,1,1,1,1,10,"FileUpload(image) with legacy-path adapter",ImageColumn,,,,,,,,,,4f53cda18c2baa0c0354bb5f9a3ecbe5ed12ab4d8e11ba873c2f11161202b945,[],"preserve existing URLs and derivatives; validate real MIME/decode/size/path"
1705,112,newhome-top-slider,newhome_top_slider,"App\Models\NewhomeTopSlider",pl,image,Pl,0,1,1,1,1,1,11,"FileUpload(image) with legacy-path adapter",ImageColumn,,,,,,,,,,4f53cda18c2baa0c0354bb5f9a3ecbe5ed12ab4d8e11ba873c2f11161202b945,[],"preserve existing URLs and derivatives; validate real MIME/decode/size/path"
1706,112,newhome-top-slider,newhome_top_slider,"App\Models\NewhomeTopSlider",pl_mob,image,"Pl Mob",0,1,1,1,1,1,12,"FileUpload(image) with legacy-path adapter",ImageColumn,,,,,,,,,,4f53cda18c2baa0c0354bb5f9a3ecbe5ed12ab4d8e11ba873c2f11161202b945,[],"preserve existing URLs and derivatives; validate real MIME/decode/size/path"
1707,112,newhome-top-slider,newhome_top_slider,"App\Models\NewhomeTopSlider",de,image,De,0,1,1,1,1,1,13,"FileUpload(image) with legacy-path adapter",ImageColumn,,,,,,,,,,4f53cda18c2baa0c0354bb5f9a3ecbe5ed12ab4d8e11ba873c2f11161202b945,[],"preserve existing URLs and derivatives; validate real MIME/decode/size/path"
1708,112,newhome-top-slider,newhome_top_slider,"App\Models\NewhomeTopSlider",de_mob,image,"De Mob",0,1,1,1,1,1,14,"FileUpload(image) with legacy-path adapter",ImageColumn,,,,,,,,,,4f53cda18c2baa0c0354bb5f9a3ecbe5ed12ab4d8e11ba873c2f11161202b945,[],"preserve existing URLs and derivatives; validate real MIME/decode/size/path"
1709,112,newhome-top-slider,newhome_top_slider,"App\Models\NewhomeTopSlider",en,image,En,0,1,1,1,1,1,15,"FileUpload(image) with legacy-path adapter",ImageColumn,,,,,,,,,,4f53cda18c2baa0c0354bb5f9a3ecbe5ed12ab4d8e11ba873c2f11161202b945,[],"preserve existing URLs and derivatives; validate real MIME/decode/size/path"
1710,112,newhome-top-slider,newhome_top_slider,"App\Models\NewhomeTopSlider",en_mob,image,"En Mob",0,1,1,1,1,1,16,"FileUpload(image) with legacy-path adapter",ImageColumn,,,,,,,,,,4f53cda18c2baa0c0354bb5f9a3ecbe5ed12ab4d8e11ba873c2f11161202b945,[],"preserve existing URLs and derivatives; validate real MIME/decode/size/path"
1711,112,newhome-top-slider,newhome_top_slider,"App\Models\NewhomeTopSlider",ee,image,Ee,0,1,1,1,1,1,17,"FileUpload(image) with legacy-path adapter",ImageColumn,,,,,,,,,,4f53cda18c2baa0c0354bb5f9a3ecbe5ed12ab4d8e11ba873c2f11161202b945,[],"preserve existing URLs and derivatives; validate real MIME/decode/size/path"
1712,112,newhome-top-slider,newhome_top_slider,"App\Models\NewhomeTopSlider",ee_mob,image,"Ee Mob",0,1,1,1,1,1,18,"FileUpload(image) with legacy-path adapter",ImageColumn,,,,,,,,,,4f53cda18c2baa0c0354bb5f9a3ecbe5ed12ab4d8e11ba873c2f11161202b945,[],"preserve existing URLs and derivatives; validate real MIME/decode/size/path"
1603,112,newhome-top-slider,newhome_top_slider,"App\Models\NewhomeTopSlider",created_at,timestamp,"Created At",0,1,1,1,0,1,19,"DateTimePicker or read-only Placeholder",TextColumn(dateTime),,,,,,,,,,4f53cda18c2baa0c0354bb5f9a3ecbe5ed12ab4d8e11ba873c2f11161202b945,[],
1604,112,newhome-top-slider,newhome_top_slider,"App\Models\NewhomeTopSlider",updated_at,timestamp,"Updated At",0,0,0,0,0,0,20,"DateTimePicker or read-only Placeholder",TextColumn(dateTime),,,,,,,,,,4f53cda18c2baa0c0354bb5f9a3ecbe5ed12ab4d8e11ba873c2f11161202b945,[],"omit from UI unless server-side lifecycle requires it"
1605,113,newhome-services,newhome_services,"App\Models\NewhomeService",id,text,Id,1,0,0,0,0,0,1,TextInput,TextColumn,,,,,,,,,,4f53cda18c2baa0c0354bb5f9a3ecbe5ed12ab4d8e11ba873c2f11161202b945,[],"required; omit from UI unless server-side lifecycle requires it"
1606,113,newhome-services,newhome_services,"App\Models\NewhomeService",name,text,Имя,0,1,1,1,1,1,2,TextInput,TextColumn,,,,,,,,,,4f53cda18c2baa0c0354bb5f9a3ecbe5ed12ab4d8e11ba873c2f11161202b945,[],
1607,113,newhome-services,newhome_services,"App\Models\NewhomeService",image,image,Картинка,0,1,1,1,1,1,3,"FileUpload(image) with legacy-path adapter",ImageColumn,,,,,,,,,,647cbe14f7b3df7eee4ba73a480508cb09f7d28a6ded1f3622da83eba1fc16cf,"{""format"":""webp"",""quality"":""80%"",""upsize"":true}","preserve existing URLs and derivatives; validate real MIME/decode/size/path"
1608,113,newhome-services,newhome_services,"App\Models\NewhomeService",title,text,Заголовок,0,1,1,1,1,1,4,TextInput,TextColumn,,,,,,,,,,4f53cda18c2baa0c0354bb5f9a3ecbe5ed12ab4d8e11ba873c2f11161202b945,[],
1609,113,newhome-services,newhome_services,"App\Models\NewhomeService",desc,text,Описание,0,1,1,1,1,1,5,TextInput,TextColumn,,,,,,,,,,4f53cda18c2baa0c0354bb5f9a3ecbe5ed12ab4d8e11ba873c2f11161202b945,[],
1613,113,newhome-services,newhome_services,"App\Models\NewhomeService",link,text,Ссылка,0,1,1,1,1,1,6,TextInput,TextColumn,,,,,,,,,,4f53cda18c2baa0c0354bb5f9a3ecbe5ed12ab4d8e11ba873c2f11161202b945,[],
1610,113,newhome-services,newhome_services,"App\Models\NewhomeService",order,number,Порядок,0,1,1,1,1,1,7,TextInput(numeric),TextColumn(numeric),,,,,,,,,,4f53cda18c2baa0c0354bb5f9a3ecbe5ed12ab4d8e11ba873c2f11161202b945,[],
1826,113,newhome-services,newhome_services,"App\Models\NewhomeService",is_show,checkbox,"Is Show",0,1,1,1,1,1,8,"Toggle or Checkbox",IconColumn(boolean),,,,,,,,,,4f53cda18c2baa0c0354bb5f9a3ecbe5ed12ab4d8e11ba873c2f11161202b945,[],
1611,113,newhome-services,newhome_services,"App\Models\NewhomeService",created_at,timestamp,"Created At",0,1,1,1,0,1,9,"DateTimePicker or read-only Placeholder",TextColumn(dateTime),,,,,,,,,,4f53cda18c2baa0c0354bb5f9a3ecbe5ed12ab4d8e11ba873c2f11161202b945,[],
1612,113,newhome-services,newhome_services,"App\Models\NewhomeService",updated_at,timestamp,"Updated At",0,0,0,0,0,0,10,"DateTimePicker or read-only Placeholder",TextColumn(dateTime),,,,,,,,,,4f53cda18c2baa0c0354bb5f9a3ecbe5ed12ab4d8e11ba873c2f11161202b945,[],"omit from UI unless server-side lifecycle requires it"
1614,114,newhome-work-ex,newhome_work_ex,"App\Models\NewhomeWorkEx",id,text,Id,1,0,0,0,0,0,1,TextInput,TextColumn,,,,,,,,,,4f53cda18c2baa0c0354bb5f9a3ecbe5ed12ab4d8e11ba873c2f11161202b945,[],"required; omit from UI unless server-side lifecycle requires it"
1615,114,newhome-work-ex,newhome_work_ex,"App\Models\NewhomeWorkEx",image,image,Картинка,0,1,1,1,1,1,2,"FileUpload(image) with legacy-path adapter",ImageColumn,,,,,,,,,,4f53cda18c2baa0c0354bb5f9a3ecbe5ed12ab4d8e11ba873c2f11161202b945,[],"preserve existing URLs and derivatives; validate real MIME/decode/size/path"
1616,114,newhome-work-ex,newhome_work_ex,"App\Models\NewhomeWorkEx",title,text,Заголовок,0,1,1,1,1,1,3,TextInput,TextColumn,,,,,,,,,,4f53cda18c2baa0c0354bb5f9a3ecbe5ed12ab4d8e11ba873c2f11161202b945,[],
1617,114,newhome-work-ex,newhome_work_ex,"App\Models\NewhomeWorkEx",size,text,Размер,0,1,1,1,1,1,4,TextInput,TextColumn,,,,,,,,,,4f53cda18c2baa0c0354bb5f9a3ecbe5ed12ab4d8e11ba873c2f11161202b945,[],
1827,114,newhome-work-ex,newhome_work_ex,"App\Models\NewhomeWorkEx",catid,number,"Категория id",0,1,1,1,1,1,5,TextInput(numeric),TextColumn(numeric),,,,,,,,,,4f53cda18c2baa0c0354bb5f9a3ecbe5ed12ab4d8e11ba873c2f11161202b945,[],
1618,114,newhome-work-ex,newhome_work_ex,"App\Models\NewhomeWorkEx",order,number,Порядок,0,1,1,1,1,1,6,TextInput(numeric),TextColumn(numeric),,,,,,,,,,4f53cda18c2baa0c0354bb5f9a3ecbe5ed12ab4d8e11ba873c2f11161202b945,[],
1619,114,newhome-work-ex,newhome_work_ex,"App\Models\NewhomeWorkEx",created_at,timestamp,"Created At",0,1,1,1,0,1,7,"DateTimePicker or read-only Placeholder",TextColumn(dateTime),,,,,,,,,,4f53cda18c2baa0c0354bb5f9a3ecbe5ed12ab4d8e11ba873c2f11161202b945,[],
1620,114,newhome-work-ex,newhome_work_ex,"App\Models\NewhomeWorkEx",updated_at,timestamp,"Updated At",0,0,0,0,0,0,8,"DateTimePicker or read-only Placeholder",TextColumn(dateTime),,,,,,,,,,4f53cda18c2baa0c0354bb5f9a3ecbe5ed12ab4d8e11ba873c2f11161202b945,[],"omit from UI unless server-side lifecycle requires it"
1628,115,newhome-top-work-ex,newhome_top_work_ex,"App\Models\NewhomeTopWorkEx",id,text,Id,1,0,0,0,0,0,1,TextInput,TextColumn,,,,,,,,,,4f53cda18c2baa0c0354bb5f9a3ecbe5ed12ab4d8e11ba873c2f11161202b945,[],"required; omit from UI unless server-side lifecycle requires it"
1629,115,newhome-top-work-ex,newhome_top_work_ex,"App\Models\NewhomeTopWorkEx",image,image,Картинка,0,1,1,1,1,1,2,"FileUpload(image) with legacy-path adapter",ImageColumn,,,,,,,,,,4f53cda18c2baa0c0354bb5f9a3ecbe5ed12ab4d8e11ba873c2f11161202b945,[],"preserve existing URLs and derivatives; validate real MIME/decode/size/path"
1630,115,newhome-top-work-ex,newhome_top_work_ex,"App\Models\NewhomeTopWorkEx",title,text,Заголовок,0,1,1,1,1,1,3,TextInput,TextColumn,,,,,,,,,,4f53cda18c2baa0c0354bb5f9a3ecbe5ed12ab4d8e11ba873c2f11161202b945,[],
1631,115,newhome-top-work-ex,newhome_top_work_ex,"App\Models\NewhomeTopWorkEx",link,text,Ссылка,0,1,1,1,1,1,4,TextInput,TextColumn,,,,,,,,,,4f53cda18c2baa0c0354bb5f9a3ecbe5ed12ab4d8e11ba873c2f11161202b945,[],
1632,115,newhome-top-work-ex,newhome_top_work_ex,"App\Models\NewhomeTopWorkEx",order,number,Порядок,0,1,1,1,1,1,5,TextInput(numeric),TextColumn(numeric),,,,,,,,,,4f53cda18c2baa0c0354bb5f9a3ecbe5ed12ab4d8e11ba873c2f11161202b945,[],
1633,115,newhome-top-work-ex,newhome_top_work_ex,"App\Models\NewhomeTopWorkEx",created_at,timestamp,"Created At",0,1,1,1,0,1,6,"DateTimePicker or read-only Placeholder",TextColumn(dateTime),,,,,,,,,,4f53cda18c2baa0c0354bb5f9a3ecbe5ed12ab4d8e11ba873c2f11161202b945,[],
1634,115,newhome-top-work-ex,newhome_top_work_ex,"App\Models\NewhomeTopWorkEx",updated_at,timestamp,"Updated At",0,0,0,0,0,0,7,"DateTimePicker or read-only Placeholder",TextColumn(dateTime),,,,,,,,,,4f53cda18c2baa0c0354bb5f9a3ecbe5ed12ab4d8e11ba873c2f11161202b945,[],"omit from UI unless server-side lifecycle requires it"
1659,116,canvas-new,canvas_new,"App\Models\CanvasNew",id,text,Id,1,0,0,0,0,0,1,TextInput,TextColumn,,,,,,,,,,4f53cda18c2baa0c0354bb5f9a3ecbe5ed12ab4d8e11ba873c2f11161202b945,[],"required; omit from UI unless server-side lifecycle requires it"
1673,116,canvas-new,canvas_new,"App\Models\CanvasNew",canv_head_desk_img,image,"Картинка в шапке",0,1,1,1,1,1,2,"FileUpload(image) with legacy-path adapter",ImageColumn,,,,,,,,,,4f53cda18c2baa0c0354bb5f9a3ecbe5ed12ab4d8e11ba873c2f11161202b945,[],"preserve existing URLs and derivatives; validate real MIME/decode/size/path"
1678,116,canvas-new,canvas_new,"App\Models\CanvasNew",sizes_prices,text,Цены/размеры,0,1,1,1,1,1,3,TextInput,TextColumn,,,,,,,,,,4f53cda18c2baa0c0354bb5f9a3ecbe5ed12ab4d8e11ba873c2f11161202b945,[],
1674,116,canvas-new,canvas_new,"App\Models\CanvasNew",canv_head_mob_img,image,"Картинка в шапке - моб",0,1,1,1,1,1,4,"FileUpload(image) with legacy-path adapter",ImageColumn,,,,,,,,,,4f53cda18c2baa0c0354bb5f9a3ecbe5ed12ab4d8e11ba873c2f11161202b945,[],"preserve existing URLs and derivatives; validate real MIME/decode/size/path"
2311,116,canvas-new,canvas_new,"App\Models\CanvasNew",description,rich_text_box,Description,0,1,1,1,1,1,5,"RichEditor with explicit HTML allowlist","TextColumn(html disabled by default)",,,,,,,,,,4f53cda18c2baa0c0354bb5f9a3ecbe5ed12ab4d8e11ba873c2f11161202b945,[],"trusted-content allowlist and XSS/CSP review"
2312,116,canvas-new,canvas_new,"App\Models\CanvasNew",seo,rich_text_box,Seo,0,1,1,1,1,1,6,"RichEditor with explicit HTML allowlist","TextColumn(html disabled by default)",,,,,,,,,,4f53cda18c2baa0c0354bb5f9a3ecbe5ed12ab4d8e11ba873c2f11161202b945,[],"trusted-content allowlist and XSS/CSP review"
1660,116,canvas-new,canvas_new,"App\Models\CanvasNew",tab_what_is,adv_media_files,"Таб - Что это такое",0,1,1,1,1,1,7,"Custom ExistingPathMediaPicker/FileUpload adapter","Image/File summary column",,,,,,,,,,2bb206e907cfbdb94172d2088f142c6a6029da916f26cdb39b9cc12a6d54fec9,"{""extra_fields"":{""name"":{""type"":""textarea"",""title"":""Описание""},""image_title_ru"":{""type"":""text"",""title"":""Image Title ru""},""image_alt_ru"":{""type"":""text"",""title"":""Image Alt ru""},""image_title_en"":{""type"":""text"",""title"":""Image Title en""},""image_alt_en"":{""type"":""text"",""title"":""Image Alt en""},""image_title_lv"":{""type"":""text"",""title"":""Image Title lv""},""image_alt_lv"":{""type"":""text"",""title"":""Image Alt lv""},""image_title_ee"":{""type"":""text"",""title"":""Image Title ee""},""image_alt_ee"":{""type"":""text"",""title"":""Image Alt ee""},""image_title_lt"":{""type"":""text"",""title"":""Image Title lt""},""image_alt_lt"":{""type"":""text"",""title"":""Image Alt lt""},""image_title_pl"":{""type"":""text"",""title"":""Image Title pl""},""image_alt_pl"":{""type"":""text"",""title"":""Image Alt pl""},""image_title_de"":{""type"":""text"",""title"":""Image Title de""},""image_alt_de"":{""type"":""text"",""title"":""Image Alt de""}}}","preserve existing URLs and derivatives; validate real MIME/decode/size/path"
1661,116,canvas-new,canvas_new,"App\Models\CanvasNew",prices_sizes,adv_media_files,"Таб - Цены размеры",0,1,1,1,1,1,8,"Custom ExistingPathMediaPicker/FileUpload adapter","Image/File summary column",,,,,,,,,,5825a30a1f5ecbde26d6e4338ab036a99d128fbe7d84a34b107dcb224e094b32,"{""extra_fields"":{""size"":{""type"":""text"",""title"":""размер""},""price"":{""type"":""text"",""title"":""цена""},""image_title_ru"":{""type"":""text"",""title"":""Image Title ru""},""image_alt_ru"":{""type"":""text"",""title"":""Image Alt ru""},""image_title_en"":{""type"":""text"",""title"":""Image Title en""},""image_alt_en"":{""type"":""text"",""title"":""Image Alt en""},""image_title_lv"":{""type"":""text"",""title"":""Image Title lv""},""image_alt_lv"":{""type"":""text"",""title"":""Image Alt lv""},""image_title_ee"":{""type"":""text"",""title"":""Image Title ee""},""image_alt_ee"":{""type"":""text"",""title"":""Image Alt ee""},""image_title_lt"":{""type"":""text"",""title"":""Image Title lt""},""image_alt_lt"":{""type"":""text"",""title"":""Image Alt lt""},""image_title_pl"":{""type"":""text"",""title"":""Image Title pl""},""image_alt_pl"":{""type"":""text"",""title"":""Image Alt pl""},""image_title_de"":{""type"":""text"",""title"":""Image Title de""},""image_alt_de"":{""type"":""text"",""title"":""Image Alt de""}}}","preserve existing URLs and derivatives; validate real MIME/decode/size/path"
1662,116,canvas-new,canvas_new,"App\Models\CanvasNew",tab_examples,adv_media_files,"Таб - Примеры",0,1,1,1,1,1,9,"Custom ExistingPathMediaPicker/FileUpload adapter","Image/File summary column",,,,,,,,,,6876c569eea1e61f88fab8a19d46eb5fa7c06b3c3d7989a100a99a3e447c5295,"{""extra_fields"":{""name"":{""type"":""text"",""title"":""имя""},""size"":{""type"":""text"",""title"":""размер""},""image_title_ru"":{""type"":""text"",""title"":""Image Title ru""},""image_alt_ru"":{""type"":""text"",""title"":""Image Alt ru""},""image_title_en"":{""type"":""text"",""title"":""Image Title en""},""image_alt_en"":{""type"":""text"",""title"":""Image Alt en""},""image_title_lv"":{""type"":""text"",""title"":""Image Title lv""},""image_alt_lv"":{""type"":""text"",""title"":""Image Alt lv""},""image_title_ee"":{""type"":""text"",""title"":""Image Title ee""},""image_alt_ee"":{""type"":""text"",""title"":""Image Alt ee""},""image_title_lt"":{""type"":""text"",""title"":""Image Title lt""},""image_alt_lt"":{""type"":""text"",""title"":""Image Alt lt""},""image_title_pl"":{""type"":""text"",""title"":""Image Title pl""},""image_alt_pl"":{""type"":""text"",""title"":""Image Alt pl""},""image_title_de"":{""type"":""text"",""title"":""Image Title de""},""image_alt_de"":{""type"":""text"",""title"":""Image Alt de""}}}","preserve existing URLs and derivatives; validate real MIME/decode/size/path"
1663,116,canvas-new,canvas_new,"App\Models\CanvasNew",photo_work_basic,adv_media_files,"Базовая обработка фото - до",0,1,1,1,1,1,10,"Custom ExistingPathMediaPicker/FileUpload adapter","Image/File summary column",,,,,,,,,,f7ef37df0f49e2094ab87aac46f1dc079b3e85fc68c554623e775e98ff5d09db,"{""tab_title"":""Обработка фото"",""extra_fields"":{""image_title_ru"":{""type"":""text"",""title"":""Image Title ru""},""image_alt_ru"":{""type"":""text"",""title"":""Image Alt ru""},""image_title_en"":{""type"":""text"",""title"":""Image Title en""},""image_alt_en"":{""type"":""text"",""title"":""Image Alt en""},""image_title_lv"":{""type"":""text"",""title"":""Image Title lv""},""image_alt_lv"":{""type"":""text"",""title"":""Image Alt lv""},""image_title_ee"":{""type"":""text"",""title"":""Image Title ee""},""image_alt_ee"":{""type"":""text"",""title"":""Image Alt ee""},""image_title_lt"":{""type"":""text"",""title"":""Image Title lt""},""image_alt_lt"":{""type"":""text"",""title"":""Image Alt lt""},""image_title_pl"":{""type"":""text"",""title"":""Image Title pl""},""image_alt_pl"":{""type"":""text"",""title"":""Image Alt pl""},""image_title_de"":{""type"":""text"",""title"":""Image Title de""},""image_alt_de"":{""type"":""text"",""title"":""Image Alt de""}}}","preserve existing URLs and derivatives; validate real MIME/decode/size/path"
1670,116,canvas-new,canvas_new,"App\Models\CanvasNew",photo_work_basic_after,adv_media_files,"Базовая обработка фото - после",0,1,1,1,1,1,11,"Custom ExistingPathMediaPicker/FileUpload adapter","Image/File summary column",,,,,,,,,,721695db1f0a339ef4b67564ad8ec31b071b48bef6623a98e1df9bc15c3daebd,"{""extra_fields"":{""image_title_ru"":{""type"":""text"",""title"":""Image Title ru""},""image_alt_ru"":{""type"":""text"",""title"":""Image Alt ru""},""image_title_en"":{""type"":""text"",""title"":""Image Title en""},""image_alt_en"":{""type"":""text"",""title"":""Image Alt en""},""image_title_lv"":{""type"":""text"",""title"":""Image Title lv""},""image_alt_lv"":{""type"":""text"",""title"":""Image Alt lv""},""image_title_ee"":{""type"":""text"",""title"":""Image Title ee""},""image_alt_ee"":{""type"":""text"",""title"":""Image Alt ee""},""image_title_lt"":{""type"":""text"",""title"":""Image Title lt""},""image_alt_lt"":{""type"":""text"",""title"":""Image Alt lt""},""image_title_pl"":{""type"":""text"",""title"":""Image Title pl""},""image_alt_pl"":{""type"":""text"",""title"":""Image Alt pl""},""image_title_de"":{""type"":""text"",""title"":""Image Title de""},""image_alt_de"":{""type"":""text"",""title"":""Image Alt de""}}}","preserve existing URLs and derivatives; validate real MIME/decode/size/path"
1669,116,canvas-new,canvas_new,"App\Models\CanvasNew",photo_work_optimal,adv_media_files,"Оптимальная обработка фото - до",0,1,1,1,1,1,12,"Custom ExistingPathMediaPicker/FileUpload adapter","Image/File summary column",,,,,,,,,,721695db1f0a339ef4b67564ad8ec31b071b48bef6623a98e1df9bc15c3daebd,"{""extra_fields"":{""image_title_ru"":{""type"":""text"",""title"":""Image Title ru""},""image_alt_ru"":{""type"":""text"",""title"":""Image Alt ru""},""image_title_en"":{""type"":""text"",""title"":""Image Title en""},""image_alt_en"":{""type"":""text"",""title"":""Image Alt en""},""image_title_lv"":{""type"":""text"",""title"":""Image Title lv""},""image_alt_lv"":{""type"":""text"",""title"":""Image Alt lv""},""image_title_ee"":{""type"":""text"",""title"":""Image Title ee""},""image_alt_ee"":{""type"":""text"",""title"":""Image Alt ee""},""image_title_lt"":{""type"":""text"",""title"":""Image Title lt""},""image_alt_lt"":{""type"":""text"",""title"":""Image Alt lt""},""image_title_pl"":{""type"":""text"",""title"":""Image Title pl""},""image_alt_pl"":{""type"":""text"",""title"":""Image Alt pl""},""image_title_de"":{""type"":""text"",""title"":""Image Title de""},""image_alt_de"":{""type"":""text"",""title"":""Image Alt de""}}}","preserve existing URLs and derivatives; validate real MIME/decode/size/path"
1671,116,canvas-new,canvas_new,"App\Models\CanvasNew",photo_work_optimal_after,adv_media_files,"Оптимальная обработка фото - после",0,1,1,1,1,1,13,"Custom ExistingPathMediaPicker/FileUpload adapter","Image/File summary column",,,,,,,,,,721695db1f0a339ef4b67564ad8ec31b071b48bef6623a98e1df9bc15c3daebd,"{""extra_fields"":{""image_title_ru"":{""type"":""text"",""title"":""Image Title ru""},""image_alt_ru"":{""type"":""text"",""title"":""Image Alt ru""},""image_title_en"":{""type"":""text"",""title"":""Image Title en""},""image_alt_en"":{""type"":""text"",""title"":""Image Alt en""},""image_title_lv"":{""type"":""text"",""title"":""Image Title lv""},""image_alt_lv"":{""type"":""text"",""title"":""Image Alt lv""},""image_title_ee"":{""type"":""text"",""title"":""Image Title ee""},""image_alt_ee"":{""type"":""text"",""title"":""Image Alt ee""},""image_title_lt"":{""type"":""text"",""title"":""Image Title lt""},""image_alt_lt"":{""type"":""text"",""title"":""Image Alt lt""},""image_title_pl"":{""type"":""text"",""title"":""Image Title pl""},""image_alt_pl"":{""type"":""text"",""title"":""Image Alt pl""},""image_title_de"":{""type"":""text"",""title"":""Image Title de""},""image_alt_de"":{""type"":""text"",""title"":""Image Alt de""}}}","preserve existing URLs and derivatives; validate real MIME/decode/size/path"
1665,116,canvas-new,canvas_new,"App\Models\CanvasNew",photo_work_premium,adv_media_files,"Премиальная обработка фото - до",0,1,1,1,1,1,14,"Custom ExistingPathMediaPicker/FileUpload adapter","Image/File summary column",,,,,,,,,,721695db1f0a339ef4b67564ad8ec31b071b48bef6623a98e1df9bc15c3daebd,"{""extra_fields"":{""image_title_ru"":{""type"":""text"",""title"":""Image Title ru""},""image_alt_ru"":{""type"":""text"",""title"":""Image Alt ru""},""image_title_en"":{""type"":""text"",""title"":""Image Title en""},""image_alt_en"":{""type"":""text"",""title"":""Image Alt en""},""image_title_lv"":{""type"":""text"",""title"":""Image Title lv""},""image_alt_lv"":{""type"":""text"",""title"":""Image Alt lv""},""image_title_ee"":{""type"":""text"",""title"":""Image Title ee""},""image_alt_ee"":{""type"":""text"",""title"":""Image Alt ee""},""image_title_lt"":{""type"":""text"",""title"":""Image Title lt""},""image_alt_lt"":{""type"":""text"",""title"":""Image Alt lt""},""image_title_pl"":{""type"":""text"",""title"":""Image Title pl""},""image_alt_pl"":{""type"":""text"",""title"":""Image Alt pl""},""image_title_de"":{""type"":""text"",""title"":""Image Title de""},""image_alt_de"":{""type"":""text"",""title"":""Image Alt de""}}}","preserve existing URLs and derivatives; validate real MIME/decode/size/path"
1672,116,canvas-new,canvas_new,"App\Models\CanvasNew",photo_work_premium_after,adv_media_files,"Премиальная обработка фото - после",0,1,1,1,1,1,15,"Custom ExistingPathMediaPicker/FileUpload adapter","Image/File summary column",,,,,,,,,,721695db1f0a339ef4b67564ad8ec31b071b48bef6623a98e1df9bc15c3daebd,"{""extra_fields"":{""image_title_ru"":{""type"":""text"",""title"":""Image Title ru""},""image_alt_ru"":{""type"":""text"",""title"":""Image Alt ru""},""image_title_en"":{""type"":""text"",""title"":""Image Title en""},""image_alt_en"":{""type"":""text"",""title"":""Image Alt en""},""image_title_lv"":{""type"":""text"",""title"":""Image Title lv""},""image_alt_lv"":{""type"":""text"",""title"":""Image Alt lv""},""image_title_ee"":{""type"":""text"",""title"":""Image Title ee""},""image_alt_ee"":{""type"":""text"",""title"":""Image Alt ee""},""image_title_lt"":{""type"":""text"",""title"":""Image Title lt""},""image_alt_lt"":{""type"":""text"",""title"":""Image Alt lt""},""image_title_pl"":{""type"":""text"",""title"":""Image Title pl""},""image_alt_pl"":{""type"":""text"",""title"":""Image Alt pl""},""image_title_de"":{""type"":""text"",""title"":""Image Title de""},""image_alt_de"":{""type"":""text"",""title"":""Image Alt de""}}}","preserve existing URLs and derivatives; validate real MIME/decode/size/path"
1666,116,canvas-new,canvas_new,"App\Models\CanvasNew",sizes_bot_items,adv_media_files,"Разнообразие размеров",0,1,1,1,1,1,16,"Custom ExistingPathMediaPicker/FileUpload adapter","Image/File summary column",,,,,,,,,,1940dcd3a0398c0fb04d389a9a0bb3295bd46f3d6197abe26032a1c82845e4d6,"{""tab_title"":""Размеры"",""extra_fields"":{""size"":{""type"":""text"",""title"":""размер""},""image_title_ru"":{""type"":""text"",""title"":""Image Title ru""},""image_alt_ru"":{""type"":""text"",""title"":""Image Alt ru""},""image_title_en"":{""type"":""text"",""title"":""Image Title en""},""image_alt_en"":{""type"":""text"",""title"":""Image Alt en""},""image_title_lv"":{""type"":""text"",""title"":""Image Title lv""},""image_alt_lv"":{""type"":""text"",""title"":""Image Alt lv""},""image_title_ee"":{""type"":""text"",""title"":""Image Title ee""},""image_alt_ee"":{""type"":""text"",""title"":""Image Alt ee""},""image_title_lt"":{""type"":""text"",""title"":""Image Title lt""},""image_alt_lt"":{""type"":""text"",""title"":""Image Alt lt""},""image_title_pl"":{""type"":""text"",""title"":""Image Title pl""},""image_alt_pl"":{""type"":""text"",""title"":""Image Alt pl""},""image_title_de"":{""type"":""text"",""title"":""Image Title de""},""image_alt_de"":{""type"":""text"",""title"":""Image Alt de""}}}","preserve existing URLs and derivatives; validate real MIME/decode/size/path"
1667,116,canvas-new,canvas_new,"App\Models\CanvasNew",created_at,timestamp,"Created At",0,1,1,1,0,1,17,"DateTimePicker or read-only Placeholder",TextColumn(dateTime),,,,,,,,,,4f53cda18c2baa0c0354bb5f9a3ecbe5ed12ab4d8e11ba873c2f11161202b945,[],
1668,116,canvas-new,canvas_new,"App\Models\CanvasNew",updated_at,timestamp,"Updated At",0,0,0,0,0,0,18,"DateTimePicker or read-only Placeholder",TextColumn(dateTime),,,,,,,,,,4f53cda18c2baa0c0354bb5f9a3ecbe5ed12ab4d8e11ba873c2f11161202b945,[],"omit from UI unless server-side lifecycle requires it"
1681,117,a-order-from,a_order_from,"App\Models\AOrderFrom",id,text,Id,1,0,0,0,0,0,1,TextInput,TextColumn,,,,,,,,,,4f53cda18c2baa0c0354bb5f9a3ecbe5ed12ab4d8e11ba873c2f11161202b945,[],"required; omit from UI unless server-side lifecycle requires it"
1682,117,a-order-from,a_order_from,"App\Models\AOrderFrom",title,text,Title,1,1,1,1,1,1,2,TextInput,TextColumn,,,,,,,,,,4f53cda18c2baa0c0354bb5f9a3ecbe5ed12ab4d8e11ba873c2f11161202b945,[],required
1683,117,a-order-from,a_order_from,"App\Models\AOrderFrom",sortorder,number,Sortorder,1,1,1,1,1,1,3,TextInput(numeric),TextColumn(numeric),,,,,,,,,,4f53cda18c2baa0c0354bb5f9a3ecbe5ed12ab4d8e11ba873c2f11161202b945,[],required
1684,117,a-order-from,a_order_from,"App\Models\AOrderFrom",created_at,timestamp,"Created At",1,0,1,1,1,1,4,"DateTimePicker or read-only Placeholder",TextColumn(dateTime),,,,,,,,,,4f53cda18c2baa0c0354bb5f9a3ecbe5ed12ab4d8e11ba873c2f11161202b945,[],required
1685,117,a-order-from,a_order_from,"App\Models\AOrderFrom",updated_at,timestamp,"Updated At",1,0,1,1,1,1,5,"DateTimePicker or read-only Placeholder",TextColumn(dateTime),,,,,,,,,,4f53cda18c2baa0c0354bb5f9a3ecbe5ed12ab4d8e11ba873c2f11161202b945,[],required
1689,118,user-types,user_types,"App\Models\UserType",id,text,Id,1,0,0,0,0,0,1,TextInput,TextColumn,,,,,,,,,,4f53cda18c2baa0c0354bb5f9a3ecbe5ed12ab4d8e11ba873c2f11161202b945,[],"required; omit from UI unless server-side lifecycle requires it"
1690,118,user-types,user_types,"App\Models\UserType",name,text,Name,1,1,1,1,1,1,2,TextInput,TextColumn,,,,,,,,,,4f53cda18c2baa0c0354bb5f9a3ecbe5ed12ab4d8e11ba873c2f11161202b945,[],required
1691,118,user-types,user_types,"App\Models\UserType",created_at,timestamp,"Created At",0,1,1,1,0,1,3,"DateTimePicker or read-only Placeholder",TextColumn(dateTime),,,,,,,,,,4f53cda18c2baa0c0354bb5f9a3ecbe5ed12ab4d8e11ba873c2f11161202b945,[],
1692,118,user-types,user_types,"App\Models\UserType",updated_at,timestamp,"Updated At",0,0,0,0,0,0,4,"DateTimePicker or read-only Placeholder",TextColumn(dateTime),,,,,,,,,,4f53cda18c2baa0c0354bb5f9a3ecbe5ed12ab4d8e11ba873c2f11161202b945,[],"omit from UI unless server-side lifecycle requires it"
1693,119,a-painter-images-status,a_painter_images_status,"App\Models\APainterImagesStatus",id,text,Id,1,0,0,0,0,0,1,TextInput,TextColumn,,,,,,,,,,4f53cda18c2baa0c0354bb5f9a3ecbe5ed12ab4d8e11ba873c2f11161202b945,[],"required; omit from UI unless server-side lifecycle requires it"
1694,119,a-painter-images-status,a_painter_images_status,"App\Models\APainterImagesStatus",title,text,Title,1,1,1,1,1,1,2,TextInput,TextColumn,,,,,,,,,,4f53cda18c2baa0c0354bb5f9a3ecbe5ed12ab4d8e11ba873c2f11161202b945,[],required
1695,119,a-painter-images-status,a_painter_images_status,"App\Models\APainterImagesStatus",color,color,Color,1,1,1,1,1,1,3,ColorPicker,ColorColumn/TextColumn,,,,,,,,,,4f53cda18c2baa0c0354bb5f9a3ecbe5ed12ab4d8e11ba873c2f11161202b945,[],required
2189,119,a-painter-images-status,a_painter_images_status,"App\Models\APainterImagesStatus",status,text,Status,0,1,1,1,1,1,4,TextInput,TextColumn,,,,,,,,,,4f53cda18c2baa0c0354bb5f9a3ecbe5ed12ab4d8e11ba873c2f11161202b945,[],
1696,119,a-painter-images-status,a_painter_images_status,"App\Models\APainterImagesStatus",sortorder,number,Sortorder,1,1,1,1,1,1,5,TextInput(numeric),TextColumn(numeric),,,,,,,,,,4f53cda18c2baa0c0354bb5f9a3ecbe5ed12ab4d8e11ba873c2f11161202b945,[],required
1697,119,a-painter-images-status,a_painter_images_status,"App\Models\APainterImagesStatus",created_at,text,"Created At",1,1,1,1,1,1,6,TextInput,TextColumn,,,,,,,,,,4f53cda18c2baa0c0354bb5f9a3ecbe5ed12ab4d8e11ba873c2f11161202b945,[],required
1698,119,a-painter-images-status,a_painter_images_status,"App\Models\APainterImagesStatus",updated_at,text,"Updated At",1,1,1,1,1,1,7,TextInput,TextColumn,,,,,,,,,,4f53cda18c2baa0c0354bb5f9a3ecbe5ed12ab4d8e11ba873c2f11161202b945,[],required
1713,122,a-mail-top-sale,a_mail_top_sale,"App\Models\AMailTopSale",id,text,Id,1,0,0,0,0,0,1,TextInput,TextColumn,,,,,,,,,,4f53cda18c2baa0c0354bb5f9a3ecbe5ed12ab4d8e11ba873c2f11161202b945,[],"required; omit from UI unless server-side lifecycle requires it"
1718,122,a-mail-top-sale,a_mail_top_sale,"App\Models\AMailTopSale",image,image,Image,0,1,1,1,1,1,2,"FileUpload(image) with legacy-path adapter",ImageColumn,,,,,,,,,,4f53cda18c2baa0c0354bb5f9a3ecbe5ed12ab4d8e11ba873c2f11161202b945,[],"preserve existing URLs and derivatives; validate real MIME/decode/size/path"
1714,122,a-mail-top-sale,a_mail_top_sale,"App\Models\AMailTopSale",title,text,Title,1,1,1,1,1,1,3,TextInput,TextColumn,,,,,,,,,,4f53cda18c2baa0c0354bb5f9a3ecbe5ed12ab4d8e11ba873c2f11161202b945,[],required
1715,122,a-mail-top-sale,a_mail_top_sale,"App\Models\AMailTopSale",size,text,Size,0,1,1,1,1,1,4,TextInput,TextColumn,,,,,,,,,,4f53cda18c2baa0c0354bb5f9a3ecbe5ed12ab4d8e11ba873c2f11161202b945,[],
1716,122,a-mail-top-sale,a_mail_top_sale,"App\Models\AMailTopSale",price,number,Price,0,1,1,1,1,1,5,TextInput(numeric),TextColumn(numeric),,,,,,,,,,4f53cda18c2baa0c0354bb5f9a3ecbe5ed12ab4d8e11ba873c2f11161202b945,[],
1717,122,a-mail-top-sale,a_mail_top_sale,"App\Models\AMailTopSale",link,text,Link,1,1,1,1,1,1,6,TextInput,TextColumn,,,,,,,,,,4f53cda18c2baa0c0354bb5f9a3ecbe5ed12ab4d8e11ba873c2f11161202b945,[],required
1719,122,a-mail-top-sale,a_mail_top_sale,"App\Models\AMailTopSale",sortorder,text,Sortorder,1,0,0,0,0,0,7,TextInput,TextColumn,,,,,,,,,,4f53cda18c2baa0c0354bb5f9a3ecbe5ed12ab4d8e11ba873c2f11161202b945,[],"required; omit from UI unless server-side lifecycle requires it"
1720,122,a-mail-top-sale,a_mail_top_sale,"App\Models\AMailTopSale",created_at,text,"Created At",1,0,0,0,0,0,8,TextInput,TextColumn,,,,,,,,,,4f53cda18c2baa0c0354bb5f9a3ecbe5ed12ab4d8e11ba873c2f11161202b945,[],"required; omit from UI unless server-side lifecycle requires it"
1721,122,a-mail-top-sale,a_mail_top_sale,"App\Models\AMailTopSale",updated_at,text,"Updated At",1,0,0,0,0,0,9,TextInput,TextColumn,,,,,,,,,,4f53cda18c2baa0c0354bb5f9a3ecbe5ed12ab4d8e11ba873c2f11161202b945,[],"required; omit from UI unless server-side lifecycle requires it"
1722,123,a-collage-slider,a_collage_slider,"App\Models\ACollageSlider",id,text,Id,1,0,0,0,0,0,1,TextInput,TextColumn,,,,,,,,,,4f53cda18c2baa0c0354bb5f9a3ecbe5ed12ab4d8e11ba873c2f11161202b945,[],"required; omit from UI unless server-side lifecycle requires it"
1723,123,a-collage-slider,a_collage_slider,"App\Models\ACollageSlider",ru,image,Ru,0,1,1,1,1,1,2,"FileUpload(image) with legacy-path adapter",ImageColumn,,,,,,,,,,4f53cda18c2baa0c0354bb5f9a3ecbe5ed12ab4d8e11ba873c2f11161202b945,[],"preserve existing URLs and derivatives; validate real MIME/decode/size/path"
1724,123,a-collage-slider,a_collage_slider,"App\Models\ACollageSlider",ru_mob,image,"Ru Mob",0,1,1,1,1,1,3,"FileUpload(image) with legacy-path adapter",ImageColumn,,,,,,,,,,4f53cda18c2baa0c0354bb5f9a3ecbe5ed12ab4d8e11ba873c2f11161202b945,[],"preserve existing URLs and derivatives; validate real MIME/decode/size/path"
1725,123,a-collage-slider,a_collage_slider,"App\Models\ACollageSlider",lv,image,Lv,0,1,1,1,1,1,4,"FileUpload(image) with legacy-path adapter",ImageColumn,,,,,,,,,,4f53cda18c2baa0c0354bb5f9a3ecbe5ed12ab4d8e11ba873c2f11161202b945,[],"preserve existing URLs and derivatives; validate real MIME/decode/size/path"
1726,123,a-collage-slider,a_collage_slider,"App\Models\ACollageSlider",lv_mob,image,"Lv Mob",0,1,1,1,1,1,5,"FileUpload(image) with legacy-path adapter",ImageColumn,,,,,,,,,,4f53cda18c2baa0c0354bb5f9a3ecbe5ed12ab4d8e11ba873c2f11161202b945,[],"preserve existing URLs and derivatives; validate real MIME/decode/size/path"
1727,123,a-collage-slider,a_collage_slider,"App\Models\ACollageSlider",lt,image,Lt,0,1,1,1,1,1,6,"FileUpload(image) with legacy-path adapter",ImageColumn,,,,,,,,,,4f53cda18c2baa0c0354bb5f9a3ecbe5ed12ab4d8e11ba873c2f11161202b945,[],"preserve existing URLs and derivatives; validate real MIME/decode/size/path"
1728,123,a-collage-slider,a_collage_slider,"App\Models\ACollageSlider",lt_mob,image,"Lt Mob",0,1,1,1,1,1,7,"FileUpload(image) with legacy-path adapter",ImageColumn,,,,,,,,,,4f53cda18c2baa0c0354bb5f9a3ecbe5ed12ab4d8e11ba873c2f11161202b945,[],"preserve existing URLs and derivatives; validate real MIME/decode/size/path"
1729,123,a-collage-slider,a_collage_slider,"App\Models\ACollageSlider",pl,image,Pl,0,1,1,1,1,1,8,"FileUpload(image) with legacy-path adapter",ImageColumn,,,,,,,,,,4f53cda18c2baa0c0354bb5f9a3ecbe5ed12ab4d8e11ba873c2f11161202b945,[],"preserve existing URLs and derivatives; validate real MIME/decode/size/path"
1730,123,a-collage-slider,a_collage_slider,"App\Models\ACollageSlider",pl_mob,image,"Pl Mob",0,1,1,1,1,1,9,"FileUpload(image) with legacy-path adapter",ImageColumn,,,,,,,,,,4f53cda18c2baa0c0354bb5f9a3ecbe5ed12ab4d8e11ba873c2f11161202b945,[],"preserve existing URLs and derivatives; validate real MIME/decode/size/path"
1731,123,a-collage-slider,a_collage_slider,"App\Models\ACollageSlider",de,image,De,0,1,1,1,1,1,10,"FileUpload(image) with legacy-path adapter",ImageColumn,,,,,,,,,,4f53cda18c2baa0c0354bb5f9a3ecbe5ed12ab4d8e11ba873c2f11161202b945,[],"preserve existing URLs and derivatives; validate real MIME/decode/size/path"
1732,123,a-collage-slider,a_collage_slider,"App\Models\ACollageSlider",de_mob,image,"De Mob",0,1,1,1,1,1,11,"FileUpload(image) with legacy-path adapter",ImageColumn,,,,,,,,,,4f53cda18c2baa0c0354bb5f9a3ecbe5ed12ab4d8e11ba873c2f11161202b945,[],"preserve existing URLs and derivatives; validate real MIME/decode/size/path"
1733,123,a-collage-slider,a_collage_slider,"App\Models\ACollageSlider",en,image,En,0,1,1,1,1,1,12,"FileUpload(image) with legacy-path adapter",ImageColumn,,,,,,,,,,4f53cda18c2baa0c0354bb5f9a3ecbe5ed12ab4d8e11ba873c2f11161202b945,[],"preserve existing URLs and derivatives; validate real MIME/decode/size/path"
1734,123,a-collage-slider,a_collage_slider,"App\Models\ACollageSlider",en_mob,image,"En Mob",0,1,1,1,1,1,13,"FileUpload(image) with legacy-path adapter",ImageColumn,,,,,,,,,,4f53cda18c2baa0c0354bb5f9a3ecbe5ed12ab4d8e11ba873c2f11161202b945,[],"preserve existing URLs and derivatives; validate real MIME/decode/size/path"
1735,123,a-collage-slider,a_collage_slider,"App\Models\ACollageSlider",ee,image,Ee,0,1,1,1,1,1,14,"FileUpload(image) with legacy-path adapter",ImageColumn,,,,,,,,,,4f53cda18c2baa0c0354bb5f9a3ecbe5ed12ab4d8e11ba873c2f11161202b945,[],"preserve existing URLs and derivatives; validate real MIME/decode/size/path"
1736,123,a-collage-slider,a_collage_slider,"App\Models\ACollageSlider",ee_mob,image,"Ee Mob",0,1,1,1,1,1,15,"FileUpload(image) with legacy-path adapter",ImageColumn,,,,,,,,,,4f53cda18c2baa0c0354bb5f9a3ecbe5ed12ab4d8e11ba873c2f11161202b945,[],"preserve existing URLs and derivatives; validate real MIME/decode/size/path"
1737,123,a-collage-slider,a_collage_slider,"App\Models\ACollageSlider",created_at,timestamp,"Created At",0,0,0,0,0,0,16,"DateTimePicker or read-only Placeholder",TextColumn(dateTime),,,,,,,,,,4f53cda18c2baa0c0354bb5f9a3ecbe5ed12ab4d8e11ba873c2f11161202b945,[],"omit from UI unless server-side lifecycle requires it"
2174,123,a-collage-slider,a_collage_slider,"App\Models\ACollageSlider",size_img,image,"Size Img",0,1,1,1,1,1,17,"FileUpload(image) with legacy-path adapter",ImageColumn,,,,,,,,,,4f53cda18c2baa0c0354bb5f9a3ecbe5ed12ab4d8e11ba873c2f11161202b945,[],"preserve existing URLs and derivatives; validate real MIME/decode/size/path"
2175,123,a-collage-slider,a_collage_slider,"App\Models\ACollageSlider",size_title,text,"Size Title",0,1,1,1,1,1,18,TextInput,TextColumn,,,,,,,,,,4f53cda18c2baa0c0354bb5f9a3ecbe5ed12ab4d8e11ba873c2f11161202b945,[],
2173,123,a-collage-slider,a_collage_slider,"App\Models\ACollageSlider",size_text,rich_text_box,"Size Text",0,1,1,1,1,1,19,"RichEditor with explicit HTML allowlist","TextColumn(html disabled by default)",,,,,,,,,,4f53cda18c2baa0c0354bb5f9a3ecbe5ed12ab4d8e11ba873c2f11161202b945,[],"trusted-content allowlist and XSS/CSP review"
1738,123,a-collage-slider,a_collage_slider,"App\Models\ACollageSlider",updated_at,timestamp,"Updated At",0,0,0,0,0,0,20,"DateTimePicker or read-only Placeholder",TextColumn(dateTime),,,,,,,,,,4f53cda18c2baa0c0354bb5f9a3ecbe5ed12ab4d8e11ba873c2f11161202b945,[],"omit from UI unless server-side lifecycle requires it"
2200,123,a-collage-slider,a_collage_slider,"App\Models\ACollageSlider",is_white,text,"Is White",1,1,1,1,1,1,21,TextInput,TextColumn,,,,,,,,,,d7c12100abda1ec0859197afc64be266649ab0bf14a04fac5548e9dfd01a6370,"{""on"":""Включен"",""off"":""Выключен"",""checked"":true}",required
2201,123,a-collage-slider,a_collage_slider,"App\Models\ACollageSlider",is_show,text,"Is Show",1,1,1,1,1,1,22,TextInput,TextColumn,,,,,,,,,,d7c12100abda1ec0859197afc64be266649ab0bf14a04fac5548e9dfd01a6370,"{""on"":""Включен"",""off"":""Выключен"",""checked"":true}",required
2202,123,a-collage-slider,a_collage_slider,"App\Models\ACollageSlider",sort,number,Sort,1,1,1,1,1,1,23,TextInput(numeric),TextColumn(numeric),,,,,,,,,,4f53cda18c2baa0c0354bb5f9a3ecbe5ed12ab4d8e11ba873c2f11161202b945,[],required
1739,126,a-collage-advantage-screen,a_collage_advantage_screen,"App\Models\ACollageAdvantageScreen",id,text,Id,1,0,0,0,0,0,1,TextInput,TextColumn,,,,,,,,,,4f53cda18c2baa0c0354bb5f9a3ecbe5ed12ab4d8e11ba873c2f11161202b945,[],"required; omit from UI unless server-side lifecycle requires it"
1740,126,a-collage-advantage-screen,a_collage_advantage_screen,"App\Models\ACollageAdvantageScreen",title,text,Title,0,1,1,1,1,1,2,TextInput,TextColumn,,,,,,,,,,4f53cda18c2baa0c0354bb5f9a3ecbe5ed12ab4d8e11ba873c2f11161202b945,[],
1741,126,a-collage-advantage-screen,a_collage_advantage_screen,"App\Models\ACollageAdvantageScreen",text,rich_text_box,Text,0,1,1,1,1,1,3,"RichEditor with explicit HTML allowlist","TextColumn(html disabled by default)",,,,,,,,,,4f53cda18c2baa0c0354bb5f9a3ecbe5ed12ab4d8e11ba873c2f11161202b945,[],"trusted-content allowlist and XSS/CSP review"
1744,126,a-collage-advantage-screen,a_collage_advantage_screen,"App\Models\ACollageAdvantageScreen",image,text,"Path Image",0,1,1,1,1,1,4,TextInput,TextColumn,,,,,,,,,,4f53cda18c2baa0c0354bb5f9a3ecbe5ed12ab4d8e11ba873c2f11161202b945,[],
1745,126,a-collage-advantage-screen,a_collage_advantage_screen,"App\Models\ACollageAdvantageScreen",sort,number,Sort,0,1,1,1,1,1,5,TextInput(numeric),TextColumn(numeric),,,,,,,,,,4f53cda18c2baa0c0354bb5f9a3ecbe5ed12ab4d8e11ba873c2f11161202b945,[],
1742,126,a-collage-advantage-screen,a_collage_advantage_screen,"App\Models\ACollageAdvantageScreen",created_at,timestamp,"Created At",0,1,1,1,0,1,6,"DateTimePicker or read-only Placeholder",TextColumn(dateTime),,,,,,,,,,4f53cda18c2baa0c0354bb5f9a3ecbe5ed12ab4d8e11ba873c2f11161202b945,[],
1743,126,a-collage-advantage-screen,a_collage_advantage_screen,"App\Models\ACollageAdvantageScreen",updated_at,timestamp,"Updated At",0,0,0,0,0,0,7,"DateTimePicker or read-only Placeholder",TextColumn(dateTime),,,,,,,,,,4f53cda18c2baa0c0354bb5f9a3ecbe5ed12ab4d8e11ba873c2f11161202b945,[],"omit from UI unless server-side lifecycle requires it"
1746,127,a-collage-popular-screen,a_collage_popular_screen,"App\Models\ACollagePopularScreen",id,text,Id,1,0,0,0,0,0,1,TextInput,TextColumn,,,,,,,,,,4f53cda18c2baa0c0354bb5f9a3ecbe5ed12ab4d8e11ba873c2f11161202b945,[],"required; omit from UI unless server-side lifecycle requires it"
1747,127,a-collage-popular-screen,a_collage_popular_screen,"App\Models\ACollagePopularScreen",title,text,Title,0,1,1,1,1,1,2,TextInput,TextColumn,,,,,,,,,,4f53cda18c2baa0c0354bb5f9a3ecbe5ed12ab4d8e11ba873c2f11161202b945,[],
1748,127,a-collage-popular-screen,a_collage_popular_screen,"App\Models\ACollagePopularScreen",size,text,Size,0,1,1,1,1,1,3,TextInput,TextColumn,,,,,,,,,,4f53cda18c2baa0c0354bb5f9a3ecbe5ed12ab4d8e11ba873c2f11161202b945,[],
1749,127,a-collage-popular-screen,a_collage_popular_screen,"App\Models\ACollagePopularScreen",price,number,Price,0,1,1,1,1,1,4,TextInput(numeric),TextColumn(numeric),,,,,,,,,,4f53cda18c2baa0c0354bb5f9a3ecbe5ed12ab4d8e11ba873c2f11161202b945,[],
1802,127,a-collage-popular-screen,a_collage_popular_screen,"App\Models\ACollagePopularScreen",btn_text,text,"Btn Text",0,1,1,1,1,1,5,TextInput,TextColumn,,,,,,,,,,4f53cda18c2baa0c0354bb5f9a3ecbe5ed12ab4d8e11ba873c2f11161202b945,[],
1750,127,a-collage-popular-screen,a_collage_popular_screen,"App\Models\ACollagePopularScreen",image,image,Image,0,1,1,1,1,1,6,"FileUpload(image) with legacy-path adapter",ImageColumn,,,,,,,,,,4f53cda18c2baa0c0354bb5f9a3ecbe5ed12ab4d8e11ba873c2f11161202b945,[],"preserve existing URLs and derivatives; validate real MIME/decode/size/path"
1753,127,a-collage-popular-screen,a_collage_popular_screen,"App\Models\ACollagePopularScreen",sort,number,Sort,0,1,1,1,1,1,7,TextInput(numeric),TextColumn(numeric),,,,,,,,,,4f53cda18c2baa0c0354bb5f9a3ecbe5ed12ab4d8e11ba873c2f11161202b945,[],
1751,127,a-collage-popular-screen,a_collage_popular_screen,"App\Models\ACollagePopularScreen",created_at,timestamp,"Created At",0,0,0,0,0,0,8,"DateTimePicker or read-only Placeholder",TextColumn(dateTime),,,,,,,,,,4f53cda18c2baa0c0354bb5f9a3ecbe5ed12ab4d8e11ba873c2f11161202b945,[],"omit from UI unless server-side lifecycle requires it"
1752,127,a-collage-popular-screen,a_collage_popular_screen,"App\Models\ACollagePopularScreen",updated_at,timestamp,"Updated At",0,0,0,0,0,0,9,"DateTimePicker or read-only Placeholder",TextColumn(dateTime),,,,,,,,,,4f53cda18c2baa0c0354bb5f9a3ecbe5ed12ab4d8e11ba873c2f11161202b945,[],"omit from UI unless server-side lifecycle requires it"
1754,128,a-collage-order-screen,a_collage_order_screen,"App\Models\ACollageOrderScreen",id,text,Id,1,0,0,0,0,0,1,TextInput,TextColumn,,,,,,,,,,4f53cda18c2baa0c0354bb5f9a3ecbe5ed12ab4d8e11ba873c2f11161202b945,[],"required; omit from UI unless server-side lifecycle requires it"
1755,128,a-collage-order-screen,a_collage_order_screen,"App\Models\ACollageOrderScreen",image,image,Image,0,1,1,1,1,1,2,"FileUpload(image) with legacy-path adapter",ImageColumn,,,,,,,,,,4f53cda18c2baa0c0354bb5f9a3ecbe5ed12ab4d8e11ba873c2f11161202b945,[],"preserve existing URLs and derivatives; validate real MIME/decode/size/path"
1756,128,a-collage-order-screen,a_collage_order_screen,"App\Models\ACollageOrderScreen",created_at,timestamp,"Created At",0,0,0,0,0,0,3,"DateTimePicker or read-only Placeholder",TextColumn(dateTime),,,,,,,,,,4f53cda18c2baa0c0354bb5f9a3ecbe5ed12ab4d8e11ba873c2f11161202b945,[],"omit from UI unless server-side lifecycle requires it"
1757,128,a-collage-order-screen,a_collage_order_screen,"App\Models\ACollageOrderScreen",updated_at,timestamp,"Updated At",0,0,0,0,0,0,4,"DateTimePicker or read-only Placeholder",TextColumn(dateTime),,,,,,,,,,4f53cda18c2baa0c0354bb5f9a3ecbe5ed12ab4d8e11ba873c2f11161202b945,[],"omit from UI unless server-side lifecycle requires it"
1758,129,a-collag-faq,a_collag_faq,"App\Models\ACollagFaq",id,text,Id,1,0,0,0,0,0,1,TextInput,TextColumn,,,,,,,,,,4f53cda18c2baa0c0354bb5f9a3ecbe5ed12ab4d8e11ba873c2f11161202b945,[],"required; omit from UI unless server-side lifecycle requires it"
1759,129,a-collag-faq,a_collag_faq,"App\Models\ACollagFaq",question,text,Question,0,1,1,1,1,1,2,TextInput,TextColumn,,,,,,,,,,4f53cda18c2baa0c0354bb5f9a3ecbe5ed12ab4d8e11ba873c2f11161202b945,[],
1760,129,a-collag-faq,a_collag_faq,"App\Models\ACollagFaq",answer,text,Answer,0,1,1,1,1,1,3,TextInput,TextColumn,,,,,,,,,,4f53cda18c2baa0c0354bb5f9a3ecbe5ed12ab4d8e11ba873c2f11161202b945,[],
1763,129,a-collag-faq,a_collag_faq,"App\Models\ACollagFaq",sort,number,Sort,0,1,1,1,1,1,4,TextInput(numeric),TextColumn(numeric),,,,,,,,,,4f53cda18c2baa0c0354bb5f9a3ecbe5ed12ab4d8e11ba873c2f11161202b945,[],
1761,129,a-collag-faq,a_collag_faq,"App\Models\ACollagFaq",created_at,timestamp,"Created At",0,0,0,0,0,0,5,"DateTimePicker or read-only Placeholder",TextColumn(dateTime),,,,,,,,,,4f53cda18c2baa0c0354bb5f9a3ecbe5ed12ab4d8e11ba873c2f11161202b945,[],"omit from UI unless server-side lifecycle requires it"
1762,129,a-collag-faq,a_collag_faq,"App\Models\ACollagFaq",updated_at,timestamp,"Updated At",0,0,0,0,0,0,6,"DateTimePicker or read-only Placeholder",TextColumn(dateTime),,,,,,,,,,4f53cda18c2baa0c0354bb5f9a3ecbe5ed12ab4d8e11ba873c2f11161202b945,[],"omit from UI unless server-side lifecycle requires it"
1764,131,a-collage-faq,a_collage_faq,"App\Models\ACollageFaq",id,text,Id,1,0,0,0,0,0,1,TextInput,TextColumn,,,,,,,,,,4f53cda18c2baa0c0354bb5f9a3ecbe5ed12ab4d8e11ba873c2f11161202b945,[],"required; omit from UI unless server-side lifecycle requires it"
1765,131,a-collage-faq,a_collage_faq,"App\Models\ACollageFaq",question,text,Question,0,1,1,1,1,1,2,TextInput,TextColumn,,,,,,,,,,4f53cda18c2baa0c0354bb5f9a3ecbe5ed12ab4d8e11ba873c2f11161202b945,[],
1766,131,a-collage-faq,a_collage_faq,"App\Models\ACollageFaq",answer,text,Answer,0,1,1,1,1,1,3,TextInput,TextColumn,,,,,,,,,,4f53cda18c2baa0c0354bb5f9a3ecbe5ed12ab4d8e11ba873c2f11161202b945,[],
1769,131,a-collage-faq,a_collage_faq,"App\Models\ACollageFaq",sort,number,Sort,0,1,1,1,1,1,4,TextInput(numeric),TextColumn(numeric),,,,,,,,,,4f53cda18c2baa0c0354bb5f9a3ecbe5ed12ab4d8e11ba873c2f11161202b945,[],
1767,131,a-collage-faq,a_collage_faq,"App\Models\ACollageFaq",created_at,timestamp,"Created At",0,0,0,0,0,0,5,"DateTimePicker or read-only Placeholder",TextColumn(dateTime),,,,,,,,,,4f53cda18c2baa0c0354bb5f9a3ecbe5ed12ab4d8e11ba873c2f11161202b945,[],"omit from UI unless server-side lifecycle requires it"
1768,131,a-collage-faq,a_collage_faq,"App\Models\ACollageFaq",updated_at,timestamp,"Updated At",0,0,0,0,0,0,6,"DateTimePicker or read-only Placeholder",TextColumn(dateTime),,,,,,,,,,4f53cda18c2baa0c0354bb5f9a3ecbe5ed12ab4d8e11ba873c2f11161202b945,[],"omit from UI unless server-side lifecycle requires it"
1770,134,a-collage-why-screen,a_collage_why_screen,"App\Models\ACollageWhyScreen",id,text,Id,1,0,0,0,0,0,1,TextInput,TextColumn,,,,,,,,,,4f53cda18c2baa0c0354bb5f9a3ecbe5ed12ab4d8e11ba873c2f11161202b945,[],"required; omit from UI unless server-side lifecycle requires it"
1771,134,a-collage-why-screen,a_collage_why_screen,"App\Models\ACollageWhyScreen",title,text,Title,0,1,1,1,1,1,2,TextInput,TextColumn,,,,,,,,,,4f53cda18c2baa0c0354bb5f9a3ecbe5ed12ab4d8e11ba873c2f11161202b945,[],
1772,134,a-collage-why-screen,a_collage_why_screen,"App\Models\ACollageWhyScreen",text,text,Text,0,1,1,1,1,1,3,TextInput,TextColumn,,,,,,,,,,4f53cda18c2baa0c0354bb5f9a3ecbe5ed12ab4d8e11ba873c2f11161202b945,[],
1773,134,a-collage-why-screen,a_collage_why_screen,"App\Models\ACollageWhyScreen",image,image,Image,0,1,1,1,1,1,4,"FileUpload(image) with legacy-path adapter",ImageColumn,,,,,,,,,,4f53cda18c2baa0c0354bb5f9a3ecbe5ed12ab4d8e11ba873c2f11161202b945,[],"preserve existing URLs and derivatives; validate real MIME/decode/size/path"
1774,134,a-collage-why-screen,a_collage_why_screen,"App\Models\ACollageWhyScreen",type,select_dropdown,Type,0,1,1,1,1,1,5,"Select with explicit options",TextColumn/badge,,,,,,,,,"[""Вертикальный"",""Горизонтальный""]",5119aaed0f95e134422baa801ffe36e9024b1207f2371ebd83acf2e4653faca7,"{""default"":""0"",""options"":[""Вертикальный"",""Горизонтальный""]}",
1775,134,a-collage-why-screen,a_collage_why_screen,"App\Models\ACollageWhyScreen",sort,number,Sort,0,1,1,1,1,1,6,TextInput(numeric),TextColumn(numeric),,,,,,,,,,4f53cda18c2baa0c0354bb5f9a3ecbe5ed12ab4d8e11ba873c2f11161202b945,[],
1776,134,a-collage-why-screen,a_collage_why_screen,"App\Models\ACollageWhyScreen",created_at,timestamp,"Created At",0,0,0,0,0,0,7,"DateTimePicker or read-only Placeholder",TextColumn(dateTime),,,,,,,,,,4f53cda18c2baa0c0354bb5f9a3ecbe5ed12ab4d8e11ba873c2f11161202b945,[],"omit from UI unless server-side lifecycle requires it"
1777,134,a-collage-why-screen,a_collage_why_screen,"App\Models\ACollageWhyScreen",updated_at,timestamp,"Updated At",0,0,0,0,0,0,8,"DateTimePicker or read-only Placeholder",TextColumn(dateTime),,,,,,,,,,4f53cda18c2baa0c0354bb5f9a3ecbe5ed12ab4d8e11ba873c2f11161202b945,[],"omit from UI unless server-side lifecycle requires it"
1778,137,a-collage-generator-colors,a_collage_generator_colors,"App\Models\ACollageGeneratorColor",id,text,Id,1,0,0,0,0,0,1,TextInput,TextColumn,,,,,,,,,,4f53cda18c2baa0c0354bb5f9a3ecbe5ed12ab4d8e11ba873c2f11161202b945,[],"required; omit from UI unless server-side lifecycle requires it"
1779,137,a-collage-generator-colors,a_collage_generator_colors,"App\Models\ACollageGeneratorColor",color,color,Color,0,1,1,1,1,1,2,ColorPicker,ColorColumn/TextColumn,,,,,,,,,,4f53cda18c2baa0c0354bb5f9a3ecbe5ed12ab4d8e11ba873c2f11161202b945,[],
1780,137,a-collage-generator-colors,a_collage_generator_colors,"App\Models\ACollageGeneratorColor",created_at,timestamp,"Created At",0,0,0,0,0,0,3,"DateTimePicker or read-only Placeholder",TextColumn(dateTime),,,,,,,,,,4f53cda18c2baa0c0354bb5f9a3ecbe5ed12ab4d8e11ba873c2f11161202b945,[],"omit from UI unless server-side lifecycle requires it"
1781,137,a-collage-generator-colors,a_collage_generator_colors,"App\Models\ACollageGeneratorColor",updated_at,timestamp,"Updated At",0,0,0,0,0,0,4,"DateTimePicker or read-only Placeholder",TextColumn(dateTime),,,,,,,,,,4f53cda18c2baa0c0354bb5f9a3ecbe5ed12ab4d8e11ba873c2f11161202b945,[],"omit from UI unless server-side lifecycle requires it"
1782,137,a-collage-generator-colors,a_collage_generator_colors,"App\Models\ACollageGeneratorColor",sort,number,Sort,0,1,1,1,1,1,5,TextInput(numeric),TextColumn(numeric),,,,,,,,,,4f5bc031f049a9d4ced01ac3ffc621c6538f2ba867775a61ed021995d325fd18,"{""step"":1,""default"":0}",
1783,138,a-collage-fons,a_collage_fons,"App\Models\ACollageFon",id,text,Id,1,0,0,0,0,0,1,TextInput,TextColumn,,,,,,,,,,4f53cda18c2baa0c0354bb5f9a3ecbe5ed12ab4d8e11ba873c2f11161202b945,[],"required; omit from UI unless server-side lifecycle requires it"
1784,138,a-collage-fons,a_collage_fons,"App\Models\ACollageFon",image,image,Image,0,1,1,1,1,1,2,"FileUpload(image) with legacy-path adapter",ImageColumn,,,,,,,,,,4f53cda18c2baa0c0354bb5f9a3ecbe5ed12ab4d8e11ba873c2f11161202b945,[],"preserve existing URLs and derivatives; validate real MIME/decode/size/path"
1785,138,a-collage-fons,a_collage_fons,"App\Models\ACollageFon",sort,number,Sort,0,1,1,1,1,1,3,TextInput(numeric),TextColumn(numeric),,,,,,,,,,4f5bc031f049a9d4ced01ac3ffc621c6538f2ba867775a61ed021995d325fd18,"{""step"":1,""default"":0}",
1786,138,a-collage-fons,a_collage_fons,"App\Models\ACollageFon",created_at,timestamp,"Created At",0,0,0,0,0,0,4,"DateTimePicker or read-only Placeholder",TextColumn(dateTime),,,,,,,,,,4f53cda18c2baa0c0354bb5f9a3ecbe5ed12ab4d8e11ba873c2f11161202b945,[],"omit from UI unless server-side lifecycle requires it"
1787,138,a-collage-fons,a_collage_fons,"App\Models\ACollageFon",updated_at,timestamp,"Updated At",0,0,0,0,0,0,5,"DateTimePicker or read-only Placeholder",TextColumn(dateTime),,,,,,,,,,4f53cda18c2baa0c0354bb5f9a3ecbe5ed12ab4d8e11ba873c2f11161202b945,[],"omit from UI unless server-side lifecycle requires it"
1788,139,a-collage-sticker-group,a_collage_sticker_group,"App\Models\ACollageStickerGroup",id,text,Id,1,0,0,0,0,0,1,TextInput,TextColumn,,,,,,,,,,4f53cda18c2baa0c0354bb5f9a3ecbe5ed12ab4d8e11ba873c2f11161202b945,[],"required; omit from UI unless server-side lifecycle requires it"
1789,139,a-collage-sticker-group,a_collage_sticker_group,"App\Models\ACollageStickerGroup",title,text,Title,0,1,1,1,1,1,2,TextInput,TextColumn,,,,,,,,,,4f53cda18c2baa0c0354bb5f9a3ecbe5ed12ab4d8e11ba873c2f11161202b945,[],
1790,139,a-collage-sticker-group,a_collage_sticker_group,"App\Models\ACollageStickerGroup",sort,text,Sort,0,1,1,1,1,1,3,TextInput,TextColumn,,,,,,,,,,4f53cda18c2baa0c0354bb5f9a3ecbe5ed12ab4d8e11ba873c2f11161202b945,[],
1791,139,a-collage-sticker-group,a_collage_sticker_group,"App\Models\ACollageStickerGroup",created_at,timestamp,"Created At",0,0,0,0,0,0,4,"DateTimePicker or read-only Placeholder",TextColumn(dateTime),,,,,,,,,,4f53cda18c2baa0c0354bb5f9a3ecbe5ed12ab4d8e11ba873c2f11161202b945,[],"omit from UI unless server-side lifecycle requires it"
1792,139,a-collage-sticker-group,a_collage_sticker_group,"App\Models\ACollageStickerGroup",updated_at,timestamp,"Updated At",0,0,0,0,0,0,5,"DateTimePicker or read-only Placeholder",TextColumn(dateTime),,,,,,,,,,4f53cda18c2baa0c0354bb5f9a3ecbe5ed12ab4d8e11ba873c2f11161202b945,[],"omit from UI unless server-side lifecycle requires it"
1793,140,a-collage-stiker,a_collage_stiker,"App\Models\ACollageStiker",id,text,Id,1,0,0,0,0,0,1,TextInput,TextColumn,,,,,,,,,,4f53cda18c2baa0c0354bb5f9a3ecbe5ed12ab4d8e11ba873c2f11161202b945,[],"required; omit from UI unless server-side lifecycle requires it"
1794,140,a-collage-stiker,a_collage_stiker,"App\Models\ACollageStiker",image,image,Image,0,1,1,1,1,1,2,"FileUpload(image) with legacy-path adapter",ImageColumn,,,,,,,,,,4f53cda18c2baa0c0354bb5f9a3ecbe5ed12ab4d8e11ba873c2f11161202b945,[],"preserve existing URLs and derivatives; validate real MIME/decode/size/path"
1795,140,a-collage-stiker,a_collage_stiker,"App\Models\ACollageStiker",sort,number,Sort,0,1,1,1,1,1,3,TextInput(numeric),TextColumn(numeric),,,,,,,,,,4f53cda18c2baa0c0354bb5f9a3ecbe5ed12ab4d8e11ba873c2f11161202b945,[],
1796,140,a-collage-stiker,a_collage_stiker,"App\Models\ACollageStiker",created_at,timestamp,"Created At",0,0,0,0,0,0,4,"DateTimePicker or read-only Placeholder",TextColumn(dateTime),,,,,,,,,,91cb0fabbcc708d49fc6a717c6919a025dcd58321b1a36d0e3a416da36c23f9e,"{""step"":1,""default"":1}","omit from UI unless server-side lifecycle requires it"
1797,140,a-collage-stiker,a_collage_stiker,"App\Models\ACollageStiker",updated_at,timestamp,"Updated At",0,0,0,0,0,0,5,"DateTimePicker or read-only Placeholder",TextColumn(dateTime),,,,,,,,,,4f53cda18c2baa0c0354bb5f9a3ecbe5ed12ab4d8e11ba873c2f11161202b945,[],"omit from UI unless server-side lifecycle requires it"
1798,140,a-collage-stiker,a_collage_stiker,"App\Models\ACollageStiker",a_collage_stiker_hasone_a_collage_sticker_group_relationship,relationship,a_collage_sticker_group,0,1,1,1,1,1,6,"Select/CheckboxList or RelationManager from details","TextColumn via eager-loaded relation","App\Models\ACollageStickerGroup",a_collage_sticker_group,belongsTo,stiker_group_id,id,title,a_collage_advantage_screen,,,baaa2bbfcacddb939abaeb8a174131b7c32c4c81284569c2a3f521fbe52f96d3,"{""model"":""App\\Models\\ACollageStickerGroup"",""table"":""a_collage_sticker_group"",""type"":""belongsTo"",""column"":""stiker_group_id"",""key"":""id"",""label"":""title"",""pivot_table"":""a_collage_advantage_screen"",""pivot"":""0"",""taggable"":""0""}","eager-load and scope relation; preserve null/orphan/pivot behavior"
1799,140,a-collage-stiker,a_collage_stiker,"App\Models\ACollageStiker",stiker_group_id,select_dropdown,"Stiker Group Id",0,1,1,1,1,1,6,"Select with explicit options",TextColumn/badge,,,,,,,,,,4f53cda18c2baa0c0354bb5f9a3ecbe5ed12ab4d8e11ba873c2f11161202b945,[],
1803,143,a-collage-head,a_collage_head,"App\Models\ACollageHead",id,text,Id,1,0,0,0,0,0,1,TextInput,TextColumn,,,,,,,,,,4f53cda18c2baa0c0354bb5f9a3ecbe5ed12ab4d8e11ba873c2f11161202b945,[],"required; omit from UI unless server-side lifecycle requires it"
1824,143,a-collage-head,a_collage_head,"App\Models\ACollageHead",name,text,Name,0,1,1,1,1,1,2,TextInput,TextColumn,,,,,,,,,,4f53cda18c2baa0c0354bb5f9a3ecbe5ed12ab4d8e11ba873c2f11161202b945,[],
1924,143,a-collage-head,a_collage_head,"App\Models\ACollageHead",seo,rich_text_box,Seo,0,0,1,1,1,1,3,"RichEditor with explicit HTML allowlist","TextColumn(html disabled by default)",,,,,,,,,,4f53cda18c2baa0c0354bb5f9a3ecbe5ed12ab4d8e11ba873c2f11161202b945,[],"trusted-content allowlist and XSS/CSP review"
2262,143,a-collage-head,a_collage_head,"App\Models\ACollageHead",seo_city_title,text,"Seo Город Title",0,1,1,1,1,1,4,TextInput,TextColumn,,,,,,,,,,4f53cda18c2baa0c0354bb5f9a3ecbe5ed12ab4d8e11ba873c2f11161202b945,[],
2263,143,a-collage-head,a_collage_head,"App\Models\ACollageHead",seo_city_desc,text_area,"Seo Город Desc",0,1,1,1,1,1,5,Textarea,TextColumn(wrap),,,,,,,,,,4f53cda18c2baa0c0354bb5f9a3ecbe5ed12ab4d8e11ba873c2f11161202b945,[],
2264,143,a-collage-head,a_collage_head,"App\Models\ACollageHead",is_cities_on_page,checkbox,"Города на странице",0,1,1,1,1,1,6,"Toggle or Checkbox",IconColumn(boolean),,,,,,,,,,4f53cda18c2baa0c0354bb5f9a3ecbe5ed12ab4d8e11ba873c2f11161202b945,[],
1804,143,a-collage-head,a_collage_head,"App\Models\ACollageHead",sizes_30x40,text,"Sizes 30x40",0,1,1,1,1,1,7,TextInput,TextColumn,,,,,,,,,,4f53cda18c2baa0c0354bb5f9a3ecbe5ed12ab4d8e11ba873c2f11161202b945,[],
1805,143,a-collage-head,a_collage_head,"App\Models\ACollageHead",sizes_38x38,text,"Sizes 38x38",0,1,1,1,1,1,8,TextInput,TextColumn,,,,,,,,,,4f53cda18c2baa0c0354bb5f9a3ecbe5ed12ab4d8e11ba873c2f11161202b945,[],
1806,143,a-collage-head,a_collage_head,"App\Models\ACollageHead",sizes_40x30,text,"Sizes 40x30",0,1,1,1,1,1,9,TextInput,TextColumn,,,,,,,,,,4f53cda18c2baa0c0354bb5f9a3ecbe5ed12ab4d8e11ba873c2f11161202b945,[],
1809,143,a-collage-head,a_collage_head,"App\Models\ACollageHead",quiz_sizes_prices,text,"Quiz Sizes Prices",0,1,1,1,1,1,10,TextInput,TextColumn,,,,,,,,,,4f53cda18c2baa0c0354bb5f9a3ecbe5ed12ab4d8e11ba873c2f11161202b945,[],
1807,143,a-collage-head,a_collage_head,"App\Models\ACollageHead",created_at,timestamp,"Created At",0,1,1,1,0,1,11,"DateTimePicker or read-only Placeholder",TextColumn(dateTime),,,,,,,,,,4f53cda18c2baa0c0354bb5f9a3ecbe5ed12ab4d8e11ba873c2f11161202b945,[],
1808,143,a-collage-head,a_collage_head,"App\Models\ACollageHead",updated_at,timestamp,"Updated At",0,0,0,0,0,0,12,"DateTimePicker or read-only Placeholder",TextColumn(dateTime),,,,,,,,,,4f53cda18c2baa0c0354bb5f9a3ecbe5ed12ab4d8e11ba873c2f11161202b945,[],"omit from UI unless server-side lifecycle requires it"
1873,149,canvas-slider,canvas_slider,"App\Models\CanvasSlider",id,text,Id,1,0,0,0,0,0,1,TextInput,TextColumn,,,,,,,,,,4f53cda18c2baa0c0354bb5f9a3ecbe5ed12ab4d8e11ba873c2f11161202b945,[],"required; omit from UI unless server-side lifecycle requires it"
2213,149,canvas-slider,canvas_slider,"App\Models\CanvasSlider",sub_canvas,checkbox,"Sub Canvas",0,1,1,1,1,1,2,"Toggle or Checkbox",IconColumn(boolean),,,,,,,,,,3734422865bcd4d52244355a24ba13addab761d2ff7295b881445a766cb4aeff,"{""on"":""Копия канвас"",""off"":""Канвас"",""checked"":true}",
1874,149,canvas-slider,canvas_slider,"App\Models\CanvasSlider",png,image,Png,0,1,1,1,1,1,3,"FileUpload(image) with legacy-path adapter",ImageColumn,,,,,,,,,,4f53cda18c2baa0c0354bb5f9a3ecbe5ed12ab4d8e11ba873c2f11161202b945,[],"preserve existing URLs and derivatives; validate real MIME/decode/size/path"
2033,149,canvas-slider,canvas_slider,"App\Models\CanvasSlider",webp,image,Webp,0,0,1,1,1,1,4,"FileUpload(image) with legacy-path adapter",ImageColumn,,,,,,,,,,4f53cda18c2baa0c0354bb5f9a3ecbe5ed12ab4d8e11ba873c2f11161202b945,[],"preserve existing URLs and derivatives; validate real MIME/decode/size/path"
2035,149,canvas-slider,canvas_slider,"App\Models\CanvasSlider",avif,file,Avif,0,1,1,1,1,1,5,"FileUpload with MIME/size/path allowlist","File link Action with policy",,,,,,,,,,4f53cda18c2baa0c0354bb5f9a3ecbe5ed12ab4d8e11ba873c2f11161202b945,[],"preserve existing URLs and derivatives; validate real MIME/decode/size/path"
1875,149,canvas-slider,canvas_slider,"App\Models\CanvasSlider",image,image,Image,0,1,1,1,1,1,6,"FileUpload(image) with legacy-path adapter",ImageColumn,,,,,,,,,,4f53cda18c2baa0c0354bb5f9a3ecbe5ed12ab4d8e11ba873c2f11161202b945,[],"preserve existing URLs and derivatives; validate real MIME/decode/size/path"
1876,149,canvas-slider,canvas_slider,"App\Models\CanvasSlider",image_mob,image,"Image Mob",0,1,1,1,1,1,7,"FileUpload(image) with legacy-path adapter",ImageColumn,,,,,,,,,,4f53cda18c2baa0c0354bb5f9a3ecbe5ed12ab4d8e11ba873c2f11161202b945,[],"preserve existing URLs and derivatives; validate real MIME/decode/size/path"
2034,149,canvas-slider,canvas_slider,"App\Models\CanvasSlider",webp_mob,image,"Webp Mob",0,1,1,1,1,1,8,"FileUpload(image) with legacy-path adapter",ImageColumn,,,,,,,,,,4f53cda18c2baa0c0354bb5f9a3ecbe5ed12ab4d8e11ba873c2f11161202b945,[],"preserve existing URLs and derivatives; validate real MIME/decode/size/path"
2036,149,canvas-slider,canvas_slider,"App\Models\CanvasSlider",avif_mob,file,"Avif Mob",0,1,1,1,1,1,9,"FileUpload with MIME/size/path allowlist","File link Action with policy",,,,,,,,,,4f53cda18c2baa0c0354bb5f9a3ecbe5ed12ab4d8e11ba873c2f11161202b945,[],"preserve existing URLs and derivatives; validate real MIME/decode/size/path"
1877,149,canvas-slider,canvas_slider,"App\Models\CanvasSlider",title,text,Title,0,1,1,1,1,1,10,TextInput,TextColumn,,,,,,,,,,4f53cda18c2baa0c0354bb5f9a3ecbe5ed12ab4d8e11ba873c2f11161202b945,[],
1878,149,canvas-slider,canvas_slider,"App\Models\CanvasSlider",sub_title,text,"Sub Title",0,1,1,1,1,1,11,TextInput,TextColumn,,,,,,,,,,4f53cda18c2baa0c0354bb5f9a3ecbe5ed12ab4d8e11ba873c2f11161202b945,[],
1879,149,canvas-slider,canvas_slider,"App\Models\CanvasSlider",text_gift,text,"Text Gift",0,1,1,1,1,1,12,TextInput,TextColumn,,,,,,,,,,4f53cda18c2baa0c0354bb5f9a3ecbe5ed12ab4d8e11ba873c2f11161202b945,[],
1880,149,canvas-slider,canvas_slider,"App\Models\CanvasSlider",text1,text,Text1,0,1,1,1,1,1,13,TextInput,TextColumn,,,,,,,,,,4f53cda18c2baa0c0354bb5f9a3ecbe5ed12ab4d8e11ba873c2f11161202b945,[],
1881,149,canvas-slider,canvas_slider,"App\Models\CanvasSlider",text2,text,Text2,0,1,1,1,1,1,14,TextInput,TextColumn,,,,,,,,,,4f53cda18c2baa0c0354bb5f9a3ecbe5ed12ab4d8e11ba873c2f11161202b945,[],
1882,149,canvas-slider,canvas_slider,"App\Models\CanvasSlider",text3,text,Text3,0,1,1,1,1,1,15,TextInput,TextColumn,,,,,,,,,,4f53cda18c2baa0c0354bb5f9a3ecbe5ed12ab4d8e11ba873c2f11161202b945,[],
1883,149,canvas-slider,canvas_slider,"App\Models\CanvasSlider",text4,text,Text4,0,1,1,1,1,1,16,TextInput,TextColumn,,,,,,,,,,4f53cda18c2baa0c0354bb5f9a3ecbe5ed12ab4d8e11ba873c2f11161202b945,[],
1884,149,canvas-slider,canvas_slider,"App\Models\CanvasSlider",btn,text,Btn,0,1,1,1,1,1,17,TextInput,TextColumn,,,,,,,,,,4f53cda18c2baa0c0354bb5f9a3ecbe5ed12ab4d8e11ba873c2f11161202b945,[],
1911,149,canvas-slider,canvas_slider,"App\Models\CanvasSlider",is_show,checkbox,"Is Show",0,1,1,1,1,1,18,"Toggle or Checkbox",IconColumn(boolean),,,,,,,,,,d7c12100abda1ec0859197afc64be266649ab0bf14a04fac5548e9dfd01a6370,"{""on"":""Включен"",""off"":""Выключен"",""checked"":true}",
2198,149,canvas-slider,canvas_slider,"App\Models\CanvasSlider",is_white,checkbox,"Is White",1,1,1,1,1,1,19,"Toggle or Checkbox",IconColumn(boolean),,,,,,,,,,d7c12100abda1ec0859197afc64be266649ab0bf14a04fac5548e9dfd01a6370,"{""on"":""Включен"",""off"":""Выключен"",""checked"":true}",required
2177,149,canvas-slider,canvas_slider,"App\Models\CanvasSlider",size_img,image,"Size Img",0,1,1,1,0,1,20,"FileUpload(image) with legacy-path adapter",ImageColumn,,,,,,,,,,4f53cda18c2baa0c0354bb5f9a3ecbe5ed12ab4d8e11ba873c2f11161202b945,[],"preserve existing URLs and derivatives; validate real MIME/decode/size/path"
2178,149,canvas-slider,canvas_slider,"App\Models\CanvasSlider",size_title,text,"Size Title",0,1,1,1,1,1,21,TextInput,TextColumn,,,,,,,,,,4f53cda18c2baa0c0354bb5f9a3ecbe5ed12ab4d8e11ba873c2f11161202b945,[],
2176,149,canvas-slider,canvas_slider,"App\Models\CanvasSlider",size_text,rich_text_box,"Size Text",0,1,1,1,1,1,22,"RichEditor with explicit HTML allowlist","TextColumn(html disabled by default)",,,,,,,,,,4f53cda18c2baa0c0354bb5f9a3ecbe5ed12ab4d8e11ba873c2f11161202b945,[],"trusted-content allowlist and XSS/CSP review"
1885,149,canvas-slider,canvas_slider,"App\Models\CanvasSlider",created_at,timestamp,"Created At",0,0,1,1,0,1,23,"DateTimePicker or read-only Placeholder",TextColumn(dateTime),,,,,,,,,,4f53cda18c2baa0c0354bb5f9a3ecbe5ed12ab4d8e11ba873c2f11161202b945,[],
1886,149,canvas-slider,canvas_slider,"App\Models\CanvasSlider",updated_at,timestamp,"Updated At",0,0,0,0,0,0,24,"DateTimePicker or read-only Placeholder",TextColumn(dateTime),,,,,,,,,,4f53cda18c2baa0c0354bb5f9a3ecbe5ed12ab4d8e11ba873c2f11161202b945,[],"omit from UI unless server-side lifecycle requires it"
2212,149,canvas-slider,canvas_slider,"App\Models\CanvasSlider",sort,text,Sort,1,0,1,1,1,1,25,TextInput,TextColumn,,,,,,,,,,4f53cda18c2baa0c0354bb5f9a3ecbe5ed12ab4d8e11ba873c2f11161202b945,[],required
1887,150,why-are-you-leaving-questions,why_are_you_leaving_questions,"App\Models\WhyAreYouLeavingQuestion",id,text,Id,1,0,0,0,0,0,1,TextInput,TextColumn,,,,,,,,,,4f53cda18c2baa0c0354bb5f9a3ecbe5ed12ab4d8e11ba873c2f11161202b945,[],"required; omit from UI unless server-side lifecycle requires it"
1888,150,why-are-you-leaving-questions,why_are_you_leaving_questions,"App\Models\WhyAreYouLeavingQuestion",title,text,Title,0,1,1,1,1,1,2,TextInput,TextColumn,,,,,,,,,,4f53cda18c2baa0c0354bb5f9a3ecbe5ed12ab4d8e11ba873c2f11161202b945,[],
1889,150,why-are-you-leaving-questions,why_are_you_leaving_questions,"App\Models\WhyAreYouLeavingQuestion",sort,number,Sort,0,1,1,1,1,1,3,TextInput(numeric),TextColumn(numeric),,,,,,,,,,4f5bc031f049a9d4ced01ac3ffc621c6538f2ba867775a61ed021995d325fd18,"{""step"":1,""default"":0}",
1892,150,why-are-you-leaving-questions,why_are_you_leaving_questions,"App\Models\WhyAreYouLeavingQuestion",is_show,checkbox,"Is Show",0,1,1,1,1,1,4,"Toggle or Checkbox",IconColumn(boolean),,,,,,,,,,d7c12100abda1ec0859197afc64be266649ab0bf14a04fac5548e9dfd01a6370,"{""on"":""Включен"",""off"":""Выключен"",""checked"":true}",
1890,150,why-are-you-leaving-questions,why_are_you_leaving_questions,"App\Models\WhyAreYouLeavingQuestion",created_at,timestamp,"Created At",0,0,0,0,0,0,5,"DateTimePicker or read-only Placeholder",TextColumn(dateTime),,,,,,,,,,4f53cda18c2baa0c0354bb5f9a3ecbe5ed12ab4d8e11ba873c2f11161202b945,[],"omit from UI unless server-side lifecycle requires it"
1891,150,why-are-you-leaving-questions,why_are_you_leaving_questions,"App\Models\WhyAreYouLeavingQuestion",updated_at,timestamp,"Updated At",0,0,0,0,0,0,6,"DateTimePicker or read-only Placeholder",TextColumn(dateTime),,,,,,,,,,4f53cda18c2baa0c0354bb5f9a3ecbe5ed12ab4d8e11ba873c2f11161202b945,[],"omit from UI unless server-side lifecycle requires it"
1893,151,portrait-slider,portrait_slider,"App\Models\PortraitSlider",id,text,Id,1,0,0,0,0,0,1,TextInput,TextColumn,,,,,,,,,,4f53cda18c2baa0c0354bb5f9a3ecbe5ed12ab4d8e11ba873c2f11161202b945,[],"required; omit from UI unless server-side lifecycle requires it"
1910,151,portrait-slider,portrait_slider,"App\Models\PortraitSlider",portrait_slider_belongsto_gallery_item_relationship,relationship,gallery_items,0,1,1,1,1,1,2,"Select/CheckboxList or RelationManager from details","TextColumn via eager-loaded relation","App\Models\GalleryItem",gallery_items,belongsTo,cat_id,id,name,a_collage_advantage_screen,,,e7f44685a9b76d5ea0265a94c9b2bb1139cb9b053e340b3754103a131c615d81,"{""model"":""App\\Models\\GalleryItem"",""table"":""gallery_items"",""type"":""belongsTo"",""column"":""cat_id"",""key"":""id"",""label"":""name"",""pivot_table"":""a_collage_advantage_screen"",""pivot"":""0"",""taggable"":""0""}","eager-load and scope relation; preserve null/orphan/pivot behavior"
1906,151,portrait-slider,portrait_slider,"App\Models\PortraitSlider",cat_id,text,"Cat Id",0,1,1,1,1,1,3,TextInput,TextColumn,,,,,,,,,,4f53cda18c2baa0c0354bb5f9a3ecbe5ed12ab4d8e11ba873c2f11161202b945,[],
1894,151,portrait-slider,portrait_slider,"App\Models\PortraitSlider",fotopng,image,Fotopng,0,0,1,1,1,1,4,"FileUpload(image) with legacy-path adapter",ImageColumn,,,,,,,,,,4f53cda18c2baa0c0354bb5f9a3ecbe5ed12ab4d8e11ba873c2f11161202b945,[],"preserve existing URLs and derivatives; validate real MIME/decode/size/path"
1895,151,portrait-slider,portrait_slider,"App\Models\PortraitSlider",png,image,Png,0,1,1,1,1,1,5,"FileUpload(image) with legacy-path adapter",ImageColumn,,,,,,,,,,4f53cda18c2baa0c0354bb5f9a3ecbe5ed12ab4d8e11ba873c2f11161202b945,[],"preserve existing URLs and derivatives; validate real MIME/decode/size/path"
1896,151,portrait-slider,portrait_slider,"App\Models\PortraitSlider",image,image,Image,0,1,1,1,1,1,6,"FileUpload(image) with legacy-path adapter",ImageColumn,,,,,,,,,,4f53cda18c2baa0c0354bb5f9a3ecbe5ed12ab4d8e11ba873c2f11161202b945,[],"preserve existing URLs and derivatives; validate real MIME/decode/size/path"
1897,151,portrait-slider,portrait_slider,"App\Models\PortraitSlider",image_mob,image,"Image Mob",0,1,1,1,1,1,7,"FileUpload(image) with legacy-path adapter",ImageColumn,,,,,,,,,,4f53cda18c2baa0c0354bb5f9a3ecbe5ed12ab4d8e11ba873c2f11161202b945,[],"preserve existing URLs and derivatives; validate real MIME/decode/size/path"
1898,151,portrait-slider,portrait_slider,"App\Models\PortraitSlider",title,text,Title,0,1,1,1,1,1,8,TextInput,TextColumn,,,,,,,,,,4f53cda18c2baa0c0354bb5f9a3ecbe5ed12ab4d8e11ba873c2f11161202b945,[],
1899,151,portrait-slider,portrait_slider,"App\Models\PortraitSlider",sub_title,text,"Sub Title",0,0,1,1,1,1,9,TextInput,TextColumn,,,,,,,,,,4f53cda18c2baa0c0354bb5f9a3ecbe5ed12ab4d8e11ba873c2f11161202b945,[],
1900,151,portrait-slider,portrait_slider,"App\Models\PortraitSlider",text_gift,text,"Text Gift",0,0,1,1,1,1,10,TextInput,TextColumn,,,,,,,,,,4f53cda18c2baa0c0354bb5f9a3ecbe5ed12ab4d8e11ba873c2f11161202b945,[],
1901,151,portrait-slider,portrait_slider,"App\Models\PortraitSlider",text1,text,Text1,0,0,1,1,1,1,11,TextInput,TextColumn,,,,,,,,,,4f53cda18c2baa0c0354bb5f9a3ecbe5ed12ab4d8e11ba873c2f11161202b945,[],
1902,151,portrait-slider,portrait_slider,"App\Models\PortraitSlider",text2,text,Text2,0,0,1,1,1,1,12,TextInput,TextColumn,,,,,,,,,,4f53cda18c2baa0c0354bb5f9a3ecbe5ed12ab4d8e11ba873c2f11161202b945,[],
1903,151,portrait-slider,portrait_slider,"App\Models\PortraitSlider",text3,text,Text3,0,0,1,1,1,1,13,TextInput,TextColumn,,,,,,,,,,4f53cda18c2baa0c0354bb5f9a3ecbe5ed12ab4d8e11ba873c2f11161202b945,[],
1904,151,portrait-slider,portrait_slider,"App\Models\PortraitSlider",text4,text,Text4,0,0,1,1,1,1,14,TextInput,TextColumn,,,,,,,,,,4f53cda18c2baa0c0354bb5f9a3ecbe5ed12ab4d8e11ba873c2f11161202b945,[],
1905,151,portrait-slider,portrait_slider,"App\Models\PortraitSlider",btn,text,Btn,0,0,1,1,1,1,15,TextInput,TextColumn,,,,,,,,,,4f53cda18c2baa0c0354bb5f9a3ecbe5ed12ab4d8e11ba873c2f11161202b945,[],
2180,151,portrait-slider,portrait_slider,"App\Models\PortraitSlider",size_img,image,"Size Img",0,0,1,1,1,1,16,"FileUpload(image) with legacy-path adapter",ImageColumn,,,,,,,,,,4f53cda18c2baa0c0354bb5f9a3ecbe5ed12ab4d8e11ba873c2f11161202b945,[],"preserve existing URLs and derivatives; validate real MIME/decode/size/path"
2181,151,portrait-slider,portrait_slider,"App\Models\PortraitSlider",size_title,text,"Size Title",0,0,1,1,1,1,17,TextInput,TextColumn,,,,,,,,,,4f53cda18c2baa0c0354bb5f9a3ecbe5ed12ab4d8e11ba873c2f11161202b945,[],
2179,151,portrait-slider,portrait_slider,"App\Models\PortraitSlider",size_text,rich_text_box,"Size Text",0,0,1,1,1,1,18,"RichEditor with explicit HTML allowlist","TextColumn(html disabled by default)",,,,,,,,,,4f53cda18c2baa0c0354bb5f9a3ecbe5ed12ab4d8e11ba873c2f11161202b945,[],"trusted-content allowlist and XSS/CSP review"
1909,151,portrait-slider,portrait_slider,"App\Models\PortraitSlider",is_show,checkbox,"Is Show",0,1,1,1,1,1,19,"Toggle or Checkbox",IconColumn(boolean),,,,,,,,,,d7c12100abda1ec0859197afc64be266649ab0bf14a04fac5548e9dfd01a6370,"{""on"":""Включен"",""off"":""Выключен"",""checked"":true}",
2199,151,portrait-slider,portrait_slider,"App\Models\PortraitSlider",is_white,checkbox,"Is White",1,1,1,1,1,1,20,"Toggle or Checkbox",IconColumn(boolean),,,,,,,,,,d7c12100abda1ec0859197afc64be266649ab0bf14a04fac5548e9dfd01a6370,"{""on"":""Включен"",""off"":""Выключен"",""checked"":true}",required
1907,151,portrait-slider,portrait_slider,"App\Models\PortraitSlider",created_at,timestamp,"Created At",0,0,0,0,0,0,21,"DateTimePicker or read-only Placeholder",TextColumn(dateTime),,,,,,,,,,4f53cda18c2baa0c0354bb5f9a3ecbe5ed12ab4d8e11ba873c2f11161202b945,[],"omit from UI unless server-side lifecycle requires it"
1908,151,portrait-slider,portrait_slider,"App\Models\PortraitSlider",updated_at,timestamp,"Updated At",0,0,0,0,0,0,22,"DateTimePicker or read-only Placeholder",TextColumn(dateTime),,,,,,,,,,4f53cda18c2baa0c0354bb5f9a3ecbe5ed12ab4d8e11ba873c2f11161202b945,[],"omit from UI unless server-side lifecycle requires it"
2247,151,portrait-slider,portrait_slider,"App\Models\PortraitSlider",sort,number,Sort,1,1,1,1,1,1,22,TextInput(numeric),TextColumn(numeric),,,,,,,,,,4f53cda18c2baa0c0354bb5f9a3ecbe5ed12ab4d8e11ba873c2f11161202b945,[],required
1916,153,delivery-pickup-at-viar-workshop,delivery_pickup_at_viar_workshop,"App\Models\DeliveryPickupAtViarWorkshop",id,text,Id,1,1,0,0,0,0,1,TextInput,TextColumn,,,,,,,,,,4f53cda18c2baa0c0354bb5f9a3ecbe5ed12ab4d8e11ba873c2f11161202b945,[],required
1917,153,delivery-pickup-at-viar-workshop,delivery_pickup_at_viar_workshop,"App\Models\DeliveryPickupAtViarWorkshop",title,text,Title,0,1,1,1,1,1,2,TextInput,TextColumn,,,,,,,,,,4f53cda18c2baa0c0354bb5f9a3ecbe5ed12ab4d8e11ba873c2f11161202b945,[],
1918,153,delivery-pickup-at-viar-workshop,delivery_pickup_at_viar_workshop,"App\Models\DeliveryPickupAtViarWorkshop",sort,number,Sort,0,1,1,1,1,1,3,TextInput(numeric),TextColumn(numeric),,,,,,,,,,4f53cda18c2baa0c0354bb5f9a3ecbe5ed12ab4d8e11ba873c2f11161202b945,[],
2331,153,delivery-pickup-at-viar-workshop,delivery_pickup_at_viar_workshop,"App\Models\DeliveryPickupAtViarWorkshop",country_code,text,"Country Code",1,1,1,1,1,1,4,TextInput,TextColumn,,,,,,,,,,4f53cda18c2baa0c0354bb5f9a3ecbe5ed12ab4d8e11ba873c2f11161202b945,[],required
2345,153,delivery-pickup-at-viar-workshop,delivery_pickup_at_viar_workshop,"App\Models\DeliveryPickupAtViarWorkshop",photo_short_code,text,"Photo Short Code",0,1,1,1,1,1,5,TextInput,TextColumn,,,,,,,,,,4f53cda18c2baa0c0354bb5f9a3ecbe5ed12ab4d8e11ba873c2f11161202b945,[],
2032,153,delivery-pickup-at-viar-workshop,delivery_pickup_at_viar_workshop,"App\Models\DeliveryPickupAtViarWorkshop",is_show,checkbox,Отображать,0,1,1,1,1,1,6,"Toggle or Checkbox",IconColumn(boolean),,,,,,,,,,d7c12100abda1ec0859197afc64be266649ab0bf14a04fac5548e9dfd01a6370,"{""on"":""Включен"",""off"":""Выключен"",""checked"":true}",
1919,153,delivery-pickup-at-viar-workshop,delivery_pickup_at_viar_workshop,"App\Models\DeliveryPickupAtViarWorkshop",created_at,timestamp,"Created At",0,0,0,0,0,0,7,"DateTimePicker or read-only Placeholder",TextColumn(dateTime),,,,,,,,,,4f53cda18c2baa0c0354bb5f9a3ecbe5ed12ab4d8e11ba873c2f11161202b945,[],"omit from UI unless server-side lifecycle requires it"
1920,153,delivery-pickup-at-viar-workshop,delivery_pickup_at_viar_workshop,"App\Models\DeliveryPickupAtViarWorkshop",updated_at,timestamp,"Updated At",0,0,0,0,0,0,8,"DateTimePicker or read-only Placeholder",TextColumn(dateTime),,,,,,,,,,4f53cda18c2baa0c0354bb5f9a3ecbe5ed12ab4d8e11ba873c2f11161202b945,[],"omit from UI unless server-side lifecycle requires it"
1928,163,blog-categories,blog_categories,"App\Models\BlogCategory",id,text,Id,1,0,0,0,0,0,1,TextInput,TextColumn,,,,,,,,,,4f53cda18c2baa0c0354bb5f9a3ecbe5ed12ab4d8e11ba873c2f11161202b945,[],"required; omit from UI unless server-side lifecycle requires it"
1929,163,blog-categories,blog_categories,"App\Models\BlogCategory",meta_title,text,"Meta Title",0,1,1,1,1,1,2,TextInput,TextColumn,,,,,,,,,,4f53cda18c2baa0c0354bb5f9a3ecbe5ed12ab4d8e11ba873c2f11161202b945,[],
1930,163,blog-categories,blog_categories,"App\Models\BlogCategory",meta_desc,text,"Meta Desc",0,1,1,1,1,1,3,TextInput,TextColumn,,,,,,,,,,4f53cda18c2baa0c0354bb5f9a3ecbe5ed12ab4d8e11ba873c2f11161202b945,[],
1931,163,blog-categories,blog_categories,"App\Models\BlogCategory",title,text,Title,0,1,1,1,1,1,4,TextInput,TextColumn,,,,,,,,,,4f53cda18c2baa0c0354bb5f9a3ecbe5ed12ab4d8e11ba873c2f11161202b945,[],
1935,163,blog-categories,blog_categories,"App\Models\BlogCategory",slug,text,Slug,0,1,1,1,1,1,5,TextInput,TextColumn,,,,,,,,,,4f53cda18c2baa0c0354bb5f9a3ecbe5ed12ab4d8e11ba873c2f11161202b945,[],
1942,163,blog-categories,blog_categories,"App\Models\BlogCategory",seo,rich_text_box,Seo,0,1,1,1,1,1,6,"RichEditor with explicit HTML allowlist","TextColumn(html disabled by default)",,,,,,,,,,4f53cda18c2baa0c0354bb5f9a3ecbe5ed12ab4d8e11ba873c2f11161202b945,[],"trusted-content allowlist and XSS/CSP review"
1932,163,blog-categories,blog_categories,"App\Models\BlogCategory",sort,number,Sort,0,1,1,1,1,1,7,TextInput(numeric),TextColumn(numeric),,,,,,,,,,4f53cda18c2baa0c0354bb5f9a3ecbe5ed12ab4d8e11ba873c2f11161202b945,[],
1933,163,blog-categories,blog_categories,"App\Models\BlogCategory",created_at,timestamp,"Created At",0,0,1,1,0,1,8,"DateTimePicker or read-only Placeholder",TextColumn(dateTime),,,,,,,,,,4f53cda18c2baa0c0354bb5f9a3ecbe5ed12ab4d8e11ba873c2f11161202b945,[],
1934,163,blog-categories,blog_categories,"App\Models\BlogCategory",updated_at,timestamp,"Updated At",0,0,0,0,0,0,9,"DateTimePicker or read-only Placeholder",TextColumn(dateTime),,,,,,,,,,4f53cda18c2baa0c0354bb5f9a3ecbe5ed12ab4d8e11ba873c2f11161202b945,[],"omit from UI unless server-side lifecycle requires it"
1947,164,blog-categories-short-blocks,blog_categories_short_blocks,"App\Models\BlogCategoriesShortBlock",id,text,Id,1,0,0,0,0,0,1,TextInput,TextColumn,,,,,,,,,,4f53cda18c2baa0c0354bb5f9a3ecbe5ed12ab4d8e11ba873c2f11161202b945,[],"required; omit from UI unless server-side lifecycle requires it"
1952,164,blog-categories-short-blocks,blog_categories_short_blocks,"App\Models\BlogCategoriesShortBlock",image,image,Image,0,1,1,1,1,1,2,"FileUpload(image) with legacy-path adapter",ImageColumn,,,,,,,,,,4f53cda18c2baa0c0354bb5f9a3ecbe5ed12ab4d8e11ba873c2f11161202b945,[],"preserve existing URLs and derivatives; validate real MIME/decode/size/path"
1957,164,blog-categories-short-blocks,blog_categories_short_blocks,"App\Models\BlogCategoriesShortBlock",blog_categories_short_block_hasmany_blog_category_relationship,relationship,blog_categories,0,1,1,1,1,1,3,"Select/CheckboxList or RelationManager from details","TextColumn via eager-loaded relation","App\Models\BlogCategory",blog_categories,belongsTo,id_category,id,title,a_collage_advantage_screen,,,64c82e625e494cb2f4acbfa733b0bed7e8fa4b1938806b4784536f4a3dde2304,"{""model"":""App\\Models\\BlogCategory"",""table"":""blog_categories"",""type"":""belongsTo"",""column"":""id_category"",""key"":""id"",""label"":""title"",""pivot_table"":""a_collage_advantage_screen"",""pivot"":""0"",""taggable"":""0""}","eager-load and scope relation; preserve null/orphan/pivot behavior"
1948,164,blog-categories-short-blocks,blog_categories_short_blocks,"App\Models\BlogCategoriesShortBlock",title,text,Title,0,1,1,1,1,1,4,TextInput,TextColumn,,,,,,,,,,4f53cda18c2baa0c0354bb5f9a3ecbe5ed12ab4d8e11ba873c2f11161202b945,[],
1949,164,blog-categories-short-blocks,blog_categories_short_blocks,"App\Models\BlogCategoriesShortBlock",text_top,rich_text_box,"Text Top",0,0,1,1,1,1,5,"RichEditor with explicit HTML allowlist","TextColumn(html disabled by default)",,,,,,,,,,4f53cda18c2baa0c0354bb5f9a3ecbe5ed12ab4d8e11ba873c2f11161202b945,[],"trusted-content allowlist and XSS/CSP review"
1950,164,blog-categories-short-blocks,blog_categories_short_blocks,"App\Models\BlogCategoriesShortBlock",text_right,rich_text_box,"Text Right",0,0,1,1,1,1,6,"RichEditor with explicit HTML allowlist","TextColumn(html disabled by default)",,,,,,,,,,4f53cda18c2baa0c0354bb5f9a3ecbe5ed12ab4d8e11ba873c2f11161202b945,[],"trusted-content allowlist and XSS/CSP review"
1951,164,blog-categories-short-blocks,blog_categories_short_blocks,"App\Models\BlogCategoriesShortBlock",text_bottom,rich_text_box,"Text Bottom",0,0,1,1,1,1,7,"RichEditor with explicit HTML allowlist","TextColumn(html disabled by default)",,,,,,,,,,4f53cda18c2baa0c0354bb5f9a3ecbe5ed12ab4d8e11ba873c2f11161202b945,[],"trusted-content allowlist and XSS/CSP review"
1953,164,blog-categories-short-blocks,blog_categories_short_blocks,"App\Models\BlogCategoriesShortBlock",sort,number,Sort,0,1,1,1,1,1,8,TextInput(numeric),TextColumn(numeric),,,,,,,,,,4f53cda18c2baa0c0354bb5f9a3ecbe5ed12ab4d8e11ba873c2f11161202b945,[],
1954,164,blog-categories-short-blocks,blog_categories_short_blocks,"App\Models\BlogCategoriesShortBlock",id_category,text,"Id Category",0,1,1,1,1,1,9,TextInput,TextColumn,,,,,,,,,,4f53cda18c2baa0c0354bb5f9a3ecbe5ed12ab4d8e11ba873c2f11161202b945,[],
1955,164,blog-categories-short-blocks,blog_categories_short_blocks,"App\Models\BlogCategoriesShortBlock",created_at,timestamp,"Created At",0,0,0,0,0,0,10,"DateTimePicker or read-only Placeholder",TextColumn(dateTime),,,,,,,,,,4f53cda18c2baa0c0354bb5f9a3ecbe5ed12ab4d8e11ba873c2f11161202b945,[],"omit from UI unless server-side lifecycle requires it"
1956,164,blog-categories-short-blocks,blog_categories_short_blocks,"App\Models\BlogCategoriesShortBlock",updated_at,timestamp,"Updated At",0,0,0,0,0,0,11,"DateTimePicker or read-only Placeholder",TextColumn(dateTime),,,,,,,,,,4f53cda18c2baa0c0354bb5f9a3ecbe5ed12ab4d8e11ba873c2f11161202b945,[],"omit from UI unless server-side lifecycle requires it"
1977,170,blog-reklama-type,blog_reklama_type,"App\Models\BlogReklamaType",id,text,Id,1,0,0,0,0,0,1,TextInput,TextColumn,,,,,,,,,,4f53cda18c2baa0c0354bb5f9a3ecbe5ed12ab4d8e11ba873c2f11161202b945,[],"required; omit from UI unless server-side lifecycle requires it"
1978,170,blog-reklama-type,blog_reklama_type,"App\Models\BlogReklamaType",title,text,Title,0,1,1,1,1,1,2,TextInput,TextColumn,,,,,,,,,,4f53cda18c2baa0c0354bb5f9a3ecbe5ed12ab4d8e11ba873c2f11161202b945,[],
1979,170,blog-reklama-type,blog_reklama_type,"App\Models\BlogReklamaType",desc,text,Desc,0,1,1,1,1,1,3,TextInput,TextColumn,,,,,,,,,,4f53cda18c2baa0c0354bb5f9a3ecbe5ed12ab4d8e11ba873c2f11161202b945,[],
1983,170,blog-reklama-type,blog_reklama_type,"App\Models\BlogReklamaType",source,code_editor,Source,0,1,1,1,1,1,4,"CodeEditor/Textarea restricted to trusted roles",TextColumn(limit),,,,,,,,,,4f53cda18c2baa0c0354bb5f9a3ecbe5ed12ab4d8e11ba873c2f11161202b945,[],"trusted-content allowlist and XSS/CSP review"
1980,170,blog-reklama-type,blog_reklama_type,"App\Models\BlogReklamaType",sort,number,Sort,0,1,1,1,1,1,5,TextInput(numeric),TextColumn(numeric),,,,,,,,,,4f53cda18c2baa0c0354bb5f9a3ecbe5ed12ab4d8e11ba873c2f11161202b945,[],
1981,170,blog-reklama-type,blog_reklama_type,"App\Models\BlogReklamaType",created_at,timestamp,"Created At",0,1,1,1,0,1,6,"DateTimePicker or read-only Placeholder",TextColumn(dateTime),,,,,,,,,,4f53cda18c2baa0c0354bb5f9a3ecbe5ed12ab4d8e11ba873c2f11161202b945,[],
1982,170,blog-reklama-type,blog_reklama_type,"App\Models\BlogReklamaType",updated_at,timestamp,"Updated At",0,0,0,0,0,0,7,"DateTimePicker or read-only Placeholder",TextColumn(dateTime),,,,,,,,,,4f53cda18c2baa0c0354bb5f9a3ecbe5ed12ab4d8e11ba873c2f11161202b945,[],"omit from UI unless server-side lifecycle requires it"
1996,172,blog-reklama,blog_reklama,"App\Models\BlogReklama",id,text,Id,1,1,0,0,0,0,1,TextInput,TextColumn,,,,,,,,,,4f53cda18c2baa0c0354bb5f9a3ecbe5ed12ab4d8e11ba873c2f11161202b945,[],required
1997,172,blog-reklama,blog_reklama,"App\Models\BlogReklama",title,text,Title,0,1,1,1,1,1,2,TextInput,TextColumn,,,,,,,,,,4f53cda18c2baa0c0354bb5f9a3ecbe5ed12ab4d8e11ba873c2f11161202b945,[],
1998,172,blog-reklama,blog_reklama,"App\Models\BlogReklama",promo_text,text,"Promo Text",0,1,1,1,1,1,3,TextInput,TextColumn,,,,,,,,,,4f53cda18c2baa0c0354bb5f9a3ecbe5ed12ab4d8e11ba873c2f11161202b945,[],
1999,172,blog-reklama,blog_reklama,"App\Models\BlogReklama",size,text,Size,0,1,1,1,1,1,4,TextInput,TextColumn,,,,,,,,,,4f53cda18c2baa0c0354bb5f9a3ecbe5ed12ab4d8e11ba873c2f11161202b945,[],
2000,172,blog-reklama,blog_reklama,"App\Models\BlogReklama",btn_text,text,"Btn Text",0,1,1,1,1,1,5,TextInput,TextColumn,,,,,,,,,,4f53cda18c2baa0c0354bb5f9a3ecbe5ed12ab4d8e11ba873c2f11161202b945,[],
2001,172,blog-reklama,blog_reklama,"App\Models\BlogReklama",btn_href,text,"Btn Href",0,1,1,1,1,1,6,TextInput,TextColumn,,,,,,,,,,4f53cda18c2baa0c0354bb5f9a3ecbe5ed12ab4d8e11ba873c2f11161202b945,[],
2002,172,blog-reklama,blog_reklama,"App\Models\BlogReklama",background,color,Background,0,0,0,0,0,0,7,ColorPicker,ColorColumn/TextColumn,,,,,,,,,,4f53cda18c2baa0c0354bb5f9a3ecbe5ed12ab4d8e11ba873c2f11161202b945,[],"omit from UI unless server-side lifecycle requires it"
2003,172,blog-reklama,blog_reklama,"App\Models\BlogReklama",image,image,Image,0,1,1,1,1,1,8,"FileUpload(image) with legacy-path adapter",ImageColumn,,,,,,,,,,4f53cda18c2baa0c0354bb5f9a3ecbe5ed12ab4d8e11ba873c2f11161202b945,[],"preserve existing URLs and derivatives; validate real MIME/decode/size/path"
2004,172,blog-reklama,blog_reklama,"App\Models\BlogReklama",type_id,number,"Type Id",0,1,1,1,1,1,9,TextInput(numeric),TextColumn(numeric),,,,,,,,,,4f53cda18c2baa0c0354bb5f9a3ecbe5ed12ab4d8e11ba873c2f11161202b945,[],
2007,172,blog-reklama,blog_reklama,"App\Models\BlogReklama",blog_reklama_belongsto_blog_reklama_type_relationship,relationship,blog_reklama_type,0,1,1,1,1,1,10,"Select/CheckboxList or RelationManager from details","TextColumn via eager-loaded relation","App\Models\BlogReklamaType",blog_reklama_type,belongsTo,type_id,id,title,a_collage_advantage_screen,,,c52e216653926a461e8839bfd05d056b5f12d5a5bee2a8e671ea0905a9f1c6bd,"{""model"":""App\\Models\\BlogReklamaType"",""table"":""blog_reklama_type"",""type"":""belongsTo"",""column"":""type_id"",""key"":""id"",""label"":""title"",""pivot_table"":""a_collage_advantage_screen"",""pivot"":""0"",""taggable"":""0""}","eager-load and scope relation; preserve null/orphan/pivot behavior"
2005,172,blog-reklama,blog_reklama,"App\Models\BlogReklama",created_at,timestamp,"Created At",0,0,0,0,0,0,11,"DateTimePicker or read-only Placeholder",TextColumn(dateTime),,,,,,,,,,4f53cda18c2baa0c0354bb5f9a3ecbe5ed12ab4d8e11ba873c2f11161202b945,[],"omit from UI unless server-side lifecycle requires it"
2006,172,blog-reklama,blog_reklama,"App\Models\BlogReklama",updated_at,timestamp,"Updated At",0,0,0,0,0,0,12,"DateTimePicker or read-only Placeholder",TextColumn(dateTime),,,,,,,,,,4f53cda18c2baa0c0354bb5f9a3ecbe5ed12ab4d8e11ba873c2f11161202b945,[],"omit from UI unless server-side lifecycle requires it"
2010,173,blog-authors,blog_authors,"App\Models\BlogAuthor",id,text,Id,1,0,0,0,0,0,1,TextInput,TextColumn,,,,,,,,,,4f53cda18c2baa0c0354bb5f9a3ecbe5ed12ab4d8e11ba873c2f11161202b945,[],"required; omit from UI unless server-side lifecycle requires it"
2011,173,blog-authors,blog_authors,"App\Models\BlogAuthor",name,text,Имя,0,1,1,1,1,1,2,TextInput,TextColumn,,,,,,,,,,4f53cda18c2baa0c0354bb5f9a3ecbe5ed12ab4d8e11ba873c2f11161202b945,[],
2012,173,blog-authors,blog_authors,"App\Models\BlogAuthor",image,image,Фото,0,1,1,1,1,1,3,"FileUpload(image) with legacy-path adapter",ImageColumn,,,,,,,,,,4f53cda18c2baa0c0354bb5f9a3ecbe5ed12ab4d8e11ba873c2f11161202b945,[],"preserve existing URLs and derivatives; validate real MIME/decode/size/path"
2013,173,blog-authors,blog_authors,"App\Models\BlogAuthor",sort,number,Сортировка,0,1,1,1,1,1,4,TextInput(numeric),TextColumn(numeric),,,,,,,,,,4f53cda18c2baa0c0354bb5f9a3ecbe5ed12ab4d8e11ba873c2f11161202b945,[],
2014,173,blog-authors,blog_authors,"App\Models\BlogAuthor",created_at,timestamp,"Created At",0,0,0,0,0,0,5,"DateTimePicker or read-only Placeholder",TextColumn(dateTime),,,,,,,,,,4f53cda18c2baa0c0354bb5f9a3ecbe5ed12ab4d8e11ba873c2f11161202b945,[],"omit from UI unless server-side lifecycle requires it"
2015,173,blog-authors,blog_authors,"App\Models\BlogAuthor",updated_at,timestamp,"Updated At",0,0,0,0,0,0,6,"DateTimePicker or read-only Placeholder",TextColumn(dateTime),,,,,,,,,,4f53cda18c2baa0c0354bb5f9a3ecbe5ed12ab4d8e11ba873c2f11161202b945,[],"omit from UI unless server-side lifecycle requires it"
2021,174,a-production-time,a_production_time,"App\Models\AProductionTime",id,text,Id,1,0,0,0,0,0,1,TextInput,TextColumn,,,,,,,,,,4f53cda18c2baa0c0354bb5f9a3ecbe5ed12ab4d8e11ba873c2f11161202b945,[],"required; omit from UI unless server-side lifecycle requires it"
2022,174,a-production-time,a_production_time,"App\Models\AProductionTime",standart_text,text,"Стандарт Текст",0,1,1,1,1,1,2,TextInput,TextColumn,,,,,,,,,,4f53cda18c2baa0c0354bb5f9a3ecbe5ed12ab4d8e11ba873c2f11161202b945,[],
2023,174,a-production-time,a_production_time,"App\Models\AProductionTime",standart_days,number,"Стандарт Дней",0,1,1,1,1,1,3,TextInput(numeric),TextColumn(numeric),,,,,,,,,,4f53cda18c2baa0c0354bb5f9a3ecbe5ed12ab4d8e11ba873c2f11161202b945,[],
2024,174,a-production-time,a_production_time,"App\Models\AProductionTime",standart_price,number,"Стандарт Цена",0,1,1,1,1,1,4,TextInput(numeric),TextColumn(numeric),,,,,,,,,,4f53cda18c2baa0c0354bb5f9a3ecbe5ed12ab4d8e11ba873c2f11161202b945,[],
2025,174,a-production-time,a_production_time,"App\Models\AProductionTime",express_text,text,"Экспресс Текст",0,1,1,1,1,1,5,TextInput,TextColumn,,,,,,,,,,4f53cda18c2baa0c0354bb5f9a3ecbe5ed12ab4d8e11ba873c2f11161202b945,[],
2026,174,a-production-time,a_production_time,"App\Models\AProductionTime",express_days,number,"Экспресс Дней",0,1,1,1,1,1,6,TextInput(numeric),TextColumn(numeric),,,,,,,,,,4f53cda18c2baa0c0354bb5f9a3ecbe5ed12ab4d8e11ba873c2f11161202b945,[],
2027,174,a-production-time,a_production_time,"App\Models\AProductionTime",express_price,number,"Экспресс Цена",0,1,1,1,1,1,7,TextInput(numeric),TextColumn(numeric),,,,,,,,,,4f53cda18c2baa0c0354bb5f9a3ecbe5ed12ab4d8e11ba873c2f11161202b945,[],
2028,174,a-production-time,a_production_time,"App\Models\AProductionTime",category,select_dropdown,Категория,0,1,1,1,1,1,8,"Select with explicit options",TextColumn/badge,,,,,,,,,"{""portrait"":""Портрет"",""canvas"":""Канвас"",""collage"":""Коллаж""}",13d980903100e52615815cb75177e8b1b90038a03500a0fa36500224ff6f2ada,"{""default"":""portrait"",""options"":{""portrait"":""Портрет"",""canvas"":""Канвас"",""collage"":""Коллаж""}}",
2029,174,a-production-time,a_production_time,"App\Models\AProductionTime",sort,number,Сортировка,0,1,1,1,1,1,9,TextInput(numeric),TextColumn(numeric),,,,,,,,,,4f53cda18c2baa0c0354bb5f9a3ecbe5ed12ab4d8e11ba873c2f11161202b945,[],
2030,174,a-production-time,a_production_time,"App\Models\AProductionTime",created_at,timestamp,"Created At",0,0,0,0,0,0,10,"DateTimePicker or read-only Placeholder",TextColumn(dateTime),,,,,,,,,,4f53cda18c2baa0c0354bb5f9a3ecbe5ed12ab4d8e11ba873c2f11161202b945,[],"omit from UI unless server-side lifecycle requires it"
2031,174,a-production-time,a_production_time,"App\Models\AProductionTime",updated_at,timestamp,"Updated At",0,0,0,0,0,0,11,"DateTimePicker or read-only Placeholder",TextColumn(dateTime),,,,,,,,,,4f53cda18c2baa0c0354bb5f9a3ecbe5ed12ab4d8e11ba873c2f11161202b945,[],"omit from UI unless server-side lifecycle requires it"
2044,176,our-working-process,our_working_process,"App\Models\OurWorkingProcess",id,text,Id,1,0,0,0,0,0,1,TextInput,TextColumn,,,,,,,,,,4f53cda18c2baa0c0354bb5f9a3ecbe5ed12ab4d8e11ba873c2f11161202b945,[],"required; omit from UI unless server-side lifecycle requires it"
2045,176,our-working-process,our_working_process,"App\Models\OurWorkingProcess",title,text,Title,1,1,1,1,1,1,2,TextInput,TextColumn,,,,,,,,,,4f53cda18c2baa0c0354bb5f9a3ecbe5ed12ab4d8e11ba873c2f11161202b945,[],required
2046,176,our-working-process,our_working_process,"App\Models\OurWorkingProcess",photo,multiple_images,Photo,0,1,1,1,1,1,3,"FileUpload(multiple) with legacy-path adapter","Image/File count column",,,,,,,,,,4f53cda18c2baa0c0354bb5f9a3ecbe5ed12ab4d8e11ba873c2f11161202b945,[],"preserve existing URLs and derivatives; validate real MIME/decode/size/path"
2047,176,our-working-process,our_working_process,"App\Models\OurWorkingProcess",text,rich_text_box,Text,0,1,1,1,1,1,4,"RichEditor with explicit HTML allowlist","TextColumn(html disabled by default)",,,,,,,,,,4f53cda18c2baa0c0354bb5f9a3ecbe5ed12ab4d8e11ba873c2f11161202b945,[],"trusted-content allowlist and XSS/CSP review"
2048,176,our-working-process,our_working_process,"App\Models\OurWorkingProcess",sort,number,Sort,0,1,1,1,1,1,5,TextInput(numeric),TextColumn(numeric),,,,,,,,,,4f53cda18c2baa0c0354bb5f9a3ecbe5ed12ab4d8e11ba873c2f11161202b945,[],
2049,176,our-working-process,our_working_process,"App\Models\OurWorkingProcess",created_at,timestamp,"Created At",0,0,0,0,0,0,6,"DateTimePicker or read-only Placeholder",TextColumn(dateTime),,,,,,,,,,4f53cda18c2baa0c0354bb5f9a3ecbe5ed12ab4d8e11ba873c2f11161202b945,[],"omit from UI unless server-side lifecycle requires it"
2050,176,our-working-process,our_working_process,"App\Models\OurWorkingProcess",updated_at,timestamp,"Updated At",0,0,0,0,0,0,7,"DateTimePicker or read-only Placeholder",TextColumn(dateTime),,,,,,,,,,4f53cda18c2baa0c0354bb5f9a3ecbe5ed12ab4d8e11ba873c2f11161202b945,[],"omit from UI unless server-side lifecycle requires it"
2051,176,our-working-process,our_working_process,"App\Models\OurWorkingProcess",is_show,checkbox,"Is Show",0,1,1,1,1,1,8,"Toggle or Checkbox",IconColumn(boolean),,,,,,,,,,d7c12100abda1ec0859197afc64be266649ab0bf14a04fac5548e9dfd01a6370,"{""on"":""Включен"",""off"":""Выключен"",""checked"":true}",
2052,181,our-team,our_team,"App\Models\OurTeam",id,text,Id,1,0,0,0,0,0,1,TextInput,TextColumn,,,,,,,,,,4f53cda18c2baa0c0354bb5f9a3ecbe5ed12ab4d8e11ba873c2f11161202b945,[],"required; omit from UI unless server-side lifecycle requires it"
2053,181,our-team,our_team,"App\Models\OurTeam",title,text,Title,1,1,1,1,1,1,2,TextInput,TextColumn,,,,,,,,,,4f53cda18c2baa0c0354bb5f9a3ecbe5ed12ab4d8e11ba873c2f11161202b945,[],required
2054,181,our-team,our_team,"App\Models\OurTeam",job_title,text,"Job Title",0,1,1,1,1,1,3,TextInput,TextColumn,,,,,,,,,,4f53cda18c2baa0c0354bb5f9a3ecbe5ed12ab4d8e11ba873c2f11161202b945,[],
2055,181,our-team,our_team,"App\Models\OurTeam",text,text_area,Text,0,1,1,1,1,1,4,Textarea,TextColumn(wrap),,,,,,,,,,4f53cda18c2baa0c0354bb5f9a3ecbe5ed12ab4d8e11ba873c2f11161202b945,[],
2056,181,our-team,our_team,"App\Models\OurTeam",short_text,text_area,"Short Text",0,1,1,1,1,1,5,Textarea,TextColumn(wrap),,,,,,,,,,4f53cda18c2baa0c0354bb5f9a3ecbe5ed12ab4d8e11ba873c2f11161202b945,[],
2057,181,our-team,our_team,"App\Models\OurTeam",link_facebook,text,"Link Facebook",0,1,1,1,1,1,6,TextInput,TextColumn,,,,,,,,,,4f53cda18c2baa0c0354bb5f9a3ecbe5ed12ab4d8e11ba873c2f11161202b945,[],
2058,181,our-team,our_team,"App\Models\OurTeam",link_instagram,text,"Link Instagram",0,1,1,1,1,1,7,TextInput,TextColumn,,,,,,,,,,4f53cda18c2baa0c0354bb5f9a3ecbe5ed12ab4d8e11ba873c2f11161202b945,[],
2059,181,our-team,our_team,"App\Models\OurTeam",color,color,Color,0,0,0,0,0,0,8,ColorPicker,ColorColumn/TextColumn,,,,,,,,,,4f53cda18c2baa0c0354bb5f9a3ecbe5ed12ab4d8e11ba873c2f11161202b945,[],"omit from UI unless server-side lifecycle requires it"
2060,181,our-team,our_team,"App\Models\OurTeam",image,image,Image,0,1,1,1,1,1,9,"FileUpload(image) with legacy-path adapter",ImageColumn,,,,,,,,,,4f53cda18c2baa0c0354bb5f9a3ecbe5ed12ab4d8e11ba873c2f11161202b945,[],"preserve existing URLs and derivatives; validate real MIME/decode/size/path"
2061,181,our-team,our_team,"App\Models\OurTeam",is_show,checkbox,"Is Show",0,1,1,1,1,1,10,"Toggle or Checkbox",IconColumn(boolean),,,,,,,,,,d7c12100abda1ec0859197afc64be266649ab0bf14a04fac5548e9dfd01a6370,"{""on"":""Включен"",""off"":""Выключен"",""checked"":true}",
2062,181,our-team,our_team,"App\Models\OurTeam",sort,number,Sort,0,1,1,1,1,1,11,TextInput(numeric),TextColumn(numeric),,,,,,,,,,4f53cda18c2baa0c0354bb5f9a3ecbe5ed12ab4d8e11ba873c2f11161202b945,[],
2063,181,our-team,our_team,"App\Models\OurTeam",created_at,timestamp,"Created At",0,0,0,0,0,0,12,"DateTimePicker or read-only Placeholder",TextColumn(dateTime),,,,,,,,,,4f53cda18c2baa0c0354bb5f9a3ecbe5ed12ab4d8e11ba873c2f11161202b945,[],"omit from UI unless server-side lifecycle requires it"
2064,181,our-team,our_team,"App\Models\OurTeam",updated_at,timestamp,"Updated At",0,0,0,0,0,0,13,"DateTimePicker or read-only Placeholder",TextColumn(dateTime),,,,,,,,,,4f53cda18c2baa0c0354bb5f9a3ecbe5ed12ab4d8e11ba873c2f11161202b945,[],"omit from UI unless server-side lifecycle requires it"
2067,184,address,address,"App\Models\Address",id,text,Id,1,0,0,0,0,0,1,TextInput,TextColumn,,,,,,,,,,4f53cda18c2baa0c0354bb5f9a3ecbe5ed12ab4d8e11ba873c2f11161202b945,[],"required; omit from UI unless server-side lifecycle requires it"
2077,184,address,address,"App\Models\Address",city,text,Город,0,1,1,1,1,1,2,TextInput,TextColumn,,,,,,,,,,4f53cda18c2baa0c0354bb5f9a3ecbe5ed12ab4d8e11ba873c2f11161202b945,[],
2068,184,address,address,"App\Models\Address",title,text,Адрес,1,1,1,1,1,1,3,TextInput,TextColumn,,,,,,,,,,4f53cda18c2baa0c0354bb5f9a3ecbe5ed12ab4d8e11ba873c2f11161202b945,[],required
2069,184,address,address,"App\Models\Address",type,text,Тип,0,1,1,1,1,1,4,TextInput,TextColumn,,,,,,,,,,4f53cda18c2baa0c0354bb5f9a3ecbe5ed12ab4d8e11ba873c2f11161202b945,[],
2072,184,address,address,"App\Models\Address",created_at,timestamp,"Created At",0,0,0,0,0,0,5,"DateTimePicker or read-only Placeholder",TextColumn(dateTime),,,,,,,,,,4f53cda18c2baa0c0354bb5f9a3ecbe5ed12ab4d8e11ba873c2f11161202b945,[],"omit from UI unless server-side lifecycle requires it"
2073,184,address,address,"App\Models\Address",updated_at,timestamp,"Updated At",0,0,0,0,0,0,6,"DateTimePicker or read-only Placeholder",TextColumn(dateTime),,,,,,,,,,4f53cda18c2baa0c0354bb5f9a3ecbe5ed12ab4d8e11ba873c2f11161202b945,[],"omit from UI unless server-side lifecycle requires it"
2076,184,address,address,"App\Models\Address",images,multiple_images,Фотографии,0,1,1,1,1,1,7,"FileUpload(multiple) with legacy-path adapter","Image/File count column",,,,,,,,,,4f53cda18c2baa0c0354bb5f9a3ecbe5ed12ab4d8e11ba873c2f11161202b945,[],"preserve existing URLs and derivatives; validate real MIME/decode/size/path"
2075,184,address,address,"App\Models\Address",working_hours,text_area,"Время работі",0,1,1,1,1,1,8,Textarea,TextColumn(wrap),,,,,,,,,,4f53cda18c2baa0c0354bb5f9a3ecbe5ed12ab4d8e11ba873c2f11161202b945,[],
2074,184,address,address,"App\Models\Address",gmail_url_embed,text_area,"Gmail ссылка на карту",0,0,1,1,1,1,9,Textarea,TextColumn(wrap),,,,,,,,,,4f53cda18c2baa0c0354bb5f9a3ecbe5ed12ab4d8e11ba873c2f11161202b945,[],
2070,184,address,address,"App\Models\Address",is_show,checkbox,Отображать,0,1,1,1,1,1,10,"Toggle or Checkbox",IconColumn(boolean),,,,,,,,,,d7c12100abda1ec0859197afc64be266649ab0bf14a04fac5548e9dfd01a6370,"{""on"":""Включен"",""off"":""Выключен"",""checked"":true}",
2071,184,address,address,"App\Models\Address",sort,number,Сортировка,0,1,1,1,1,1,11,TextInput(numeric),TextColumn(numeric),,,,,,,,,,4f53cda18c2baa0c0354bb5f9a3ecbe5ed12ab4d8e11ba873c2f11161202b945,[],
2346,184,address,address,"App\Models\Address",subtitle,rich_text_box,Подтекст,0,0,1,1,1,1,12,"RichEditor with explicit HTML allowlist","TextColumn(html disabled by default)",,,,,,,,,,8a1f1dab3c3af2c34e26a729aa162171c2e45ac7b706e5f6b7dd29bb4fda97a2,"{""display"":{""width"":""12""}}","trusted-content allowlist and XSS/CSP review"
2086,185,canvas-rams-colors,canvas_rams_colors,"App\Models\CanvasRamsColor",id,text,Id,1,0,0,0,0,0,1,TextInput,TextColumn,,,,,,,,,,4f53cda18c2baa0c0354bb5f9a3ecbe5ed12ab4d8e11ba873c2f11161202b945,[],"required; omit from UI unless server-side lifecycle requires it"
2087,185,canvas-rams-colors,canvas_rams_colors,"App\Models\CanvasRamsColor",name,text,Name,1,1,1,1,1,1,2,TextInput,TextColumn,,,,,,,,,,4f53cda18c2baa0c0354bb5f9a3ecbe5ed12ab4d8e11ba873c2f11161202b945,[],required
2088,185,canvas-rams-colors,canvas_rams_colors,"App\Models\CanvasRamsColor",color,color,Color,0,1,1,1,1,1,3,ColorPicker,ColorColumn/TextColumn,,,,,,,,,,4f53cda18c2baa0c0354bb5f9a3ecbe5ed12ab4d8e11ba873c2f11161202b945,[],
2089,185,canvas-rams-colors,canvas_rams_colors,"App\Models\CanvasRamsColor",sort,number,Sort,0,1,1,1,1,1,4,TextInput(numeric),TextColumn(numeric),,,,,,,,,,de09a9af2a7232e7d1991e05d485c7fe4b39fbd12e7156c0b7510c63bfe4730e,"{""step"":1,""min"":0,""max"":10000,""default"":0}",
2090,185,canvas-rams-colors,canvas_rams_colors,"App\Models\CanvasRamsColor",created_at,timestamp,"Created At",0,1,1,1,0,1,5,"DateTimePicker or read-only Placeholder",TextColumn(dateTime),,,,,,,,,,4f53cda18c2baa0c0354bb5f9a3ecbe5ed12ab4d8e11ba873c2f11161202b945,[],
2091,185,canvas-rams-colors,canvas_rams_colors,"App\Models\CanvasRamsColor",updated_at,timestamp,"Updated At",0,0,0,0,0,0,6,"DateTimePicker or read-only Placeholder",TextColumn(dateTime),,,,,,,,,,4f53cda18c2baa0c0354bb5f9a3ecbe5ed12ab4d8e11ba873c2f11161202b945,[],"omit from UI unless server-side lifecycle requires it"
2092,186,canvas-rams-materials,canvas_rams_materials,"App\Models\CanvasRamsMaterial",id,text,Id,1,0,0,0,0,0,1,TextInput,TextColumn,,,,,,,,,,4f53cda18c2baa0c0354bb5f9a3ecbe5ed12ab4d8e11ba873c2f11161202b945,[],"required; omit from UI unless server-side lifecycle requires it"
2093,186,canvas-rams-materials,canvas_rams_materials,"App\Models\CanvasRamsMaterial",name,text,Name,1,1,1,1,1,1,2,TextInput,TextColumn,,,,,,,,,,4f53cda18c2baa0c0354bb5f9a3ecbe5ed12ab4d8e11ba873c2f11161202b945,[],required
2094,186,canvas-rams-materials,canvas_rams_materials,"App\Models\CanvasRamsMaterial",sort,number,Sort,0,1,1,1,1,1,3,TextInput(numeric),TextColumn(numeric),,,,,,,,,,de09a9af2a7232e7d1991e05d485c7fe4b39fbd12e7156c0b7510c63bfe4730e,"{""step"":1,""min"":0,""max"":10000,""default"":0}",
2095,186,canvas-rams-materials,canvas_rams_materials,"App\Models\CanvasRamsMaterial",created_at,timestamp,"Created At",0,1,1,1,0,1,4,"DateTimePicker or read-only Placeholder",TextColumn(dateTime),,,,,,,,,,4f53cda18c2baa0c0354bb5f9a3ecbe5ed12ab4d8e11ba873c2f11161202b945,[],
2096,186,canvas-rams-materials,canvas_rams_materials,"App\Models\CanvasRamsMaterial",updated_at,timestamp,"Updated At",0,0,0,0,0,0,5,"DateTimePicker or read-only Placeholder",TextColumn(dateTime),,,,,,,,,,4f53cda18c2baa0c0354bb5f9a3ecbe5ed12ab4d8e11ba873c2f11161202b945,[],"omit from UI unless server-side lifecycle requires it"
2111,189,a-gallery-genre,a_gallery_genre,"App\Models\AGalleryGenre",id,text,Id,1,0,0,0,0,0,1,TextInput,TextColumn,,,,,,,,,,4f53cda18c2baa0c0354bb5f9a3ecbe5ed12ab4d8e11ba873c2f11161202b945,[],"required; omit from UI unless server-side lifecycle requires it"
2149,189,a-gallery-genre,a_gallery_genre,"App\Models\AGalleryGenre",image,image,Image,0,1,1,1,1,1,2,"FileUpload(image) with legacy-path adapter",ImageColumn,,,,,,,,,,4f53cda18c2baa0c0354bb5f9a3ecbe5ed12ab4d8e11ba873c2f11161202b945,[],"preserve existing URLs and derivatives; validate real MIME/decode/size/path"
2112,189,a-gallery-genre,a_gallery_genre,"App\Models\AGalleryGenre",name,text,Name,0,1,1,1,1,1,3,TextInput,TextColumn,,,,,,,,,,4f53cda18c2baa0c0354bb5f9a3ecbe5ed12ab4d8e11ba873c2f11161202b945,[],
2143,189,a-gallery-genre,a_gallery_genre,"App\Models\AGalleryGenre",alias,text,Alias,0,1,1,1,1,1,4,TextInput,TextColumn,,,,,,,,,,4f53cda18c2baa0c0354bb5f9a3ecbe5ed12ab4d8e11ba873c2f11161202b945,[],
2113,189,a-gallery-genre,a_gallery_genre,"App\Models\AGalleryGenre",meta_title,text,"Meta Title",0,1,1,1,1,1,5,TextInput,TextColumn,,,,,,,,,,4f53cda18c2baa0c0354bb5f9a3ecbe5ed12ab4d8e11ba873c2f11161202b945,[],
2114,189,a-gallery-genre,a_gallery_genre,"App\Models\AGalleryGenre",meta_description,text,"Meta Description",0,1,1,1,1,1,6,TextInput,TextColumn,,,,,,,,,,4f53cda18c2baa0c0354bb5f9a3ecbe5ed12ab4d8e11ba873c2f11161202b945,[],
2115,189,a-gallery-genre,a_gallery_genre,"App\Models\AGalleryGenre",sort,text,Sort,0,1,1,1,1,1,7,TextInput,TextColumn,,,,,,,,,,4f53cda18c2baa0c0354bb5f9a3ecbe5ed12ab4d8e11ba873c2f11161202b945,[],
2116,189,a-gallery-genre,a_gallery_genre,"App\Models\AGalleryGenre",created_at,timestamp,"Created At",0,1,1,1,0,1,8,"DateTimePicker or read-only Placeholder",TextColumn(dateTime),,,,,,,,,,4f53cda18c2baa0c0354bb5f9a3ecbe5ed12ab4d8e11ba873c2f11161202b945,[],
2117,189,a-gallery-genre,a_gallery_genre,"App\Models\AGalleryGenre",updated_at,timestamp,"Updated At",0,0,0,0,0,0,9,"DateTimePicker or read-only Placeholder",TextColumn(dateTime),,,,,,,,,,4f53cda18c2baa0c0354bb5f9a3ecbe5ed12ab4d8e11ba873c2f11161202b945,[],"omit from UI unless server-side lifecycle requires it"
2118,190,a-gallery-style,a_gallery_style,"App\Models\AGalleryStyle",id,text,Id,1,0,0,0,0,0,1,TextInput,TextColumn,,,,,,,,,,4f53cda18c2baa0c0354bb5f9a3ecbe5ed12ab4d8e11ba873c2f11161202b945,[],"required; omit from UI unless server-side lifecycle requires it"
2147,190,a-gallery-style,a_gallery_style,"App\Models\AGalleryStyle",image,image,Image,0,1,1,1,1,1,2,"FileUpload(image) with legacy-path adapter",ImageColumn,,,,,,,,,,4f53cda18c2baa0c0354bb5f9a3ecbe5ed12ab4d8e11ba873c2f11161202b945,[],"preserve existing URLs and derivatives; validate real MIME/decode/size/path"
2119,190,a-gallery-style,a_gallery_style,"App\Models\AGalleryStyle",name,text,Name,0,1,1,1,1,1,3,TextInput,TextColumn,,,,,,,,,,4f53cda18c2baa0c0354bb5f9a3ecbe5ed12ab4d8e11ba873c2f11161202b945,[],
2145,190,a-gallery-style,a_gallery_style,"App\Models\AGalleryStyle",alias,text,Alias,0,1,1,1,1,1,4,TextInput,TextColumn,,,,,,,,,,4f53cda18c2baa0c0354bb5f9a3ecbe5ed12ab4d8e11ba873c2f11161202b945,[],
2120,190,a-gallery-style,a_gallery_style,"App\Models\AGalleryStyle",meta_title,text,"Meta Title",0,1,1,1,1,1,5,TextInput,TextColumn,,,,,,,,,,4f53cda18c2baa0c0354bb5f9a3ecbe5ed12ab4d8e11ba873c2f11161202b945,[],
2121,190,a-gallery-style,a_gallery_style,"App\Models\AGalleryStyle",meta_description,text,"Meta Description",0,1,1,1,1,1,6,TextInput,TextColumn,,,,,,,,,,4f53cda18c2baa0c0354bb5f9a3ecbe5ed12ab4d8e11ba873c2f11161202b945,[],
2122,190,a-gallery-style,a_gallery_style,"App\Models\AGalleryStyle",sort,text,Sort,0,1,1,1,1,1,7,TextInput,TextColumn,,,,,,,,,,4f53cda18c2baa0c0354bb5f9a3ecbe5ed12ab4d8e11ba873c2f11161202b945,[],
2123,190,a-gallery-style,a_gallery_style,"App\Models\AGalleryStyle",created_at,timestamp,"Created At",0,1,1,1,0,1,8,"DateTimePicker or read-only Placeholder",TextColumn(dateTime),,,,,,,,,,4f53cda18c2baa0c0354bb5f9a3ecbe5ed12ab4d8e11ba873c2f11161202b945,[],
2124,190,a-gallery-style,a_gallery_style,"App\Models\AGalleryStyle",updated_at,timestamp,"Updated At",0,0,0,0,0,0,9,"DateTimePicker or read-only Placeholder",TextColumn(dateTime),,,,,,,,,,4f53cda18c2baa0c0354bb5f9a3ecbe5ed12ab4d8e11ba873c2f11161202b945,[],"omit from UI unless server-side lifecycle requires it"
2125,191,a-gallery-nationality,a_gallery_nationality,"App\Models\AGalleryNationality",id,text,Id,1,0,0,0,0,0,1,TextInput,TextColumn,,,,,,,,,,4f53cda18c2baa0c0354bb5f9a3ecbe5ed12ab4d8e11ba873c2f11161202b945,[],"required; omit from UI unless server-side lifecycle requires it"
2148,191,a-gallery-nationality,a_gallery_nationality,"App\Models\AGalleryNationality",image,image,Image,0,1,1,1,1,1,2,"FileUpload(image) with legacy-path adapter",ImageColumn,,,,,,,,,,4f53cda18c2baa0c0354bb5f9a3ecbe5ed12ab4d8e11ba873c2f11161202b945,[],"preserve existing URLs and derivatives; validate real MIME/decode/size/path"
2126,191,a-gallery-nationality,a_gallery_nationality,"App\Models\AGalleryNationality",name,text,Name,0,1,1,1,1,1,3,TextInput,TextColumn,,,,,,,,,,4f53cda18c2baa0c0354bb5f9a3ecbe5ed12ab4d8e11ba873c2f11161202b945,[],
2144,191,a-gallery-nationality,a_gallery_nationality,"App\Models\AGalleryNationality",alias,text,Alias,0,1,1,1,1,1,4,TextInput,TextColumn,,,,,,,,,,4f53cda18c2baa0c0354bb5f9a3ecbe5ed12ab4d8e11ba873c2f11161202b945,[],
2127,191,a-gallery-nationality,a_gallery_nationality,"App\Models\AGalleryNationality",meta_title,text,"Meta Title",0,1,1,1,1,1,5,TextInput,TextColumn,,,,,,,,,,4f53cda18c2baa0c0354bb5f9a3ecbe5ed12ab4d8e11ba873c2f11161202b945,[],
2128,191,a-gallery-nationality,a_gallery_nationality,"App\Models\AGalleryNationality",meta_description,text,"Meta Description",0,1,1,1,1,1,6,TextInput,TextColumn,,,,,,,,,,4f53cda18c2baa0c0354bb5f9a3ecbe5ed12ab4d8e11ba873c2f11161202b945,[],
2129,191,a-gallery-nationality,a_gallery_nationality,"App\Models\AGalleryNationality",sort,text,Sort,0,1,1,1,1,1,7,TextInput,TextColumn,,,,,,,,,,4f53cda18c2baa0c0354bb5f9a3ecbe5ed12ab4d8e11ba873c2f11161202b945,[],
2130,191,a-gallery-nationality,a_gallery_nationality,"App\Models\AGalleryNationality",created_at,timestamp,"Created At",0,1,1,1,0,1,8,"DateTimePicker or read-only Placeholder",TextColumn(dateTime),,,,,,,,,,4f53cda18c2baa0c0354bb5f9a3ecbe5ed12ab4d8e11ba873c2f11161202b945,[],
2131,191,a-gallery-nationality,a_gallery_nationality,"App\Models\AGalleryNationality",updated_at,timestamp,"Updated At",0,0,0,0,0,0,9,"DateTimePicker or read-only Placeholder",TextColumn(dateTime),,,,,,,,,,4f53cda18c2baa0c0354bb5f9a3ecbe5ed12ab4d8e11ba873c2f11161202b945,[],"omit from UI unless server-side lifecycle requires it"
2134,192,a-gallery-age,a_gallery_age,"App\Models\AGalleryAge",id,text,Id,1,0,0,0,0,0,1,TextInput,TextColumn,,,,,,,,,,4f53cda18c2baa0c0354bb5f9a3ecbe5ed12ab4d8e11ba873c2f11161202b945,[],"required; omit from UI unless server-side lifecycle requires it"
2150,192,a-gallery-age,a_gallery_age,"App\Models\AGalleryAge",image,image,Image,0,1,1,1,1,1,2,"FileUpload(image) with legacy-path adapter",ImageColumn,,,,,,,,,,4f53cda18c2baa0c0354bb5f9a3ecbe5ed12ab4d8e11ba873c2f11161202b945,[],"preserve existing URLs and derivatives; validate real MIME/decode/size/path"
2135,192,a-gallery-age,a_gallery_age,"App\Models\AGalleryAge",name,text,Name,0,1,1,1,1,1,3,TextInput,TextColumn,,,,,,,,,,4f53cda18c2baa0c0354bb5f9a3ecbe5ed12ab4d8e11ba873c2f11161202b945,[],
2142,192,a-gallery-age,a_gallery_age,"App\Models\AGalleryAge",alias,text,Alias,0,1,1,1,1,1,4,TextInput,TextColumn,,,,,,,,,,4f53cda18c2baa0c0354bb5f9a3ecbe5ed12ab4d8e11ba873c2f11161202b945,[],
2136,192,a-gallery-age,a_gallery_age,"App\Models\AGalleryAge",meta_title,text,"Meta Title",0,1,1,1,1,1,5,TextInput,TextColumn,,,,,,,,,,4f53cda18c2baa0c0354bb5f9a3ecbe5ed12ab4d8e11ba873c2f11161202b945,[],
2137,192,a-gallery-age,a_gallery_age,"App\Models\AGalleryAge",meta_description,text,"Meta Description",0,1,1,1,1,1,6,TextInput,TextColumn,,,,,,,,,,4f53cda18c2baa0c0354bb5f9a3ecbe5ed12ab4d8e11ba873c2f11161202b945,[],
2138,192,a-gallery-age,a_gallery_age,"App\Models\AGalleryAge",sort,text,Sort,0,1,1,1,1,1,7,TextInput,TextColumn,,,,,,,,,,4f53cda18c2baa0c0354bb5f9a3ecbe5ed12ab4d8e11ba873c2f11161202b945,[],
2139,192,a-gallery-age,a_gallery_age,"App\Models\AGalleryAge",created_at,timestamp,"Created At",0,1,1,1,0,1,8,"DateTimePicker or read-only Placeholder",TextColumn(dateTime),,,,,,,,,,4f53cda18c2baa0c0354bb5f9a3ecbe5ed12ab4d8e11ba873c2f11161202b945,[],
2140,192,a-gallery-age,a_gallery_age,"App\Models\AGalleryAge",updated_at,timestamp,"Updated At",0,0,0,0,0,0,9,"DateTimePicker or read-only Placeholder",TextColumn(dateTime),,,,,,,,,,4f53cda18c2baa0c0354bb5f9a3ecbe5ed12ab4d8e11ba873c2f11161202b945,[],"omit from UI unless server-side lifecycle requires it"
2183,193,a-delivery-towns,a_delivery_towns,"App\Models\ADeliveryTown",id,text,Id,1,0,0,0,0,0,1,TextInput,TextColumn,,,,,,,,,,4f53cda18c2baa0c0354bb5f9a3ecbe5ed12ab4d8e11ba873c2f11161202b945,[],"required; omit from UI unless server-side lifecycle requires it"
2184,193,a-delivery-towns,a_delivery_towns,"App\Models\ADeliveryTown",city,text,Город,0,1,1,1,1,1,2,TextInput,TextColumn,,,,,,,,,,4f53cda18c2baa0c0354bb5f9a3ecbe5ed12ab4d8e11ba873c2f11161202b945,[],
2185,193,a-delivery-towns,a_delivery_towns,"App\Models\ADeliveryTown",country,text,"Код страны",0,1,1,1,1,1,3,TextInput,TextColumn,,,,,,,,,,4f53cda18c2baa0c0354bb5f9a3ecbe5ed12ab4d8e11ba873c2f11161202b945,[],
2344,193,a-delivery-towns,a_delivery_towns,"App\Models\ADeliveryTown",photo_short_code,text,"Photo Short Code",0,1,1,1,1,1,4,TextInput,TextColumn,,,,,,,,,,4f53cda18c2baa0c0354bb5f9a3ecbe5ed12ab4d8e11ba873c2f11161202b945,[],
2186,193,a-delivery-towns,a_delivery_towns,"App\Models\ADeliveryTown",price,text,"Цена в евро",0,1,1,1,1,1,5,TextInput,TextColumn,,,,,,,,,,4f53cda18c2baa0c0354bb5f9a3ecbe5ed12ab4d8e11ba873c2f11161202b945,[],
2187,193,a-delivery-towns,a_delivery_towns,"App\Models\ADeliveryTown",created_at,timestamp,"Created At",0,0,0,0,0,0,6,"DateTimePicker or read-only Placeholder",TextColumn(dateTime),,,,,,,,,,4f53cda18c2baa0c0354bb5f9a3ecbe5ed12ab4d8e11ba873c2f11161202b945,[],"omit from UI unless server-side lifecycle requires it"
2188,193,a-delivery-towns,a_delivery_towns,"App\Models\ADeliveryTown",updated_at,timestamp,"Updated At",0,0,0,0,0,0,7,"DateTimePicker or read-only Placeholder",TextColumn(dateTime),,,,,,,,,,4f53cda18c2baa0c0354bb5f9a3ecbe5ed12ab4d8e11ba873c2f11161202b945,[],"omit from UI unless server-side lifecycle requires it"
2240,194,creeping-line,creeping_line,"App\Models\CreepingLine",id,text,Id,1,0,0,0,0,0,1,TextInput,TextColumn,,,,,,,,,,4f53cda18c2baa0c0354bb5f9a3ecbe5ed12ab4d8e11ba873c2f11161202b945,[],"required; omit from UI unless server-side lifecycle requires it"
2241,194,creeping-line,creeping_line,"App\Models\CreepingLine",page,multiple_checkbox,Страницы,0,1,1,1,1,1,2,CheckboxList,TextColumn(list),,,,,,,,,"{""main"":""Главная"",""kanvas"":""Канвас"",""collage"":""Коллаж"",""portret"":""Портреты"",""sharj"":""Шарж"",""gallery"":""Галлерея""}",5060f78c61e9eb82a6ada269fa0decf3f52f1f4f412b5d86ad2392e1aef328b7,"{""checked"":true,""options"":{""main"":""Главная"",""kanvas"":""Канвас"",""collage"":""Коллаж"",""portret"":""Портреты"",""sharj"":""Шарж"",""gallery"":""Галлерея""}}",
2242,194,creeping-line,creeping_line,"App\Models\CreepingLine",text,text,Текст,0,1,1,1,1,1,3,TextInput,TextColumn,,,,,,,,,,4f53cda18c2baa0c0354bb5f9a3ecbe5ed12ab4d8e11ba873c2f11161202b945,[],
2243,194,creeping-line,creeping_line,"App\Models\CreepingLine",is_show,checkbox,Вкл/Выкл,0,1,1,1,1,1,4,"Toggle or Checkbox",IconColumn(boolean),,,,,,,,,,d7c12100abda1ec0859197afc64be266649ab0bf14a04fac5548e9dfd01a6370,"{""on"":""Включен"",""off"":""Выключен"",""checked"":true}",
2246,194,creeping-line,creeping_line,"App\Models\CreepingLine",sort,number,Сортировка,0,1,1,1,1,1,5,TextInput(numeric),TextColumn(numeric),,,,,,,,,,4f53cda18c2baa0c0354bb5f9a3ecbe5ed12ab4d8e11ba873c2f11161202b945,[],
2244,194,creeping-line,creeping_line,"App\Models\CreepingLine",created_at,timestamp,"Created At",0,0,0,0,0,0,6,"DateTimePicker or read-only Placeholder",TextColumn(dateTime),,,,,,,,,,4f53cda18c2baa0c0354bb5f9a3ecbe5ed12ab4d8e11ba873c2f11161202b945,[],"omit from UI unless server-side lifecycle requires it"
2245,194,creeping-line,creeping_line,"App\Models\CreepingLine",updated_at,timestamp,"Updated At",0,0,0,0,0,0,7,"DateTimePicker or read-only Placeholder",TextColumn(dateTime),,,,,,,,,,4f53cda18c2baa0c0354bb5f9a3ecbe5ed12ab4d8e11ba873c2f11161202b945,[],"omit from UI unless server-side lifecycle requires it"
2268,196,seo-city,seo_city,"App\Models\SeoCity",id,text,Id,1,1,0,0,0,0,1,TextInput,TextColumn,,,,,,,,,,4f53cda18c2baa0c0354bb5f9a3ecbe5ed12ab4d8e11ba873c2f11161202b945,[],required
2269,196,seo-city,seo_city,"App\Models\SeoCity",local,select_dropdown,Local,0,1,1,1,1,1,2,"Select with explicit options",TextColumn/badge,,,,,,,,,"{""ru"":""ru"",""en"":""en"",""de"":""de"",""ee"":""ee"",""lt"":""lt"",""lv"":""lv"",""pl"":""pl""}",4ae10cf7f33ce49ea4c4fe7f76549baf1a4ee3adaeb76db2eec217e5f71c6b6e,"{""default"":""ru"",""options"":{""ru"":""ru"",""en"":""en"",""de"":""de"",""ee"":""ee"",""lt"":""lt"",""lv"":""lv"",""pl"":""pl""}}",
2270,196,seo-city,seo_city,"App\Models\SeoCity",city,text,City,0,1,1,1,1,1,3,TextInput,TextColumn,,,,,,,,,,4f53cda18c2baa0c0354bb5f9a3ecbe5ed12ab4d8e11ba873c2f11161202b945,[],
2271,196,seo-city,seo_city,"App\Models\SeoCity",created_at,timestamp,"Created At",0,1,1,1,0,1,4,"DateTimePicker or read-only Placeholder",TextColumn(dateTime),,,,,,,,,,4f53cda18c2baa0c0354bb5f9a3ecbe5ed12ab4d8e11ba873c2f11161202b945,[],
2272,196,seo-city,seo_city,"App\Models\SeoCity",updated_at,timestamp,"Updated At",0,0,0,0,0,0,5,"DateTimePicker or read-only Placeholder",TextColumn(dateTime),,,,,,,,,,4f53cda18c2baa0c0354bb5f9a3ecbe5ed12ab4d8e11ba873c2f11161202b945,[],"omit from UI unless server-side lifecycle requires it"
2278,197,abandoned-carts,abandoned_carts,"App\Models\AbandonedCart",id,text,Id,1,1,0,0,0,0,1,TextInput,TextColumn,,,,,,,,,,4f53cda18c2baa0c0354bb5f9a3ecbe5ed12ab4d8e11ba873c2f11161202b945,[],required
2279,197,abandoned-carts,abandoned_carts,"App\Models\AbandonedCart",email,text,Email,0,1,1,1,1,1,2,TextInput,TextColumn,,,,,,,,,,4f53cda18c2baa0c0354bb5f9a3ecbe5ed12ab4d8e11ba873c2f11161202b945,[],
2280,197,abandoned-carts,abandoned_carts,"App\Models\AbandonedCart",cart_data,code_editor,"Cart Data",0,0,1,1,1,1,3,"CodeEditor/Textarea restricted to trusted roles",TextColumn(limit),,,,,,,,,,4f53cda18c2baa0c0354bb5f9a3ecbe5ed12ab4d8e11ba873c2f11161202b945,[],"trusted-content allowlist and XSS/CSP review"
2281,197,abandoned-carts,abandoned_carts,"App\Models\AbandonedCart",bonus,text,Bonus,0,0,1,1,1,1,4,TextInput,TextColumn,,,,,,,,,,4f53cda18c2baa0c0354bb5f9a3ecbe5ed12ab4d8e11ba873c2f11161202b945,[],
2282,197,abandoned-carts,abandoned_carts,"App\Models\AbandonedCart",recovery_token,text,"Recovery Token",0,0,1,1,1,1,5,TextInput,TextColumn,,,,,,,,,,4f53cda18c2baa0c0354bb5f9a3ecbe5ed12ab4d8e11ba873c2f11161202b945,[],
2283,197,abandoned-carts,abandoned_carts,"App\Models\AbandonedCart",token_expires_at,timestamp,"Token Expires At",0,0,1,1,1,1,6,"DateTimePicker or read-only Placeholder",TextColumn(dateTime),,,,,,,,,,4f53cda18c2baa0c0354bb5f9a3ecbe5ed12ab4d8e11ba873c2f11161202b945,[],
2284,197,abandoned-carts,abandoned_carts,"App\Models\AbandonedCart",is_send_email_twelve_hours,text,"Is Send Email Twelve Hours",1,1,1,1,1,1,7,TextInput,TextColumn,,,,,,,,,,4f53cda18c2baa0c0354bb5f9a3ecbe5ed12ab4d8e11ba873c2f11161202b945,[],required
2285,197,abandoned-carts,abandoned_carts,"App\Models\AbandonedCart",locale,text,Locale,1,0,1,1,1,1,8,TextInput,TextColumn,,,,,,,,,,4f53cda18c2baa0c0354bb5f9a3ecbe5ed12ab4d8e11ba873c2f11161202b945,[],required
2286,197,abandoned-carts,abandoned_carts,"App\Models\AbandonedCart",created_at,timestamp,"Created At",0,1,1,1,0,1,9,"DateTimePicker or read-only Placeholder",TextColumn(dateTime),,,,,,,,,,4f53cda18c2baa0c0354bb5f9a3ecbe5ed12ab4d8e11ba873c2f11161202b945,[],
2287,197,abandoned-carts,abandoned_carts,"App\Models\AbandonedCart",updated_at,timestamp,"Updated At",0,1,0,0,0,0,10,"DateTimePicker or read-only Placeholder",TextColumn(dateTime),,,,,,,,,,4f53cda18c2baa0c0354bb5f9a3ecbe5ed12ab4d8e11ba873c2f11161202b945,[],
2288,198,reviews,reviews,"App\Models\Review",id,text,Id,1,0,0,0,0,0,0,TextInput,TextColumn,,,,,,,,,,4f53cda18c2baa0c0354bb5f9a3ecbe5ed12ab4d8e11ba873c2f11161202b945,[],"required; omit from UI unless server-side lifecycle requires it"
2292,198,reviews,reviews,"App\Models\Review",email,text,Email,0,1,1,1,1,1,2,TextInput,TextColumn,,,,,,,,,,4f53cda18c2baa0c0354bb5f9a3ecbe5ed12ab4d8e11ba873c2f11161202b945,[],
2289,198,reviews,reviews,"App\Models\Review",img,image,Img,0,1,1,1,1,1,3,"FileUpload(image) with legacy-path adapter",ImageColumn,,,,,,,,,,4f53cda18c2baa0c0354bb5f9a3ecbe5ed12ab4d8e11ba873c2f11161202b945,[],"preserve existing URLs and derivatives; validate real MIME/decode/size/path"
2290,198,reviews,reviews,"App\Models\Review",avatar,image,Avatar,0,1,1,1,1,1,4,"FileUpload(image) with legacy-path adapter",ImageColumn,,,,,,,,,,4f53cda18c2baa0c0354bb5f9a3ecbe5ed12ab4d8e11ba873c2f11161202b945,[],"preserve existing URLs and derivatives; validate real MIME/decode/size/path"
2291,198,reviews,reviews,"App\Models\Review",name,text,Name,0,1,1,1,1,1,5,TextInput,TextColumn,,,,,,,,,,4f53cda18c2baa0c0354bb5f9a3ecbe5ed12ab4d8e11ba873c2f11161202b945,[],
2297,198,reviews,reviews,"App\Models\Review",a_player,file,"A Player",0,1,1,1,1,1,6,"FileUpload with MIME/size/path allowlist","File link Action with policy",,,,,,,,,,4f53cda18c2baa0c0354bb5f9a3ecbe5ed12ab4d8e11ba873c2f11161202b945,[],"preserve existing URLs and derivatives; validate real MIME/decode/size/path"
2293,198,reviews,reviews,"App\Models\Review",text,rich_text_box,Text,0,1,1,1,1,1,7,"RichEditor with explicit HTML allowlist","TextColumn(html disabled by default)",,,,,,,,,,4f53cda18c2baa0c0354bb5f9a3ecbe5ed12ab4d8e11ba873c2f11161202b945,[],"trusted-content allowlist and XSS/CSP review"
2294,198,reviews,reviews,"App\Models\Review",active,checkbox,Active,0,1,1,1,1,1,8,"Toggle or Checkbox",IconColumn(boolean),,,,,,,,,,1d7cc7921577a6fb7bd2eb64db9c5d36aec5f539dc9bf971f3d860346d9107ca,"{""on"":""да"",""off"":""нет"",""checked"":true}",
2299,198,reviews,reviews,"App\Models\Review",user_id,number,"User Id",1,1,1,1,1,1,9,TextInput(numeric),TextColumn(numeric),,,,,,,,,,4f53cda18c2baa0c0354bb5f9a3ecbe5ed12ab4d8e11ba873c2f11161202b945,[],required
2300,198,reviews,reviews,"App\Models\Review",order_id,number,"Order Id",1,1,1,1,1,1,10,TextInput(numeric),TextColumn(numeric),,,,,,,,,,4f53cda18c2baa0c0354bb5f9a3ecbe5ed12ab4d8e11ba873c2f11161202b945,[],required
2301,198,reviews,reviews,"App\Models\Review",pid,number,"Product id",1,1,1,1,1,1,11,TextInput(numeric),TextColumn(numeric),,,,,,,,,,4f53cda18c2baa0c0354bb5f9a3ecbe5ed12ab4d8e11ba873c2f11161202b945,[],required
2298,198,reviews,reviews,"App\Models\Review",orig_locale,text,"Orig Locale",0,1,1,1,1,1,12,TextInput,TextColumn,,,,,,,,,,4f53cda18c2baa0c0354bb5f9a3ecbe5ed12ab4d8e11ba873c2f11161202b945,[],
2296,198,reviews,reviews,"App\Models\Review",updated_at,timestamp,"Updated At",0,0,0,0,0,0,13,"DateTimePicker or read-only Placeholder",TextColumn(dateTime),,,,,,,,,,4f53cda18c2baa0c0354bb5f9a3ecbe5ed12ab4d8e11ba873c2f11161202b945,[],"omit from UI unless server-side lifecycle requires it"
2295,198,reviews,reviews,"App\Models\Review",created_at,timestamp,"Created At",0,1,1,1,0,1,14,"DateTimePicker or read-only Placeholder",TextColumn(dateTime),,,,,,,,,,4f53cda18c2baa0c0354bb5f9a3ecbe5ed12ab4d8e11ba873c2f11161202b945,[],
2303,199,venipak-data,venipak_data,"App\Models\VenipakData",id,text,Id,1,1,0,0,0,0,1,TextInput,TextColumn,,,,,,,,,,4f53cda18c2baa0c0354bb5f9a3ecbe5ed12ab4d8e11ba873c2f11161202b945,[],required
2306,199,venipak-data,venipak_data,"App\Models\VenipakData",login_id,text,"Login Id",1,1,1,1,1,1,2,TextInput,TextColumn,,,,,,,,,,4f53cda18c2baa0c0354bb5f9a3ecbe5ed12ab4d8e11ba873c2f11161202b945,[],required
2304,199,venipak-data,venipak_data,"App\Models\VenipakData",user,text,User,1,1,1,1,1,1,3,TextInput,TextColumn,,,,,,,,,,4f53cda18c2baa0c0354bb5f9a3ecbe5ed12ab4d8e11ba873c2f11161202b945,[],required
2305,199,venipak-data,venipak_data,"App\Models\VenipakData",pass,text,Pass,1,1,1,1,1,1,4,TextInput,TextColumn,,,,,,,,,,4f53cda18c2baa0c0354bb5f9a3ecbe5ed12ab4d8e11ba873c2f11161202b945,[],required
2322,199,venipak-data,venipak_data,"App\Models\VenipakData",is_active,checkbox,Active,1,1,1,1,1,1,5,"Toggle or Checkbox",IconColumn(boolean),,,,,,,,,,16fb615d56fd43b0cb91cd66040d2697fabebd82ece2461c8dfe3160f6d37123,"{""on"":""Да"",""off"":""Нет"",""checked"":false}",required
2307,199,venipak-data,venipak_data,"App\Models\VenipakData",import_url,text,"Import Url",1,1,1,1,1,1,6,TextInput,TextColumn,,,,,,,,,,2f4e816144cead2c4adc9e6e44ace365dae050faf03ed43eb7479c18c25cbf0f,"{""default"":""https://go.venipak.lt/import/send.php""}",required
2308,199,venipak-data,venipak_data,"App\Models\VenipakData",print_url,text,"Print Url",1,1,1,1,1,1,7,TextInput,TextColumn,,,,,,,,,,f6cb7e81742244bf26c6dfadaf7281f042710266d8ea440970e1a29040a11eef,"{""default"":""https://go.venipak.lt/ws/print_label""}",required
2313,199,venipak-data,venipak_data,"App\Models\VenipakData",s_name,text,"Company Name",0,1,1,1,1,1,8,TextInput,TextColumn,,,,,,,,,,4f53cda18c2baa0c0354bb5f9a3ecbe5ed12ab4d8e11ba873c2f11161202b945,[],
2314,199,venipak-data,venipak_data,"App\Models\VenipakData",s_code,text,"Enterprise code",0,1,1,1,1,1,9,TextInput,TextColumn,,,,,,,,,,4f53cda18c2baa0c0354bb5f9a3ecbe5ed12ab4d8e11ba873c2f11161202b945,[],
2315,199,venipak-data,venipak_data,"App\Models\VenipakData",s_country,select_dropdown,Country,0,1,1,1,1,1,10,"Select with explicit options",TextColumn/badge,,,,,,,,,"{""DK"":""Denmark"",""EE"":""Estonia"",""FI"":""Finland"",""LV"":""Latvia"",""LT"":""Lithuania"",""PL"":""Poland"",""SE"":""Sweden""}",5b35e873a6b5cb1ac03d9aa5d1787af9e7f939af5224628c9520f48db0e2ffa8,"{""default"":""LV"",""options"":{""DK"":""Denmark"",""EE"":""Estonia"",""FI"":""Finland"",""LV"":""Latvia"",""LT"":""Lithuania"",""PL"":""Poland"",""SE"":""Sweden""}}",
2316,199,venipak-data,venipak_data,"App\Models\VenipakData",s_city,text,City,0,1,1,1,1,1,11,TextInput,TextColumn,,,,,,,,,,4f53cda18c2baa0c0354bb5f9a3ecbe5ed12ab4d8e11ba873c2f11161202b945,[],
2317,199,venipak-data,venipak_data,"App\Models\VenipakData",s_address,text,Address,0,1,1,1,1,1,12,TextInput,TextColumn,,,,,,,,,,4f53cda18c2baa0c0354bb5f9a3ecbe5ed12ab4d8e11ba873c2f11161202b945,[],
2318,199,venipak-data,venipak_data,"App\Models\VenipakData",s_post,text,"Postal code",0,1,1,1,1,1,13,TextInput,TextColumn,,,,,,,,,,4f53cda18c2baa0c0354bb5f9a3ecbe5ed12ab4d8e11ba873c2f11161202b945,[],
2319,199,venipak-data,venipak_data,"App\Models\VenipakData",s_contact_p,text,"Contact person",0,1,1,1,1,1,14,TextInput,TextColumn,,,,,,,,,,4f53cda18c2baa0c0354bb5f9a3ecbe5ed12ab4d8e11ba873c2f11161202b945,[],
2320,199,venipak-data,venipak_data,"App\Models\VenipakData",s_contact_t,text,Phone,0,1,1,1,1,1,15,TextInput,TextColumn,,,,,,,,,,4f53cda18c2baa0c0354bb5f9a3ecbe5ed12ab4d8e11ba873c2f11161202b945,[],
2321,199,venipak-data,venipak_data,"App\Models\VenipakData",email_sender,text,Email,0,1,1,1,1,1,16,TextInput,TextColumn,,,,,,,,,,4f53cda18c2baa0c0354bb5f9a3ecbe5ed12ab4d8e11ba873c2f11161202b945,[],
2309,199,venipak-data,venipak_data,"App\Models\VenipakData",created_at,timestamp,"Created At",0,0,1,1,0,1,17,"DateTimePicker or read-only Placeholder",TextColumn(dateTime),,,,,,,,,,4f53cda18c2baa0c0354bb5f9a3ecbe5ed12ab4d8e11ba873c2f11161202b945,[],
2310,199,venipak-data,venipak_data,"App\Models\VenipakData",updated_at,timestamp,"Updated At",0,0,0,0,0,0,18,"DateTimePicker or read-only Placeholder",TextColumn(dateTime),,,,,,,,,,4f53cda18c2baa0c0354bb5f9a3ecbe5ed12ab4d8e11ba873c2f11161202b945,[],"omit from UI unless server-side lifecycle requires it"
2323,200,site-images,site_images,"App\Models\SiteImage",id,text,Id,1,1,0,0,0,0,1,TextInput,TextColumn,,,,,,,,,,4f53cda18c2baa0c0354bb5f9a3ecbe5ed12ab4d8e11ba873c2f11161202b945,[],required
2324,200,site-images,site_images,"App\Models\SiteImage",page,text,Page,1,1,1,1,1,1,2,TextInput,TextColumn,,,,,,,,,,4f53cda18c2baa0c0354bb5f9a3ecbe5ed12ab4d8e11ba873c2f11161202b945,[],required
2325,200,site-images,site_images,"App\Models\SiteImage",position_name,text,"Position Name",1,1,1,1,1,1,3,TextInput,TextColumn,,,,,,,,,,4f53cda18c2baa0c0354bb5f9a3ecbe5ed12ab4d8e11ba873c2f11161202b945,[],required
2326,200,site-images,site_images,"App\Models\SiteImage",img,image,Img,0,1,1,1,1,1,4,"FileUpload(image) with legacy-path adapter",ImageColumn,,,,,,,,,,4f53cda18c2baa0c0354bb5f9a3ecbe5ed12ab4d8e11ba873c2f11161202b945,[],"preserve existing URLs and derivatives; validate real MIME/decode/size/path"
2327,200,site-images,site_images,"App\Models\SiteImage",svg,file,Svg,0,1,1,1,1,1,5,"FileUpload with MIME/size/path allowlist","File link Action with policy",,,,,,,,,,4f53cda18c2baa0c0354bb5f9a3ecbe5ed12ab4d8e11ba873c2f11161202b945,[],"preserve existing URLs and derivatives; validate real MIME/decode/size/path"
2328,200,site-images,site_images,"App\Models\SiteImage",is_show,checkbox,"Is Show",1,1,1,1,1,1,6,"Toggle or Checkbox",IconColumn(boolean),,,,,,,,,,d7c12100abda1ec0859197afc64be266649ab0bf14a04fac5548e9dfd01a6370,"{""on"":""Включен"",""off"":""Выключен"",""checked"":true}",required
2329,200,site-images,site_images,"App\Models\SiteImage",created_at,timestamp,"Created At",0,0,0,0,0,0,7,"DateTimePicker or read-only Placeholder",TextColumn(dateTime),,,,,,,,,,4f53cda18c2baa0c0354bb5f9a3ecbe5ed12ab4d8e11ba873c2f11161202b945,[],"omit from UI unless server-side lifecycle requires it"
2330,200,site-images,site_images,"App\Models\SiteImage",updated_at,timestamp,"Updated At",0,0,0,0,0,0,8,"DateTimePicker or read-only Placeholder",TextColumn(dateTime),,,,,,,,,,4f53cda18c2baa0c0354bb5f9a3ecbe5ed12ab4d8e11ba873c2f11161202b945,[],"omit from UI unless server-side lifecycle requires it"
2332,202,canvas-photo-improvements,canvas_photo_improvements,"App\Models\CanvasPhotoImprove",id,text,Id,1,1,0,0,0,0,1,TextInput,TextColumn,,,,,,,,,,4f53cda18c2baa0c0354bb5f9a3ecbe5ed12ab4d8e11ba873c2f11161202b945,[],required
2333,202,canvas-photo-improvements,canvas_photo_improvements,"App\Models\CanvasPhotoImprove",code,text,Code,0,1,1,1,1,1,2,TextInput,TextColumn,,,,,,,,,,4f53cda18c2baa0c0354bb5f9a3ecbe5ed12ab4d8e11ba873c2f11161202b945,[],
2334,202,canvas-photo-improvements,canvas_photo_improvements,"App\Models\CanvasPhotoImprove",name,text,Name,0,1,1,1,1,1,3,TextInput,TextColumn,,,,,,,,,,4f53cda18c2baa0c0354bb5f9a3ecbe5ed12ab4d8e11ba873c2f11161202b945,[],
2335,202,canvas-photo-improvements,canvas_photo_improvements,"App\Models\CanvasPhotoImprove",hint,text,Hint,0,1,1,1,1,1,4,TextInput,TextColumn,,,,,,,,,,4f53cda18c2baa0c0354bb5f9a3ecbe5ed12ab4d8e11ba873c2f11161202b945,[],
2336,202,canvas-photo-improvements,canvas_photo_improvements,"App\Models\CanvasPhotoImprove",image,image,Image,0,1,1,1,1,1,5,"FileUpload(image) with legacy-path adapter",ImageColumn,,,,,,,,,,4f53cda18c2baa0c0354bb5f9a3ecbe5ed12ab4d8e11ba873c2f11161202b945,[],"preserve existing URLs and derivatives; validate real MIME/decode/size/path"
2337,202,canvas-photo-improvements,canvas_photo_improvements,"App\Models\CanvasPhotoImprove",price,number,Price,1,1,1,1,1,1,6,TextInput(numeric),TextColumn(numeric),,,,,,,,,,4f53cda18c2baa0c0354bb5f9a3ecbe5ed12ab4d8e11ba873c2f11161202b945,[],required
2338,202,canvas-photo-improvements,canvas_photo_improvements,"App\Models\CanvasPhotoImprove",sort,number,Sort,1,1,1,1,1,1,7,TextInput(numeric),TextColumn(numeric),,,,,,,,,,4f53cda18c2baa0c0354bb5f9a3ecbe5ed12ab4d8e11ba873c2f11161202b945,[],required
2339,202,canvas-photo-improvements,canvas_photo_improvements,"App\Models\CanvasPhotoImprove",is_active,checkbox,"Is Active",1,1,1,1,1,1,8,"Toggle or Checkbox",IconColumn(boolean),,,,,,,,,,4f53cda18c2baa0c0354bb5f9a3ecbe5ed12ab4d8e11ba873c2f11161202b945,[],required
2340,202,canvas-photo-improvements,canvas_photo_improvements,"App\Models\CanvasPhotoImprove",is_default,checkbox,"Is Default",1,1,1,1,1,1,9,"Toggle or Checkbox",IconColumn(boolean),,,,,,,,,,4f53cda18c2baa0c0354bb5f9a3ecbe5ed12ab4d8e11ba873c2f11161202b945,[],required
2341,202,canvas-photo-improvements,canvas_photo_improvements,"App\Models\CanvasPhotoImprove",created_at,timestamp,"Created At",0,0,0,0,0,0,10,"DateTimePicker or read-only Placeholder",TextColumn(dateTime),,,,,,,,,,4f53cda18c2baa0c0354bb5f9a3ecbe5ed12ab4d8e11ba873c2f11161202b945,[],"omit from UI unless server-side lifecycle requires it"
2342,202,canvas-photo-improvements,canvas_photo_improvements,"App\Models\CanvasPhotoImprove",updated_at,timestamp,"Updated At",0,0,0,0,0,0,11,"DateTimePicker or read-only Placeholder",TextColumn(dateTime),,,,,,,,,,4f53cda18c2baa0c0354bb5f9a3ecbe5ed12ab4d8e11ba873c2f11161202b945,[],"omit from UI unless server-side lifecycle requires it"
2348,203,alt-suggestions,image_alt_suggestions,"App\Models\ImageAltSuggestion",id,hidden,ID,0,0,0,0,0,0,0,"Hidden only when server-owned; otherwise omit","Hidden by default",,,,,,,,,,4f53cda18c2baa0c0354bb5f9a3ecbe5ed12ab4d8e11ba873c2f11161202b945,[],"omit from UI unless server-side lifecycle requires it"
2349,203,alt-suggestions,image_alt_suggestions,"App\Models\ImageAltSuggestion",image_path,image,Изображение,0,1,0,0,0,0,1,"FileUpload(image) with legacy-path adapter",ImageColumn,,,,,,,,,,4f53cda18c2baa0c0354bb5f9a3ecbe5ed12ab4d8e11ba873c2f11161202b945,[],"preserve existing URLs and derivatives; validate real MIME/decode/size/path"
2350,203,alt-suggestions,image_alt_suggestions,"App\Models\ImageAltSuggestion",page_url,text,"URL страницы",0,1,0,0,0,0,2,TextInput,TextColumn,,,,,,,,,,4f53cda18c2baa0c0354bb5f9a3ecbe5ed12ab4d8e11ba873c2f11161202b945,[],
2351,203,alt-suggestions,image_alt_suggestions,"App\Models\ImageAltSuggestion",imageable_type,text,Модель,0,1,0,0,0,0,3,TextInput,TextColumn,,,,,,,,,,4f53cda18c2baa0c0354bb5f9a3ecbe5ed12ab4d8e11ba873c2f11161202b945,[],
2352,203,alt-suggestions,image_alt_suggestions,"App\Models\ImageAltSuggestion",imageable_id,number,"ID модели",0,1,0,0,0,0,4,TextInput(numeric),TextColumn(numeric),,,,,,,,,,4f53cda18c2baa0c0354bb5f9a3ecbe5ed12ab4d8e11ba873c2f11161202b945,[],
2353,203,alt-suggestions,image_alt_suggestions,"App\Models\ImageAltSuggestion",field,text,Поле,0,1,0,0,0,0,5,TextInput,TextColumn,,,,,,,,,,4f53cda18c2baa0c0354bb5f9a3ecbe5ed12ab4d8e11ba873c2f11161202b945,[],
2354,203,alt-suggestions,image_alt_suggestions,"App\Models\ImageAltSuggestion",locale,text,Язык,0,1,0,0,0,0,6,TextInput,TextColumn,,,,,,,,,,4f53cda18c2baa0c0354bb5f9a3ecbe5ed12ab4d8e11ba873c2f11161202b945,[],
2355,203,alt-suggestions,image_alt_suggestions,"App\Models\ImageAltSuggestion",current_alt,text_area,"Текущий alt",0,1,0,0,0,0,7,Textarea,TextColumn(wrap),,,,,,,,,,4f53cda18c2baa0c0354bb5f9a3ecbe5ed12ab4d8e11ba873c2f11161202b945,[],
2356,203,alt-suggestions,image_alt_suggestions,"App\Models\ImageAltSuggestion",current_title,text_area,"Текущий title",0,1,0,0,0,0,8,Textarea,TextColumn(wrap),,,,,,,,,,4f53cda18c2baa0c0354bb5f9a3ecbe5ed12ab4d8e11ba873c2f11161202b945,[],
2357,203,alt-suggestions,image_alt_suggestions,"App\Models\ImageAltSuggestion",suggested_alt,text_area,"Предложенный alt",0,1,0,0,0,0,9,Textarea,TextColumn(wrap),,,,,,,,,,4f53cda18c2baa0c0354bb5f9a3ecbe5ed12ab4d8e11ba873c2f11161202b945,[],
2358,203,alt-suggestions,image_alt_suggestions,"App\Models\ImageAltSuggestion",suggested_title,text_area,"Предложенный title",0,1,0,0,0,0,10,Textarea,TextColumn(wrap),,,,,,,,,,4f53cda18c2baa0c0354bb5f9a3ecbe5ed12ab4d8e11ba873c2f11161202b945,[],
2359,203,alt-suggestions,image_alt_suggestions,"App\Models\ImageAltSuggestion",status,select_dropdown,Статус,0,1,0,0,0,0,11,"Select with explicit options",TextColumn/badge,,,,,,,,,"{""new"":""Новая"",""generated"":""Сгенерирована"",""pending"":""Ожидает проверки"",""approved"":""Одобрена"",""applied"":""Применена"",""rejected"":""Отклонена"",""failed"":""Ошибка""}",ca380ea4a5aa40413e0bb0b974157cf4eb8891d4de1b6cdb37786577d976d5ae,"{""default"":""new"",""options"":{""new"":""Новая"",""generated"":""Сгенерирована"",""pending"":""Ожидает проверки"",""approved"":""Одобрена"",""applied"":""Применена"",""rejected"":""Отклонена"",""failed"":""Ошибка""}}",
2360,203,alt-suggestions,image_alt_suggestions,"App\Models\ImageAltSuggestion",generated_at,timestamp,Сгенерировано,0,1,0,0,0,0,12,"DateTimePicker or read-only Placeholder",TextColumn(dateTime),,,,,,,,,,4f53cda18c2baa0c0354bb5f9a3ecbe5ed12ab4d8e11ba873c2f11161202b945,[],
2361,203,alt-suggestions,image_alt_suggestions,"App\Models\ImageAltSuggestion",tokens_used,number,Токены,0,1,0,0,0,0,13,TextInput(numeric),TextColumn(numeric),,,,,,,,,,4f53cda18c2baa0c0354bb5f9a3ecbe5ed12ab4d8e11ba873c2f11161202b945,[],
2362,203,alt-suggestions,image_alt_suggestions,"App\Models\ImageAltSuggestion",model,text,"Модель OpenAI",0,1,0,0,0,0,14,TextInput,TextColumn,,,,,,,,,,4f53cda18c2baa0c0354bb5f9a3ecbe5ed12ab4d8e11ba873c2f11161202b945,[],
2363,203,alt-suggestions,image_alt_suggestions,"App\Models\ImageAltSuggestion",approved_alt,text_area,"Одобренный alt",0,0,0,0,0,0,15,Textarea,TextColumn(wrap),,,,,,,,,,4f53cda18c2baa0c0354bb5f9a3ecbe5ed12ab4d8e11ba873c2f11161202b945,[],"omit from UI unless server-side lifecycle requires it"
2364,203,alt-suggestions,image_alt_suggestions,"App\Models\ImageAltSuggestion",approved_title,text_area,"Одобренный title",0,0,0,0,0,0,16,Textarea,TextColumn(wrap),,,,,,,,,,4f53cda18c2baa0c0354bb5f9a3ecbe5ed12ab4d8e11ba873c2f11161202b945,[],"omit from UI unless server-side lifecycle requires it"
2365,203,alt-suggestions,image_alt_suggestions,"App\Models\ImageAltSuggestion",error,text_area,Ошибка,0,0,0,0,0,0,17,Textarea,TextColumn(wrap),,,,,,,,,,4f53cda18c2baa0c0354bb5f9a3ecbe5ed12ab4d8e11ba873c2f11161202b945,[],"omit from UI unless server-side lifecycle requires it"
2366,203,alt-suggestions,image_alt_suggestions,"App\Models\ImageAltSuggestion",prompt_context,text_area,"Контекст промпта",0,0,0,0,0,0,18,Textarea,TextColumn(wrap),,,,,,,,,,4f53cda18c2baa0c0354bb5f9a3ecbe5ed12ab4d8e11ba873c2f11161202b945,[],"omit from UI unless server-side lifecycle requires it"
2367,203,alt-suggestions,image_alt_suggestions,"App\Models\ImageAltSuggestion",image_hash,hidden,"Хеш изображения",0,0,0,0,0,0,19,"Hidden only when server-owned; otherwise omit","Hidden by default",,,,,,,,,,4f53cda18c2baa0c0354bb5f9a3ecbe5ed12ab4d8e11ba873c2f11161202b945,[],"omit from UI unless server-side lifecycle requires it"
2368,203,alt-suggestions,image_alt_suggestions,"App\Models\ImageAltSuggestion",reviewed_at,timestamp,Проверено,0,0,0,0,0,0,20,"DateTimePicker or read-only Placeholder",TextColumn(dateTime),,,,,,,,,,4f53cda18c2baa0c0354bb5f9a3ecbe5ed12ab4d8e11ba873c2f11161202b945,[],"omit from UI unless server-side lifecycle requires it"
2369,203,alt-suggestions,image_alt_suggestions,"App\Models\ImageAltSuggestion",applied_at,timestamp,Применено,0,0,0,0,0,0,21,"DateTimePicker or read-only Placeholder",TextColumn(dateTime),,,,,,,,,,4f53cda18c2baa0c0354bb5f9a3ecbe5ed12ab4d8e11ba873c2f11161202b945,[],"omit from UI unless server-side lifecycle requires it"
2370,203,alt-suggestions,image_alt_suggestions,"App\Models\ImageAltSuggestion",reviewed_by,hidden,Проверил,0,0,0,0,0,0,22,"Hidden only when server-owned; otherwise omit","Hidden by default",,,,,,,,,,4f53cda18c2baa0c0354bb5f9a3ecbe5ed12ab4d8e11ba873c2f11161202b945,[],"omit from UI unless server-side lifecycle requires it"
2371,203,alt-suggestions,image_alt_suggestions,"App\Models\ImageAltSuggestion",created_at,timestamp,Создано,0,0,0,0,0,0,23,"DateTimePicker or read-only Placeholder",TextColumn(dateTime),,,,,,,,,,4f53cda18c2baa0c0354bb5f9a3ecbe5ed12ab4d8e11ba873c2f11161202b945,[],"omit from UI unless server-side lifecycle requires it"
2372,203,alt-suggestions,image_alt_suggestions,"App\Models\ImageAltSuggestion",updated_at,timestamp,Обновлено,0,0,0,0,0,0,24,"DateTimePicker or read-only Placeholder",TextColumn(dateTime),,,,,,,,,,4f53cda18c2baa0c0354bb5f9a3ecbe5ed12ab4d8e11ba873c2f11161202b945,[],"omit from UI unless server-side lifecycle requires it"
2373,204,seo-meta-suggestions,seo_meta_suggestions,"App\Models\SeoMetaSuggestion",id,hidden,ID,0,0,1,1,1,0,0,"Hidden only when server-owned; otherwise omit","Hidden by default",,,,,,,,,,4f53cda18c2baa0c0354bb5f9a3ecbe5ed12ab4d8e11ba873c2f11161202b945,[],
2374,204,seo-meta-suggestions,seo_meta_suggestions,"App\Models\SeoMetaSuggestion",metaable_type,text,Модель,0,1,1,1,1,0,1,TextInput,TextColumn,,,,,,,,,,4f53cda18c2baa0c0354bb5f9a3ecbe5ed12ab4d8e11ba873c2f11161202b945,[],
2375,204,seo-meta-suggestions,seo_meta_suggestions,"App\Models\SeoMetaSuggestion",metaable_id,number,"ID модели",0,1,1,1,1,0,2,TextInput(numeric),TextColumn(numeric),,,,,,,,,,4f53cda18c2baa0c0354bb5f9a3ecbe5ed12ab4d8e11ba873c2f11161202b945,[],
2376,204,seo-meta-suggestions,seo_meta_suggestions,"App\Models\SeoMetaSuggestion",locale,text,Язык,0,1,1,1,1,0,3,TextInput,TextColumn,,,,,,,,,,4f53cda18c2baa0c0354bb5f9a3ecbe5ed12ab4d8e11ba873c2f11161202b945,[],
2377,204,seo-meta-suggestions,seo_meta_suggestions,"App\Models\SeoMetaSuggestion",page_url,text,"URL страницы",0,1,1,1,1,0,4,TextInput,TextColumn,,,,,,,,,,4f53cda18c2baa0c0354bb5f9a3ecbe5ed12ab4d8e11ba873c2f11161202b945,[],
2378,204,seo-meta-suggestions,seo_meta_suggestions,"App\Models\SeoMetaSuggestion",entity_label,text,"Тип сущности",0,1,1,1,1,0,5,TextInput,TextColumn,,,,,,,,,,4f53cda18c2baa0c0354bb5f9a3ecbe5ed12ab4d8e11ba873c2f11161202b945,[],
2379,204,seo-meta-suggestions,seo_meta_suggestions,"App\Models\SeoMetaSuggestion",entity_title,text,"Название сущности",0,1,1,1,1,0,6,TextInput,TextColumn,,,,,,,,,,4f53cda18c2baa0c0354bb5f9a3ecbe5ed12ab4d8e11ba873c2f11161202b945,[],
2380,204,seo-meta-suggestions,seo_meta_suggestions,"App\Models\SeoMetaSuggestion",seo_keywords,text_area,"Ключевые слова",0,0,1,1,1,0,7,Textarea,TextColumn(wrap),,,,,,,,,,4f53cda18c2baa0c0354bb5f9a3ecbe5ed12ab4d8e11ba873c2f11161202b945,[],
2381,204,seo-meta-suggestions,seo_meta_suggestions,"App\Models\SeoMetaSuggestion",title_field,text,"Поле Meta Title",0,0,1,1,1,0,8,TextInput,TextColumn,,,,,,,,,,4f53cda18c2baa0c0354bb5f9a3ecbe5ed12ab4d8e11ba873c2f11161202b945,[],
2382,204,seo-meta-suggestions,seo_meta_suggestions,"App\Models\SeoMetaSuggestion",description_field,text,"Поле Meta Description",0,0,1,1,1,0,9,TextInput,TextColumn,,,,,,,,,,4f53cda18c2baa0c0354bb5f9a3ecbe5ed12ab4d8e11ba873c2f11161202b945,[],
2383,204,seo-meta-suggestions,seo_meta_suggestions,"App\Models\SeoMetaSuggestion",current_meta_title,text_area,"Текущий Meta Title",0,1,1,1,1,0,10,Textarea,TextColumn(wrap),,,,,,,,,,4f53cda18c2baa0c0354bb5f9a3ecbe5ed12ab4d8e11ba873c2f11161202b945,[],
2384,204,seo-meta-suggestions,seo_meta_suggestions,"App\Models\SeoMetaSuggestion",current_meta_description,text_area,"Текущий Meta Description",0,1,1,1,1,0,11,Textarea,TextColumn(wrap),,,,,,,,,,4f53cda18c2baa0c0354bb5f9a3ecbe5ed12ab4d8e11ba873c2f11161202b945,[],
2385,204,seo-meta-suggestions,seo_meta_suggestions,"App\Models\SeoMetaSuggestion",suggested_meta_title,text_area,"Предложенный Meta Title",0,1,1,1,1,0,12,Textarea,TextColumn(wrap),,,,,,,,,,4f53cda18c2baa0c0354bb5f9a3ecbe5ed12ab4d8e11ba873c2f11161202b945,[],
2386,204,seo-meta-suggestions,seo_meta_suggestions,"App\Models\SeoMetaSuggestion",suggested_meta_description,text_area,"Предложенный Meta Description",0,1,1,1,1,0,13,Textarea,TextColumn(wrap),,,,,,,,,,4f53cda18c2baa0c0354bb5f9a3ecbe5ed12ab4d8e11ba873c2f11161202b945,[],
2387,204,seo-meta-suggestions,seo_meta_suggestions,"App\Models\SeoMetaSuggestion",approved_meta_title,text_area,"Одобренный Meta Title",0,0,1,1,1,0,14,Textarea,TextColumn(wrap),,,,,,,,,,4f53cda18c2baa0c0354bb5f9a3ecbe5ed12ab4d8e11ba873c2f11161202b945,[],
2388,204,seo-meta-suggestions,seo_meta_suggestions,"App\Models\SeoMetaSuggestion",approved_meta_description,text_area,"Одобренный Meta Description",0,0,1,1,1,0,15,Textarea,TextColumn(wrap),,,,,,,,,,4f53cda18c2baa0c0354bb5f9a3ecbe5ed12ab4d8e11ba873c2f11161202b945,[],
2389,204,seo-meta-suggestions,seo_meta_suggestions,"App\Models\SeoMetaSuggestion",status,select_dropdown,Статус,0,1,1,1,1,0,16,"Select with explicit options",TextColumn/badge,,,,,,,,,"{""new"":""Новая"",""generated"":""Сгенерирована"",""pending"":""Ожидает проверки"",""approved"":""Одобрена"",""applied"":""Применена"",""rejected"":""Отклонена"",""failed"":""Ошибка""}",ca380ea4a5aa40413e0bb0b974157cf4eb8891d4de1b6cdb37786577d976d5ae,"{""default"":""new"",""options"":{""new"":""Новая"",""generated"":""Сгенерирована"",""pending"":""Ожидает проверки"",""approved"":""Одобрена"",""applied"":""Применена"",""rejected"":""Отклонена"",""failed"":""Ошибка""}}",
2390,204,seo-meta-suggestions,seo_meta_suggestions,"App\Models\SeoMetaSuggestion",prompt_context,text_area,"Контекст промпта",0,0,1,1,1,0,17,Textarea,TextColumn(wrap),,,,,,,,,,4f53cda18c2baa0c0354bb5f9a3ecbe5ed12ab4d8e11ba873c2f11161202b945,[],
2391,204,seo-meta-suggestions,seo_meta_suggestions,"App\Models\SeoMetaSuggestion",model,text,"Модель OpenAI",0,1,1,1,1,0,18,TextInput,TextColumn,,,,,,,,,,4f53cda18c2baa0c0354bb5f9a3ecbe5ed12ab4d8e11ba873c2f11161202b945,[],
2392,204,seo-meta-suggestions,seo_meta_suggestions,"App\Models\SeoMetaSuggestion",tokens_used,number,Токены,0,0,1,1,1,0,19,TextInput(numeric),TextColumn(numeric),,,,,,,,,,4f53cda18c2baa0c0354bb5f9a3ecbe5ed12ab4d8e11ba873c2f11161202b945,[],
2393,204,seo-meta-suggestions,seo_meta_suggestions,"App\Models\SeoMetaSuggestion",error,text_area,Ошибка,0,0,1,1,1,0,20,Textarea,TextColumn(wrap),,,,,,,,,,4f53cda18c2baa0c0354bb5f9a3ecbe5ed12ab4d8e11ba873c2f11161202b945,[],
2394,204,seo-meta-suggestions,seo_meta_suggestions,"App\Models\SeoMetaSuggestion",generated_at,timestamp,Сгенерировано,0,1,1,1,1,0,21,"DateTimePicker or read-only Placeholder",TextColumn(dateTime),,,,,,,,,,4f53cda18c2baa0c0354bb5f9a3ecbe5ed12ab4d8e11ba873c2f11161202b945,[],
2395,204,seo-meta-suggestions,seo_meta_suggestions,"App\Models\SeoMetaSuggestion",reviewed_at,timestamp,Проверено,0,0,1,1,1,0,22,"DateTimePicker or read-only Placeholder",TextColumn(dateTime),,,,,,,,,,4f53cda18c2baa0c0354bb5f9a3ecbe5ed12ab4d8e11ba873c2f11161202b945,[],
2396,204,seo-meta-suggestions,seo_meta_suggestions,"App\Models\SeoMetaSuggestion",reviewed_by,hidden,Проверил,0,0,1,1,1,0,23,"Hidden only when server-owned; otherwise omit","Hidden by default",,,,,,,,,,4f53cda18c2baa0c0354bb5f9a3ecbe5ed12ab4d8e11ba873c2f11161202b945,[],
2397,204,seo-meta-suggestions,seo_meta_suggestions,"App\Models\SeoMetaSuggestion",applied_at,timestamp,Применено,0,0,1,1,1,0,24,"DateTimePicker or read-only Placeholder",TextColumn(dateTime),,,,,,,,,,4f53cda18c2baa0c0354bb5f9a3ecbe5ed12ab4d8e11ba873c2f11161202b945,[],
2398,204,seo-meta-suggestions,seo_meta_suggestions,"App\Models\SeoMetaSuggestion",applied_by,hidden,Применил,0,0,1,1,1,0,25,"Hidden only when server-owned; otherwise omit","Hidden by default",,,,,,,,,,4f53cda18c2baa0c0354bb5f9a3ecbe5ed12ab4d8e11ba873c2f11161202b945,[],
2399,204,seo-meta-suggestions,seo_meta_suggestions,"App\Models\SeoMetaSuggestion",created_at,timestamp,Создано,0,0,1,1,1,0,26,"DateTimePicker or read-only Placeholder",TextColumn(dateTime),,,,,,,,,,4f53cda18c2baa0c0354bb5f9a3ecbe5ed12ab4d8e11ba873c2f11161202b945,[],
2400,204,seo-meta-suggestions,seo_meta_suggestions,"App\Models\SeoMetaSuggestion",updated_at,timestamp,Обновлено,0,0,1,1,1,0,27,"DateTimePicker or read-only Placeholder",TextColumn(dateTime),,,,,,,,,,4f53cda18c2baa0c0354bb5f9a3ecbe5ed12ab4d8e11ba873c2f11161202b945,[],
