permission_id,legacy_key,legacy_table_name,proposed_ability,assigned_role_ids,assigned_role_names,assignment_count,target_scope,authorization_contract,migration_status,required_test
1,browse_admin,,viewAny,1|4|5|6|7|8,"admin|manager|Admin 2|printing|lite_manager|seo_manager",6,"Custom action/page ability","Map exact legacy assignment to Policy/Action ability; canAccessPanel is an additional perimeter; deny unknown roles/actions",ready_for_role_matrix_test,"For each of 8 roles: navigation visibility + direct URL + table query scope + record action + Livewire request"
2,browse_bread,,viewAny,1|4|5|8,"admin|manager|Admin 2|seo_manager",4,"Custom action/page ability","Map exact legacy assignment to Policy/Action ability; canAccessPanel is an additional perimeter; deny unknown roles/actions",ready_for_role_matrix_test,"For each of 8 roles: navigation visibility + direct URL + table query scope + record action + Livewire request"
3,browse_database,,viewAny,1|4|5|8,"admin|manager|Admin 2|seo_manager",4,"Custom action/page ability","Map exact legacy assignment to Policy/Action ability; canAccessPanel is an additional perimeter; deny unknown roles/actions",ready_for_role_matrix_test,"For each of 8 roles: navigation visibility + direct URL + table query scope + record action + Livewire request"
4,browse_media,,viewAny,1|4|5|8,"admin|manager|Admin 2|seo_manager",4,"Custom action/page ability","Map exact legacy assignment to Policy/Action ability; canAccessPanel is an additional perimeter; deny unknown roles/actions",ready_for_role_matrix_test,"For each of 8 roles: navigation visibility + direct URL + table query scope + record action + Livewire request"
5,browse_compass,,viewAny,1|4|5|8,"admin|manager|Admin 2|seo_manager",4,"Custom action/page ability","Map exact legacy assignment to Policy/Action ability; canAccessPanel is an additional perimeter; deny unknown roles/actions",ready_for_role_matrix_test,"For each of 8 roles: navigation visibility + direct URL + table query scope + record action + Livewire request"
6,browse_menus,menus,viewAny,1|4|5|8,"admin|manager|Admin 2|seo_manager",4,"App\Filament\Clusters\Content\Resources\MenusResource","Map exact legacy assignment to Policy/Action ability; canAccessPanel is an additional perimeter; deny unknown roles/actions",ready_for_role_matrix_test,"For each of 8 roles: navigation visibility + direct URL + table query scope + record action + Livewire request"
7,read_menus,menus,view,1|4|5|8,"admin|manager|Admin 2|seo_manager",4,"App\Filament\Clusters\Content\Resources\MenusResource","Map exact legacy assignment to Policy/Action ability; canAccessPanel is an additional perimeter; deny unknown roles/actions",ready_for_role_matrix_test,"For each of 8 roles: navigation visibility + direct URL + table query scope + record action + Livewire request"
8,edit_menus,menus,update,1|4|5|8,"admin|manager|Admin 2|seo_manager",4,"App\Filament\Clusters\Content\Resources\MenusResource","Map exact legacy assignment to Policy/Action ability; canAccessPanel is an additional perimeter; deny unknown roles/actions",ready_for_role_matrix_test,"For each of 8 roles: navigation visibility + direct URL + table query scope + record action + Livewire request"
9,add_menus,menus,create,1|4|5|8,"admin|manager|Admin 2|seo_manager",4,"App\Filament\Clusters\Content\Resources\MenusResource","Map exact legacy assignment to Policy/Action ability; canAccessPanel is an additional perimeter; deny unknown roles/actions",ready_for_role_matrix_test,"For each of 8 roles: navigation visibility + direct URL + table query scope + record action + Livewire request"
10,delete_menus,menus,delete,1|4|8,admin|manager|seo_manager,3,"App\Filament\Clusters\Content\Resources\MenusResource","Map exact legacy assignment to Policy/Action ability; canAccessPanel is an additional perimeter; deny unknown roles/actions",ready_for_role_matrix_test,"For each of 8 roles: navigation visibility + direct URL + table query scope + record action + Livewire request"
11,browse_roles,roles,viewAny,1|4|5,"admin|manager|Admin 2",3,"App\Filament\Clusters\Access\Resources\RoleResource","Map exact legacy assignment to Policy/Action ability; canAccessPanel is an additional perimeter; deny unknown roles/actions",ready_for_role_matrix_test,"For each of 8 roles: navigation visibility + direct URL + table query scope + record action + Livewire request"
12,read_roles,roles,view,1|4|5,"admin|manager|Admin 2",3,"App\Filament\Clusters\Access\Resources\RoleResource","Map exact legacy assignment to Policy/Action ability; canAccessPanel is an additional perimeter; deny unknown roles/actions",ready_for_role_matrix_test,"For each of 8 roles: navigation visibility + direct URL + table query scope + record action + Livewire request"
13,edit_roles,roles,update,1|4|5,"admin|manager|Admin 2",3,"App\Filament\Clusters\Access\Resources\RoleResource","Map exact legacy assignment to Policy/Action ability; canAccessPanel is an additional perimeter; deny unknown roles/actions",ready_for_role_matrix_test,"For each of 8 roles: navigation visibility + direct URL + table query scope + record action + Livewire request"
14,add_roles,roles,create,1|4|5,"admin|manager|Admin 2",3,"App\Filament\Clusters\Access\Resources\RoleResource","Map exact legacy assignment to Policy/Action ability; canAccessPanel is an additional perimeter; deny unknown roles/actions",ready_for_role_matrix_test,"For each of 8 roles: navigation visibility + direct URL + table query scope + record action + Livewire request"
15,delete_roles,roles,delete,1|4,admin|manager,2,"App\Filament\Clusters\Access\Resources\RoleResource","Map exact legacy assignment to Policy/Action ability; canAccessPanel is an additional perimeter; deny unknown roles/actions",ready_for_role_matrix_test,"For each of 8 roles: navigation visibility + direct URL + table query scope + record action + Livewire request"
16,browse_users,users,viewAny,1|4|5|6|7,"admin|manager|Admin 2|printing|lite_manager",5,"App\Filament\Clusters\Access\Resources\UserResource","Map exact legacy assignment to Policy/Action ability; canAccessPanel is an additional perimeter; deny unknown roles/actions",ready_for_role_matrix_test,"For each of 8 roles: navigation visibility + direct URL + table query scope + record action + Livewire request"
17,read_users,users,view,1|4|6|7,admin|manager|printing|lite_manager,4,"App\Filament\Clusters\Access\Resources\UserResource","Map exact legacy assignment to Policy/Action ability; canAccessPanel is an additional perimeter; deny unknown roles/actions",ready_for_role_matrix_test,"For each of 8 roles: navigation visibility + direct URL + table query scope + record action + Livewire request"
18,edit_users,users,update,1|4|5|6|7,"admin|manager|Admin 2|printing|lite_manager",5,"App\Filament\Clusters\Access\Resources\UserResource","Map exact legacy assignment to Policy/Action ability; canAccessPanel is an additional perimeter; deny unknown roles/actions",ready_for_role_matrix_test,"For each of 8 roles: navigation visibility + direct URL + table query scope + record action + Livewire request"
19,add_users,users,create,1|4|5|7,"admin|manager|Admin 2|lite_manager",4,"App\Filament\Clusters\Access\Resources\UserResource","Map exact legacy assignment to Policy/Action ability; canAccessPanel is an additional perimeter; deny unknown roles/actions",ready_for_role_matrix_test,"For each of 8 roles: navigation visibility + direct URL + table query scope + record action + Livewire request"
20,delete_users,users,delete,1|4|7,admin|manager|lite_manager,3,"App\Filament\Clusters\Access\Resources\UserResource","Map exact legacy assignment to Policy/Action ability; canAccessPanel is an additional perimeter; deny unknown roles/actions",ready_for_role_matrix_test,"For each of 8 roles: navigation visibility + direct URL + table query scope + record action + Livewire request"
21,browse_settings,settings,viewAny,1|4|5|8,"admin|manager|Admin 2|seo_manager",4,"Custom action/page ability","Map exact legacy assignment to Policy/Action ability; canAccessPanel is an additional perimeter; deny unknown roles/actions",ready_for_role_matrix_test,"For each of 8 roles: navigation visibility + direct URL + table query scope + record action + Livewire request"
22,read_settings,settings,view,1|4|5|8,"admin|manager|Admin 2|seo_manager",4,"Custom action/page ability","Map exact legacy assignment to Policy/Action ability; canAccessPanel is an additional perimeter; deny unknown roles/actions",ready_for_role_matrix_test,"For each of 8 roles: navigation visibility + direct URL + table query scope + record action + Livewire request"
23,edit_settings,settings,update,1|4|5|8,"admin|manager|Admin 2|seo_manager",4,"Custom action/page ability","Map exact legacy assignment to Policy/Action ability; canAccessPanel is an additional perimeter; deny unknown roles/actions",ready_for_role_matrix_test,"For each of 8 roles: navigation visibility + direct URL + table query scope + record action + Livewire request"
24,add_settings,settings,create,1|4|5|8,"admin|manager|Admin 2|seo_manager",4,"Custom action/page ability","Map exact legacy assignment to Policy/Action ability; canAccessPanel is an additional perimeter; deny unknown roles/actions",ready_for_role_matrix_test,"For each of 8 roles: navigation visibility + direct URL + table query scope + record action + Livewire request"
25,delete_settings,settings,delete,1|4|8,admin|manager|seo_manager,3,"Custom action/page ability","Map exact legacy assignment to Policy/Action ability; canAccessPanel is an additional perimeter; deny unknown roles/actions",ready_for_role_matrix_test,"For each of 8 roles: navigation visibility + direct URL + table query scope + record action + Livewire request"
26,browse_hooks,,viewAny,1|4|5|8,"admin|manager|Admin 2|seo_manager",4,"Custom action/page ability","Map exact legacy assignment to Policy/Action ability; canAccessPanel is an additional perimeter; deny unknown roles/actions",ready_for_role_matrix_test,"For each of 8 roles: navigation visibility + direct URL + table query scope + record action + Livewire request"
32,browse_locales,locales,viewAny,1|4|5|8,"admin|manager|Admin 2|seo_manager",4,"App\Filament\Clusters\Translations\Pages\LocaleManager","Map exact legacy assignment to Policy/Action ability; canAccessPanel is an additional perimeter; deny unknown roles/actions",ready_for_role_matrix_test,"For each of 8 roles: navigation visibility + direct URL + table query scope + record action + Livewire request"
33,read_locales,locales,view,1|4|5|8,"admin|manager|Admin 2|seo_manager",4,"App\Filament\Clusters\Translations\Pages\LocaleManager","Map exact legacy assignment to Policy/Action ability; canAccessPanel is an additional perimeter; deny unknown roles/actions",ready_for_role_matrix_test,"For each of 8 roles: navigation visibility + direct URL + table query scope + record action + Livewire request"
34,edit_locales,locales,update,1|4|5|8,"admin|manager|Admin 2|seo_manager",4,"App\Filament\Clusters\Translations\Pages\LocaleManager","Map exact legacy assignment to Policy/Action ability; canAccessPanel is an additional perimeter; deny unknown roles/actions",ready_for_role_matrix_test,"For each of 8 roles: navigation visibility + direct URL + table query scope + record action + Livewire request"
35,add_locales,locales,create,1|4|5|8,"admin|manager|Admin 2|seo_manager",4,"App\Filament\Clusters\Translations\Pages\LocaleManager","Map exact legacy assignment to Policy/Action ability; canAccessPanel is an additional perimeter; deny unknown roles/actions",ready_for_role_matrix_test,"For each of 8 roles: navigation visibility + direct URL + table query scope + record action + Livewire request"
36,delete_locales,locales,delete,1|4|8,admin|manager|seo_manager,3,"App\Filament\Clusters\Translations\Pages\LocaleManager","Map exact legacy assignment to Policy/Action ability; canAccessPanel is an additional perimeter; deny unknown roles/actions",ready_for_role_matrix_test,"For each of 8 roles: navigation visibility + direct URL + table query scope + record action + Livewire request"
37,browse_pages,pages,viewAny,1|4|5|8,"admin|manager|Admin 2|seo_manager",4,"App\Filament\Clusters\Content\Resources\PagesResource","Map exact legacy assignment to Policy/Action ability; canAccessPanel is an additional perimeter; deny unknown roles/actions",ready_for_role_matrix_test,"For each of 8 roles: navigation visibility + direct URL + table query scope + record action + Livewire request"
38,read_pages,pages,view,1|4|5|8,"admin|manager|Admin 2|seo_manager",4,"App\Filament\Clusters\Content\Resources\PagesResource","Map exact legacy assignment to Policy/Action ability; canAccessPanel is an additional perimeter; deny unknown roles/actions",ready_for_role_matrix_test,"For each of 8 roles: navigation visibility + direct URL + table query scope + record action + Livewire request"
39,edit_pages,pages,update,1|4|5|8,"admin|manager|Admin 2|seo_manager",4,"App\Filament\Clusters\Content\Resources\PagesResource","Map exact legacy assignment to Policy/Action ability; canAccessPanel is an additional perimeter; deny unknown roles/actions",ready_for_role_matrix_test,"For each of 8 roles: navigation visibility + direct URL + table query scope + record action + Livewire request"
40,add_pages,pages,create,1|4|5|8,"admin|manager|Admin 2|seo_manager",4,"App\Filament\Clusters\Content\Resources\PagesResource","Map exact legacy assignment to Policy/Action ability; canAccessPanel is an additional perimeter; deny unknown roles/actions",ready_for_role_matrix_test,"For each of 8 roles: navigation visibility + direct URL + table query scope + record action + Livewire request"
41,delete_pages,pages,delete,1|4|8,admin|manager|seo_manager,3,"App\Filament\Clusters\Content\Resources\PagesResource","Map exact legacy assignment to Policy/Action ability; canAccessPanel is an additional perimeter; deny unknown roles/actions",ready_for_role_matrix_test,"For each of 8 roles: navigation visibility + direct URL + table query scope + record action + Livewire request"
42,browse_gallery_types,gallery_types,viewAny,1|4|5|8,"admin|manager|Admin 2|seo_manager",4,"App\Filament\Clusters\Catalog\Resources\GalleryTypesResource","Map exact legacy assignment to Policy/Action ability; canAccessPanel is an additional perimeter; deny unknown roles/actions",ready_for_role_matrix_test,"For each of 8 roles: navigation visibility + direct URL + table query scope + record action + Livewire request"
43,read_gallery_types,gallery_types,view,1|4|5|8,"admin|manager|Admin 2|seo_manager",4,"App\Filament\Clusters\Catalog\Resources\GalleryTypesResource","Map exact legacy assignment to Policy/Action ability; canAccessPanel is an additional perimeter; deny unknown roles/actions",ready_for_role_matrix_test,"For each of 8 roles: navigation visibility + direct URL + table query scope + record action + Livewire request"
44,edit_gallery_types,gallery_types,update,1|4|8,admin|manager|seo_manager,3,"App\Filament\Clusters\Catalog\Resources\GalleryTypesResource","Map exact legacy assignment to Policy/Action ability; canAccessPanel is an additional perimeter; deny unknown roles/actions",ready_for_role_matrix_test,"For each of 8 roles: navigation visibility + direct URL + table query scope + record action + Livewire request"
45,add_gallery_types,gallery_types,create,1|4|5|8,"admin|manager|Admin 2|seo_manager",4,"App\Filament\Clusters\Catalog\Resources\GalleryTypesResource","Map exact legacy assignment to Policy/Action ability; canAccessPanel is an additional perimeter; deny unknown roles/actions",ready_for_role_matrix_test,"For each of 8 roles: navigation visibility + direct URL + table query scope + record action + Livewire request"
46,delete_gallery_types,gallery_types,delete,4|8,manager|seo_manager,2,"App\Filament\Clusters\Catalog\Resources\GalleryTypesResource","Map exact legacy assignment to Policy/Action ability; canAccessPanel is an additional perimeter; deny unknown roles/actions",ready_for_role_matrix_test,"For each of 8 roles: navigation visibility + direct URL + table query scope + record action + Livewire request"
47,browse_gallery_categories,gallery_categories,viewAny,1|4|5|8,"admin|manager|Admin 2|seo_manager",4,"App\Filament\Clusters\Catalog\Resources\GalleryCategoriesResource","Map exact legacy assignment to Policy/Action ability; canAccessPanel is an additional perimeter; deny unknown roles/actions",ready_for_role_matrix_test,"For each of 8 roles: navigation visibility + direct URL + table query scope + record action + Livewire request"
48,read_gallery_categories,gallery_categories,view,1|4|5|8,"admin|manager|Admin 2|seo_manager",4,"App\Filament\Clusters\Catalog\Resources\GalleryCategoriesResource","Map exact legacy assignment to Policy/Action ability; canAccessPanel is an additional perimeter; deny unknown roles/actions",ready_for_role_matrix_test,"For each of 8 roles: navigation visibility + direct URL + table query scope + record action + Livewire request"
49,edit_gallery_categories,gallery_categories,update,1|4|8,admin|manager|seo_manager,3,"App\Filament\Clusters\Catalog\Resources\GalleryCategoriesResource","Map exact legacy assignment to Policy/Action ability; canAccessPanel is an additional perimeter; deny unknown roles/actions",ready_for_role_matrix_test,"For each of 8 roles: navigation visibility + direct URL + table query scope + record action + Livewire request"
50,add_gallery_categories,gallery_categories,create,1|4|5|8,"admin|manager|Admin 2|seo_manager",4,"App\Filament\Clusters\Catalog\Resources\GalleryCategoriesResource","Map exact legacy assignment to Policy/Action ability; canAccessPanel is an additional perimeter; deny unknown roles/actions",ready_for_role_matrix_test,"For each of 8 roles: navigation visibility + direct URL + table query scope + record action + Livewire request"
51,delete_gallery_categories,gallery_categories,delete,1|4|8,admin|manager|seo_manager,3,"App\Filament\Clusters\Catalog\Resources\GalleryCategoriesResource","Map exact legacy assignment to Policy/Action ability; canAccessPanel is an additional perimeter; deny unknown roles/actions",ready_for_role_matrix_test,"For each of 8 roles: navigation visibility + direct URL + table query scope + record action + Livewire request"
52,browse_gallery_sizes,gallery_sizes,viewAny,1|4|5|8,"admin|manager|Admin 2|seo_manager",4,"App\Filament\Clusters\Catalog\Resources\GallerySizesResource","Map exact legacy assignment to Policy/Action ability; canAccessPanel is an additional perimeter; deny unknown roles/actions",ready_for_role_matrix_test,"For each of 8 roles: navigation visibility + direct URL + table query scope + record action + Livewire request"
53,read_gallery_sizes,gallery_sizes,view,1|4|5|8,"admin|manager|Admin 2|seo_manager",4,"App\Filament\Clusters\Catalog\Resources\GallerySizesResource","Map exact legacy assignment to Policy/Action ability; canAccessPanel is an additional perimeter; deny unknown roles/actions",ready_for_role_matrix_test,"For each of 8 roles: navigation visibility + direct URL + table query scope + record action + Livewire request"
54,edit_gallery_sizes,gallery_sizes,update,1|4|8,admin|manager|seo_manager,3,"App\Filament\Clusters\Catalog\Resources\GallerySizesResource","Map exact legacy assignment to Policy/Action ability; canAccessPanel is an additional perimeter; deny unknown roles/actions",ready_for_role_matrix_test,"For each of 8 roles: navigation visibility + direct URL + table query scope + record action + Livewire request"
55,add_gallery_sizes,gallery_sizes,create,1|4|5|8,"admin|manager|Admin 2|seo_manager",4,"App\Filament\Clusters\Catalog\Resources\GallerySizesResource","Map exact legacy assignment to Policy/Action ability; canAccessPanel is an additional perimeter; deny unknown roles/actions",ready_for_role_matrix_test,"For each of 8 roles: navigation visibility + direct URL + table query scope + record action + Livewire request"
56,delete_gallery_sizes,gallery_sizes,delete,1|4|8,admin|manager|seo_manager,3,"App\Filament\Clusters\Catalog\Resources\GallerySizesResource","Map exact legacy assignment to Policy/Action ability; canAccessPanel is an additional perimeter; deny unknown roles/actions",ready_for_role_matrix_test,"For each of 8 roles: navigation visibility + direct URL + table query scope + record action + Livewire request"
57,browse_gallery_holsts,gallery_holsts,viewAny,1|4|5|8,"admin|manager|Admin 2|seo_manager",4,"App\Filament\Clusters\Catalog\Resources\GalleryHolstsResource","Map exact legacy assignment to Policy/Action ability; canAccessPanel is an additional perimeter; deny unknown roles/actions",ready_for_role_matrix_test,"For each of 8 roles: navigation visibility + direct URL + table query scope + record action + Livewire request"
58,read_gallery_holsts,gallery_holsts,view,1|4|5|8,"admin|manager|Admin 2|seo_manager",4,"App\Filament\Clusters\Catalog\Resources\GalleryHolstsResource","Map exact legacy assignment to Policy/Action ability; canAccessPanel is an additional perimeter; deny unknown roles/actions",ready_for_role_matrix_test,"For each of 8 roles: navigation visibility + direct URL + table query scope + record action + Livewire request"
59,edit_gallery_holsts,gallery_holsts,update,1|4|8,admin|manager|seo_manager,3,"App\Filament\Clusters\Catalog\Resources\GalleryHolstsResource","Map exact legacy assignment to Policy/Action ability; canAccessPanel is an additional perimeter; deny unknown roles/actions",ready_for_role_matrix_test,"For each of 8 roles: navigation visibility + direct URL + table query scope + record action + Livewire request"
60,add_gallery_holsts,gallery_holsts,create,1|4|5|8,"admin|manager|Admin 2|seo_manager",4,"App\Filament\Clusters\Catalog\Resources\GalleryHolstsResource","Map exact legacy assignment to Policy/Action ability; canAccessPanel is an additional perimeter; deny unknown roles/actions",ready_for_role_matrix_test,"For each of 8 roles: navigation visibility + direct URL + table query scope + record action + Livewire request"
61,delete_gallery_holsts,gallery_holsts,delete,1|4|8,admin|manager|seo_manager,3,"App\Filament\Clusters\Catalog\Resources\GalleryHolstsResource","Map exact legacy assignment to Policy/Action ability; canAccessPanel is an additional perimeter; deny unknown roles/actions",ready_for_role_matrix_test,"For each of 8 roles: navigation visibility + direct URL + table query scope + record action + Livewire request"
62,browse_gallery_boxes,gallery_boxes,viewAny,1|4|5|8,"admin|manager|Admin 2|seo_manager",4,"App\Filament\Clusters\Catalog\Resources\GalleryBoxesResource","Map exact legacy assignment to Policy/Action ability; canAccessPanel is an additional perimeter; deny unknown roles/actions",ready_for_role_matrix_test,"For each of 8 roles: navigation visibility + direct URL + table query scope + record action + Livewire request"
63,read_gallery_boxes,gallery_boxes,view,1|4|5|8,"admin|manager|Admin 2|seo_manager",4,"App\Filament\Clusters\Catalog\Resources\GalleryBoxesResource","Map exact legacy assignment to Policy/Action ability; canAccessPanel is an additional perimeter; deny unknown roles/actions",ready_for_role_matrix_test,"For each of 8 roles: navigation visibility + direct URL + table query scope + record action + Livewire request"
64,edit_gallery_boxes,gallery_boxes,update,1|4|8,admin|manager|seo_manager,3,"App\Filament\Clusters\Catalog\Resources\GalleryBoxesResource","Map exact legacy assignment to Policy/Action ability; canAccessPanel is an additional perimeter; deny unknown roles/actions",ready_for_role_matrix_test,"For each of 8 roles: navigation visibility + direct URL + table query scope + record action + Livewire request"
65,add_gallery_boxes,gallery_boxes,create,1|4|5|8,"admin|manager|Admin 2|seo_manager",4,"App\Filament\Clusters\Catalog\Resources\GalleryBoxesResource","Map exact legacy assignment to Policy/Action ability; canAccessPanel is an additional perimeter; deny unknown roles/actions",ready_for_role_matrix_test,"For each of 8 roles: navigation visibility + direct URL + table query scope + record action + Livewire request"
66,delete_gallery_boxes,gallery_boxes,delete,1|4|8,admin|manager|seo_manager,3,"App\Filament\Clusters\Catalog\Resources\GalleryBoxesResource","Map exact legacy assignment to Policy/Action ability; canAccessPanel is an additional perimeter; deny unknown roles/actions",ready_for_role_matrix_test,"For each of 8 roles: navigation visibility + direct URL + table query scope + record action + Livewire request"
67,browse_gallery_tag_rooms,gallery_tag_rooms,viewAny,1|4|5|8,"admin|manager|Admin 2|seo_manager",4,"App\Filament\Clusters\Catalog\Resources\GalleryTagRoomsResource","Map exact legacy assignment to Policy/Action ability; canAccessPanel is an additional perimeter; deny unknown roles/actions",ready_for_role_matrix_test,"For each of 8 roles: navigation visibility + direct URL + table query scope + record action + Livewire request"
68,read_gallery_tag_rooms,gallery_tag_rooms,view,1|4|5|8,"admin|manager|Admin 2|seo_manager",4,"App\Filament\Clusters\Catalog\Resources\GalleryTagRoomsResource","Map exact legacy assignment to Policy/Action ability; canAccessPanel is an additional perimeter; deny unknown roles/actions",ready_for_role_matrix_test,"For each of 8 roles: navigation visibility + direct URL + table query scope + record action + Livewire request"
69,edit_gallery_tag_rooms,gallery_tag_rooms,update,1|4|8,admin|manager|seo_manager,3,"App\Filament\Clusters\Catalog\Resources\GalleryTagRoomsResource","Map exact legacy assignment to Policy/Action ability; canAccessPanel is an additional perimeter; deny unknown roles/actions",ready_for_role_matrix_test,"For each of 8 roles: navigation visibility + direct URL + table query scope + record action + Livewire request"
70,add_gallery_tag_rooms,gallery_tag_rooms,create,1|4|5|8,"admin|manager|Admin 2|seo_manager",4,"App\Filament\Clusters\Catalog\Resources\GalleryTagRoomsResource","Map exact legacy assignment to Policy/Action ability; canAccessPanel is an additional perimeter; deny unknown roles/actions",ready_for_role_matrix_test,"For each of 8 roles: navigation visibility + direct URL + table query scope + record action + Livewire request"
71,delete_gallery_tag_rooms,gallery_tag_rooms,delete,1|4|8,admin|manager|seo_manager,3,"App\Filament\Clusters\Catalog\Resources\GalleryTagRoomsResource","Map exact legacy assignment to Policy/Action ability; canAccessPanel is an additional perimeter; deny unknown roles/actions",ready_for_role_matrix_test,"For each of 8 roles: navigation visibility + direct URL + table query scope + record action + Livewire request"
72,browse_gallery_tag_colors,gallery_tag_colors,viewAny,1|4|5|8,"admin|manager|Admin 2|seo_manager",4,"App\Filament\Clusters\Catalog\Resources\GalleryTagColorsResource","Map exact legacy assignment to Policy/Action ability; canAccessPanel is an additional perimeter; deny unknown roles/actions",ready_for_role_matrix_test,"For each of 8 roles: navigation visibility + direct URL + table query scope + record action + Livewire request"
73,read_gallery_tag_colors,gallery_tag_colors,view,1|4|5|8,"admin|manager|Admin 2|seo_manager",4,"App\Filament\Clusters\Catalog\Resources\GalleryTagColorsResource","Map exact legacy assignment to Policy/Action ability; canAccessPanel is an additional perimeter; deny unknown roles/actions",ready_for_role_matrix_test,"For each of 8 roles: navigation visibility + direct URL + table query scope + record action + Livewire request"
74,edit_gallery_tag_colors,gallery_tag_colors,update,1|4|8,admin|manager|seo_manager,3,"App\Filament\Clusters\Catalog\Resources\GalleryTagColorsResource","Map exact legacy assignment to Policy/Action ability; canAccessPanel is an additional perimeter; deny unknown roles/actions",ready_for_role_matrix_test,"For each of 8 roles: navigation visibility + direct URL + table query scope + record action + Livewire request"
75,add_gallery_tag_colors,gallery_tag_colors,create,1|4|5|8,"admin|manager|Admin 2|seo_manager",4,"App\Filament\Clusters\Catalog\Resources\GalleryTagColorsResource","Map exact legacy assignment to Policy/Action ability; canAccessPanel is an additional perimeter; deny unknown roles/actions",ready_for_role_matrix_test,"For each of 8 roles: navigation visibility + direct URL + table query scope + record action + Livewire request"
76,delete_gallery_tag_colors,gallery_tag_colors,delete,1|4|8,admin|manager|seo_manager,3,"App\Filament\Clusters\Catalog\Resources\GalleryTagColorsResource","Map exact legacy assignment to Policy/Action ability; canAccessPanel is an additional perimeter; deny unknown roles/actions",ready_for_role_matrix_test,"For each of 8 roles: navigation visibility + direct URL + table query scope + record action + Livewire request"
77,browse_gallery_items,gallery_items,viewAny,1|4|5|8,"admin|manager|Admin 2|seo_manager",4,"App\Filament\Clusters\Catalog\Resources\GalleryItemsResource","Map exact legacy assignment to Policy/Action ability; canAccessPanel is an additional perimeter; deny unknown roles/actions",ready_for_role_matrix_test,"For each of 8 roles: navigation visibility + direct URL + table query scope + record action + Livewire request"
78,read_gallery_items,gallery_items,view,1|4|5|8,"admin|manager|Admin 2|seo_manager",4,"App\Filament\Clusters\Catalog\Resources\GalleryItemsResource","Map exact legacy assignment to Policy/Action ability; canAccessPanel is an additional perimeter; deny unknown roles/actions",ready_for_role_matrix_test,"For each of 8 roles: navigation visibility + direct URL + table query scope + record action + Livewire request"
79,edit_gallery_items,gallery_items,update,1|4|8,admin|manager|seo_manager,3,"App\Filament\Clusters\Catalog\Resources\GalleryItemsResource","Map exact legacy assignment to Policy/Action ability; canAccessPanel is an additional perimeter; deny unknown roles/actions",ready_for_role_matrix_test,"For each of 8 roles: navigation visibility + direct URL + table query scope + record action + Livewire request"
80,add_gallery_items,gallery_items,create,1|4|5|8,"admin|manager|Admin 2|seo_manager",4,"App\Filament\Clusters\Catalog\Resources\GalleryItemsResource","Map exact legacy assignment to Policy/Action ability; canAccessPanel is an additional perimeter; deny unknown roles/actions",ready_for_role_matrix_test,"For each of 8 roles: navigation visibility + direct URL + table query scope + record action + Livewire request"
81,delete_gallery_items,gallery_items,delete,1|4|8,admin|manager|seo_manager,3,"App\Filament\Clusters\Catalog\Resources\GalleryItemsResource","Map exact legacy assignment to Policy/Action ability; canAccessPanel is an additional perimeter; deny unknown roles/actions",ready_for_role_matrix_test,"For each of 8 roles: navigation visibility + direct URL + table query scope + record action + Livewire request"
82,browse_orders,orders,viewAny,1|4|6|7,admin|manager|printing|lite_manager,4,"App\Filament\Clusters\Crm\Resources\OrderResource","Map exact legacy assignment to Policy/Action ability; canAccessPanel is an additional perimeter; deny unknown roles/actions",ready_for_role_matrix_test,"For each of 8 roles: navigation visibility + direct URL + table query scope + record action + Livewire request"
83,read_orders,orders,view,1|4|6|7,admin|manager|printing|lite_manager,4,"App\Filament\Clusters\Crm\Resources\OrderResource","Map exact legacy assignment to Policy/Action ability; canAccessPanel is an additional perimeter; deny unknown roles/actions",ready_for_role_matrix_test,"For each of 8 roles: navigation visibility + direct URL + table query scope + record action + Livewire request"
84,edit_orders,orders,update,1|4|7,admin|manager|lite_manager,3,"App\Filament\Clusters\Crm\Resources\OrderResource","Map exact legacy assignment to Policy/Action ability; canAccessPanel is an additional perimeter; deny unknown roles/actions",ready_for_role_matrix_test,"For each of 8 roles: navigation visibility + direct URL + table query scope + record action + Livewire request"
85,add_orders,orders,create,1|4|7,admin|manager|lite_manager,3,"App\Filament\Clusters\Crm\Resources\OrderResource","Map exact legacy assignment to Policy/Action ability; canAccessPanel is an additional perimeter; deny unknown roles/actions",ready_for_role_matrix_test,"For each of 8 roles: navigation visibility + direct URL + table query scope + record action + Livewire request"
86,delete_orders,orders,delete,1|4|7,admin|manager|lite_manager,3,"App\Filament\Clusters\Crm\Resources\OrderResource","Map exact legacy assignment to Policy/Action ability; canAccessPanel is an additional perimeter; deny unknown roles/actions",ready_for_role_matrix_test,"For each of 8 roles: navigation visibility + direct URL + table query scope + record action + Livewire request"
92,browse_gallery_decorations,gallery_decorations,viewAny,1|4|5|8,"admin|manager|Admin 2|seo_manager",4,"App\Filament\Clusters\Catalog\Resources\GalleryDecorationsResource","Map exact legacy assignment to Policy/Action ability; canAccessPanel is an additional perimeter; deny unknown roles/actions",ready_for_role_matrix_test,"For each of 8 roles: navigation visibility + direct URL + table query scope + record action + Livewire request"
93,read_gallery_decorations,gallery_decorations,view,1|4|5|8,"admin|manager|Admin 2|seo_manager",4,"App\Filament\Clusters\Catalog\Resources\GalleryDecorationsResource","Map exact legacy assignment to Policy/Action ability; canAccessPanel is an additional perimeter; deny unknown roles/actions",ready_for_role_matrix_test,"For each of 8 roles: navigation visibility + direct URL + table query scope + record action + Livewire request"
94,edit_gallery_decorations,gallery_decorations,update,1|4|8,admin|manager|seo_manager,3,"App\Filament\Clusters\Catalog\Resources\GalleryDecorationsResource","Map exact legacy assignment to Policy/Action ability; canAccessPanel is an additional perimeter; deny unknown roles/actions",ready_for_role_matrix_test,"For each of 8 roles: navigation visibility + direct URL + table query scope + record action + Livewire request"
95,add_gallery_decorations,gallery_decorations,create,1|4|5|8,"admin|manager|Admin 2|seo_manager",4,"App\Filament\Clusters\Catalog\Resources\GalleryDecorationsResource","Map exact legacy assignment to Policy/Action ability; canAccessPanel is an additional perimeter; deny unknown roles/actions",ready_for_role_matrix_test,"For each of 8 roles: navigation visibility + direct URL + table query scope + record action + Livewire request"
96,delete_gallery_decorations,gallery_decorations,delete,1|4|8,admin|manager|seo_manager,3,"App\Filament\Clusters\Catalog\Resources\GalleryDecorationsResource","Map exact legacy assignment to Policy/Action ability; canAccessPanel is an additional perimeter; deny unknown roles/actions",ready_for_role_matrix_test,"For each of 8 roles: navigation visibility + direct URL + table query scope + record action + Livewire request"
102,browse_homepage_options,homepage_options,viewAny,1|4|5|8,"admin|manager|Admin 2|seo_manager",4,"App\Filament\Clusters\Content\Resources\HomepageOptionsResource","Map exact legacy assignment to Policy/Action ability; canAccessPanel is an additional perimeter; deny unknown roles/actions",ready_for_role_matrix_test,"For each of 8 roles: navigation visibility + direct URL + table query scope + record action + Livewire request"
103,read_homepage_options,homepage_options,view,1|4|5|8,"admin|manager|Admin 2|seo_manager",4,"App\Filament\Clusters\Content\Resources\HomepageOptionsResource","Map exact legacy assignment to Policy/Action ability; canAccessPanel is an additional perimeter; deny unknown roles/actions",ready_for_role_matrix_test,"For each of 8 roles: navigation visibility + direct URL + table query scope + record action + Livewire request"
104,edit_homepage_options,homepage_options,update,1|4|8,admin|manager|seo_manager,3,"App\Filament\Clusters\Content\Resources\HomepageOptionsResource","Map exact legacy assignment to Policy/Action ability; canAccessPanel is an additional perimeter; deny unknown roles/actions",ready_for_role_matrix_test,"For each of 8 roles: navigation visibility + direct URL + table query scope + record action + Livewire request"
105,add_homepage_options,homepage_options,create,4|5|8,"manager|Admin 2|seo_manager",3,"App\Filament\Clusters\Content\Resources\HomepageOptionsResource","Map exact legacy assignment to Policy/Action ability; canAccessPanel is an additional perimeter; deny unknown roles/actions",ready_for_role_matrix_test,"For each of 8 roles: navigation visibility + direct URL + table query scope + record action + Livewire request"
106,delete_homepage_options,homepage_options,delete,4|8,manager|seo_manager,2,"App\Filament\Clusters\Content\Resources\HomepageOptionsResource","Map exact legacy assignment to Policy/Action ability; canAccessPanel is an additional perimeter; deny unknown roles/actions",ready_for_role_matrix_test,"For each of 8 roles: navigation visibility + direct URL + table query scope + record action + Livewire request"
107,browse_homepage_topslides,homepage_topslides,viewAny,1|4|5|8,"admin|manager|Admin 2|seo_manager",4,"App\Filament\Clusters\Content\Resources\HomepageTopslidesResource","Map exact legacy assignment to Policy/Action ability; canAccessPanel is an additional perimeter; deny unknown roles/actions",ready_for_role_matrix_test,"For each of 8 roles: navigation visibility + direct URL + table query scope + record action + Livewire request"
108,read_homepage_topslides,homepage_topslides,view,1|4|5|8,"admin|manager|Admin 2|seo_manager",4,"App\Filament\Clusters\Content\Resources\HomepageTopslidesResource","Map exact legacy assignment to Policy/Action ability; canAccessPanel is an additional perimeter; deny unknown roles/actions",ready_for_role_matrix_test,"For each of 8 roles: navigation visibility + direct URL + table query scope + record action + Livewire request"
109,edit_homepage_topslides,homepage_topslides,update,1|4|8,admin|manager|seo_manager,3,"App\Filament\Clusters\Content\Resources\HomepageTopslidesResource","Map exact legacy assignment to Policy/Action ability; canAccessPanel is an additional perimeter; deny unknown roles/actions",ready_for_role_matrix_test,"For each of 8 roles: navigation visibility + direct URL + table query scope + record action + Livewire request"
110,add_homepage_topslides,homepage_topslides,create,1|4|5|8,"admin|manager|Admin 2|seo_manager",4,"App\Filament\Clusters\Content\Resources\HomepageTopslidesResource","Map exact legacy assignment to Policy/Action ability; canAccessPanel is an additional perimeter; deny unknown roles/actions",ready_for_role_matrix_test,"For each of 8 roles: navigation visibility + direct URL + table query scope + record action + Livewire request"
111,delete_homepage_topslides,homepage_topslides,delete,1|4|8,admin|manager|seo_manager,3,"App\Filament\Clusters\Content\Resources\HomepageTopslidesResource","Map exact legacy assignment to Policy/Action ability; canAccessPanel is an additional perimeter; deny unknown roles/actions",ready_for_role_matrix_test,"For each of 8 roles: navigation visibility + direct URL + table query scope + record action + Livewire request"
117,browse_canvas,canvas,viewAny,1|4|5|8,"admin|manager|Admin 2|seo_manager",4,"App\Filament\Clusters\Legacy\Pages\CanvasEvidence","Map exact legacy assignment to Policy/Action ability; canAccessPanel is an additional perimeter; deny unknown roles/actions",ready_for_role_matrix_test,"For each of 8 roles: navigation visibility + direct URL + table query scope + record action + Livewire request"
118,read_canvas,canvas,view,1|4|5|8,"admin|manager|Admin 2|seo_manager",4,"App\Filament\Clusters\Legacy\Pages\CanvasEvidence","Map exact legacy assignment to Policy/Action ability; canAccessPanel is an additional perimeter; deny unknown roles/actions",ready_for_role_matrix_test,"For each of 8 roles: navigation visibility + direct URL + table query scope + record action + Livewire request"
119,edit_canvas,canvas,update,1|4|5|8,"admin|manager|Admin 2|seo_manager",4,"App\Filament\Clusters\Legacy\Pages\CanvasEvidence","Map exact legacy assignment to Policy/Action ability; canAccessPanel is an additional perimeter; deny unknown roles/actions",ready_for_role_matrix_test,"For each of 8 roles: navigation visibility + direct URL + table query scope + record action + Livewire request"
120,add_canvas,canvas,create,1|4|5|8,"admin|manager|Admin 2|seo_manager",4,"App\Filament\Clusters\Legacy\Pages\CanvasEvidence","Map exact legacy assignment to Policy/Action ability; canAccessPanel is an additional perimeter; deny unknown roles/actions",ready_for_role_matrix_test,"For each of 8 roles: navigation visibility + direct URL + table query scope + record action + Livewire request"
121,delete_canvas,canvas,delete,1|4|8,admin|manager|seo_manager,3,"App\Filament\Clusters\Legacy\Pages\CanvasEvidence","Map exact legacy assignment to Policy/Action ability; canAccessPanel is an additional perimeter; deny unknown roles/actions",ready_for_role_matrix_test,"For each of 8 roles: navigation visibility + direct URL + table query scope + record action + Livewire request"
122,browse_canvas_header,canvas_header,viewAny,1|4|5|8,"admin|manager|Admin 2|seo_manager",4,"App\Filament\Clusters\Content\Resources\CanvasHeaderResource","Map exact legacy assignment to Policy/Action ability; canAccessPanel is an additional perimeter; deny unknown roles/actions",ready_for_role_matrix_test,"For each of 8 roles: navigation visibility + direct URL + table query scope + record action + Livewire request"
123,read_canvas_header,canvas_header,view,1|4|5|8,"admin|manager|Admin 2|seo_manager",4,"App\Filament\Clusters\Content\Resources\CanvasHeaderResource","Map exact legacy assignment to Policy/Action ability; canAccessPanel is an additional perimeter; deny unknown roles/actions",ready_for_role_matrix_test,"For each of 8 roles: navigation visibility + direct URL + table query scope + record action + Livewire request"
124,edit_canvas_header,canvas_header,update,1|4|8,admin|manager|seo_manager,3,"App\Filament\Clusters\Content\Resources\CanvasHeaderResource","Map exact legacy assignment to Policy/Action ability; canAccessPanel is an additional perimeter; deny unknown roles/actions",ready_for_role_matrix_test,"For each of 8 roles: navigation visibility + direct URL + table query scope + record action + Livewire request"
125,add_canvas_header,canvas_header,create,4|5|8,"manager|Admin 2|seo_manager",3,"App\Filament\Clusters\Content\Resources\CanvasHeaderResource","Map exact legacy assignment to Policy/Action ability; canAccessPanel is an additional perimeter; deny unknown roles/actions",ready_for_role_matrix_test,"For each of 8 roles: navigation visibility + direct URL + table query scope + record action + Livewire request"
126,delete_canvas_header,canvas_header,delete,4|8,manager|seo_manager,2,"App\Filament\Clusters\Content\Resources\CanvasHeaderResource","Map exact legacy assignment to Policy/Action ability; canAccessPanel is an additional perimeter; deny unknown roles/actions",ready_for_role_matrix_test,"For each of 8 roles: navigation visibility + direct URL + table query scope + record action + Livewire request"
127,browse_canvas_what,canvas_what,viewAny,1|4|5|8,"admin|manager|Admin 2|seo_manager",4,"App\Filament\Clusters\Content\Resources\CanvasWhatResource","Map exact legacy assignment to Policy/Action ability; canAccessPanel is an additional perimeter; deny unknown roles/actions",ready_for_role_matrix_test,"For each of 8 roles: navigation visibility + direct URL + table query scope + record action + Livewire request"
128,read_canvas_what,canvas_what,view,1|4|5|8,"admin|manager|Admin 2|seo_manager",4,"App\Filament\Clusters\Content\Resources\CanvasWhatResource","Map exact legacy assignment to Policy/Action ability; canAccessPanel is an additional perimeter; deny unknown roles/actions",ready_for_role_matrix_test,"For each of 8 roles: navigation visibility + direct URL + table query scope + record action + Livewire request"
129,edit_canvas_what,canvas_what,update,1|4|8,admin|manager|seo_manager,3,"App\Filament\Clusters\Content\Resources\CanvasWhatResource","Map exact legacy assignment to Policy/Action ability; canAccessPanel is an additional perimeter; deny unknown roles/actions",ready_for_role_matrix_test,"For each of 8 roles: navigation visibility + direct URL + table query scope + record action + Livewire request"
130,add_canvas_what,canvas_what,create,1|4|5|8,"admin|manager|Admin 2|seo_manager",4,"App\Filament\Clusters\Content\Resources\CanvasWhatResource","Map exact legacy assignment to Policy/Action ability; canAccessPanel is an additional perimeter; deny unknown roles/actions",ready_for_role_matrix_test,"For each of 8 roles: navigation visibility + direct URL + table query scope + record action + Livewire request"
131,delete_canvas_what,canvas_what,delete,1|4|8,admin|manager|seo_manager,3,"App\Filament\Clusters\Content\Resources\CanvasWhatResource","Map exact legacy assignment to Policy/Action ability; canAccessPanel is an additional perimeter; deny unknown roles/actions",ready_for_role_matrix_test,"For each of 8 roles: navigation visibility + direct URL + table query scope + record action + Livewire request"
132,browse_canvas_req,canvas_req,viewAny,1|4|5|8,"admin|manager|Admin 2|seo_manager",4,"App\Filament\Clusters\Content\Resources\CanvasReqResource","Map exact legacy assignment to Policy/Action ability; canAccessPanel is an additional perimeter; deny unknown roles/actions",ready_for_role_matrix_test,"For each of 8 roles: navigation visibility + direct URL + table query scope + record action + Livewire request"
133,read_canvas_req,canvas_req,view,1|4|5|8,"admin|manager|Admin 2|seo_manager",4,"App\Filament\Clusters\Content\Resources\CanvasReqResource","Map exact legacy assignment to Policy/Action ability; canAccessPanel is an additional perimeter; deny unknown roles/actions",ready_for_role_matrix_test,"For each of 8 roles: navigation visibility + direct URL + table query scope + record action + Livewire request"
134,edit_canvas_req,canvas_req,update,1|4|8,admin|manager|seo_manager,3,"App\Filament\Clusters\Content\Resources\CanvasReqResource","Map exact legacy assignment to Policy/Action ability; canAccessPanel is an additional perimeter; deny unknown roles/actions",ready_for_role_matrix_test,"For each of 8 roles: navigation visibility + direct URL + table query scope + record action + Livewire request"
135,add_canvas_req,canvas_req,create,1|4|5|8,"admin|manager|Admin 2|seo_manager",4,"App\Filament\Clusters\Content\Resources\CanvasReqResource","Map exact legacy assignment to Policy/Action ability; canAccessPanel is an additional perimeter; deny unknown roles/actions",ready_for_role_matrix_test,"For each of 8 roles: navigation visibility + direct URL + table query scope + record action + Livewire request"
136,delete_canvas_req,canvas_req,delete,1|4|8,admin|manager|seo_manager,3,"App\Filament\Clusters\Content\Resources\CanvasReqResource","Map exact legacy assignment to Policy/Action ability; canAccessPanel is an additional perimeter; deny unknown roles/actions",ready_for_role_matrix_test,"For each of 8 roles: navigation visibility + direct URL + table query scope + record action + Livewire request"
137,browse_canvas_prices,canvas_prices,viewAny,1|4|5|8,"admin|manager|Admin 2|seo_manager",4,"App\Filament\Clusters\Catalog\Resources\CanvasPricesResource","Map exact legacy assignment to Policy/Action ability; canAccessPanel is an additional perimeter; deny unknown roles/actions",ready_for_role_matrix_test,"For each of 8 roles: navigation visibility + direct URL + table query scope + record action + Livewire request"
138,read_canvas_prices,canvas_prices,view,1|4|5|8,"admin|manager|Admin 2|seo_manager",4,"App\Filament\Clusters\Catalog\Resources\CanvasPricesResource","Map exact legacy assignment to Policy/Action ability; canAccessPanel is an additional perimeter; deny unknown roles/actions",ready_for_role_matrix_test,"For each of 8 roles: navigation visibility + direct URL + table query scope + record action + Livewire request"
139,edit_canvas_prices,canvas_prices,update,1|4|8,admin|manager|seo_manager,3,"App\Filament\Clusters\Catalog\Resources\CanvasPricesResource","Map exact legacy assignment to Policy/Action ability; canAccessPanel is an additional perimeter; deny unknown roles/actions",ready_for_role_matrix_test,"For each of 8 roles: navigation visibility + direct URL + table query scope + record action + Livewire request"
140,add_canvas_prices,canvas_prices,create,4|5|8,"manager|Admin 2|seo_manager",3,"App\Filament\Clusters\Catalog\Resources\CanvasPricesResource","Map exact legacy assignment to Policy/Action ability; canAccessPanel is an additional perimeter; deny unknown roles/actions",ready_for_role_matrix_test,"For each of 8 roles: navigation visibility + direct URL + table query scope + record action + Livewire request"
141,delete_canvas_prices,canvas_prices,delete,4|8,manager|seo_manager,2,"App\Filament\Clusters\Catalog\Resources\CanvasPricesResource","Map exact legacy assignment to Policy/Action ability; canAccessPanel is an additional perimeter; deny unknown roles/actions",ready_for_role_matrix_test,"For each of 8 roles: navigation visibility + direct URL + table query scope + record action + Livewire request"
142,browse_gallery_page,gallery_page,viewAny,1|4|5|8,"admin|manager|Admin 2|seo_manager",4,"App\Filament\Clusters\Content\Resources\GalleryPageResource","Map exact legacy assignment to Policy/Action ability; canAccessPanel is an additional perimeter; deny unknown roles/actions",ready_for_role_matrix_test,"For each of 8 roles: navigation visibility + direct URL + table query scope + record action + Livewire request"
143,read_gallery_page,gallery_page,view,1|4|5|8,"admin|manager|Admin 2|seo_manager",4,"App\Filament\Clusters\Content\Resources\GalleryPageResource","Map exact legacy assignment to Policy/Action ability; canAccessPanel is an additional perimeter; deny unknown roles/actions",ready_for_role_matrix_test,"For each of 8 roles: navigation visibility + direct URL + table query scope + record action + Livewire request"
144,edit_gallery_page,gallery_page,update,1|4|8,admin|manager|seo_manager,3,"App\Filament\Clusters\Content\Resources\GalleryPageResource","Map exact legacy assignment to Policy/Action ability; canAccessPanel is an additional perimeter; deny unknown roles/actions",ready_for_role_matrix_test,"For each of 8 roles: navigation visibility + direct URL + table query scope + record action + Livewire request"
145,add_gallery_page,gallery_page,create,4|5|8,"manager|Admin 2|seo_manager",3,"App\Filament\Clusters\Content\Resources\GalleryPageResource","Map exact legacy assignment to Policy/Action ability; canAccessPanel is an additional perimeter; deny unknown roles/actions",ready_for_role_matrix_test,"For each of 8 roles: navigation visibility + direct URL + table query scope + record action + Livewire request"
146,delete_gallery_page,gallery_page,delete,4|8,manager|seo_manager,2,"App\Filament\Clusters\Content\Resources\GalleryPageResource","Map exact legacy assignment to Policy/Action ability; canAccessPanel is an additional perimeter; deny unknown roles/actions",ready_for_role_matrix_test,"For each of 8 roles: navigation visibility + direct URL + table query scope + record action + Livewire request"
147,browse_canvas_work_serv,canvas_work_serv,viewAny,1|4|5|8,"admin|manager|Admin 2|seo_manager",4,"App\Filament\Clusters\Content\Resources\CanvasWorkServResource","Map exact legacy assignment to Policy/Action ability; canAccessPanel is an additional perimeter; deny unknown roles/actions",ready_for_role_matrix_test,"For each of 8 roles: navigation visibility + direct URL + table query scope + record action + Livewire request"
148,read_canvas_work_serv,canvas_work_serv,view,1|4|5|8,"admin|manager|Admin 2|seo_manager",4,"App\Filament\Clusters\Content\Resources\CanvasWorkServResource","Map exact legacy assignment to Policy/Action ability; canAccessPanel is an additional perimeter; deny unknown roles/actions",ready_for_role_matrix_test,"For each of 8 roles: navigation visibility + direct URL + table query scope + record action + Livewire request"
149,edit_canvas_work_serv,canvas_work_serv,update,1|4|8,admin|manager|seo_manager,3,"App\Filament\Clusters\Content\Resources\CanvasWorkServResource","Map exact legacy assignment to Policy/Action ability; canAccessPanel is an additional perimeter; deny unknown roles/actions",ready_for_role_matrix_test,"For each of 8 roles: navigation visibility + direct URL + table query scope + record action + Livewire request"
150,add_canvas_work_serv,canvas_work_serv,create,1|4|5|8,"admin|manager|Admin 2|seo_manager",4,"App\Filament\Clusters\Content\Resources\CanvasWorkServResource","Map exact legacy assignment to Policy/Action ability; canAccessPanel is an additional perimeter; deny unknown roles/actions",ready_for_role_matrix_test,"For each of 8 roles: navigation visibility + direct URL + table query scope + record action + Livewire request"
151,delete_canvas_work_serv,canvas_work_serv,delete,1|4|8,admin|manager|seo_manager,3,"App\Filament\Clusters\Content\Resources\CanvasWorkServResource","Map exact legacy assignment to Policy/Action ability; canAccessPanel is an additional perimeter; deny unknown roles/actions",ready_for_role_matrix_test,"For each of 8 roles: navigation visibility + direct URL + table query scope + record action + Livewire request"
152,browse_canvas_del_time,canvas_del_time,viewAny,1|4|5|8,"admin|manager|Admin 2|seo_manager",4,"App\Filament\Clusters\Content\Resources\CanvasDelTimeResource","Map exact legacy assignment to Policy/Action ability; canAccessPanel is an additional perimeter; deny unknown roles/actions",ready_for_role_matrix_test,"For each of 8 roles: navigation visibility + direct URL + table query scope + record action + Livewire request"
153,read_canvas_del_time,canvas_del_time,view,1|4|5|8,"admin|manager|Admin 2|seo_manager",4,"App\Filament\Clusters\Content\Resources\CanvasDelTimeResource","Map exact legacy assignment to Policy/Action ability; canAccessPanel is an additional perimeter; deny unknown roles/actions",ready_for_role_matrix_test,"For each of 8 roles: navigation visibility + direct URL + table query scope + record action + Livewire request"
154,edit_canvas_del_time,canvas_del_time,update,1|4|8,admin|manager|seo_manager,3,"App\Filament\Clusters\Content\Resources\CanvasDelTimeResource","Map exact legacy assignment to Policy/Action ability; canAccessPanel is an additional perimeter; deny unknown roles/actions",ready_for_role_matrix_test,"For each of 8 roles: navigation visibility + direct URL + table query scope + record action + Livewire request"
155,add_canvas_del_time,canvas_del_time,create,1|4|5|8,"admin|manager|Admin 2|seo_manager",4,"App\Filament\Clusters\Content\Resources\CanvasDelTimeResource","Map exact legacy assignment to Policy/Action ability; canAccessPanel is an additional perimeter; deny unknown roles/actions",ready_for_role_matrix_test,"For each of 8 roles: navigation visibility + direct URL + table query scope + record action + Livewire request"
156,delete_canvas_del_time,canvas_del_time,delete,1|4|8,admin|manager|seo_manager,3,"App\Filament\Clusters\Content\Resources\CanvasDelTimeResource","Map exact legacy assignment to Policy/Action ability; canAccessPanel is an additional perimeter; deny unknown roles/actions",ready_for_role_matrix_test,"For each of 8 roles: navigation visibility + direct URL + table query scope + record action + Livewire request"
157,browse_canvas_interiers,canvas_interiers,viewAny,1|4|5|8,"admin|manager|Admin 2|seo_manager",4,"App\Filament\Clusters\Catalog\Resources\CanvasInteriersResource","Map exact legacy assignment to Policy/Action ability; canAccessPanel is an additional perimeter; deny unknown roles/actions",ready_for_role_matrix_test,"For each of 8 roles: navigation visibility + direct URL + table query scope + record action + Livewire request"
158,read_canvas_interiers,canvas_interiers,view,1|4|5|8,"admin|manager|Admin 2|seo_manager",4,"App\Filament\Clusters\Catalog\Resources\CanvasInteriersResource","Map exact legacy assignment to Policy/Action ability; canAccessPanel is an additional perimeter; deny unknown roles/actions",ready_for_role_matrix_test,"For each of 8 roles: navigation visibility + direct URL + table query scope + record action + Livewire request"
159,edit_canvas_interiers,canvas_interiers,update,1|4|8,admin|manager|seo_manager,3,"App\Filament\Clusters\Catalog\Resources\CanvasInteriersResource","Map exact legacy assignment to Policy/Action ability; canAccessPanel is an additional perimeter; deny unknown roles/actions",ready_for_role_matrix_test,"For each of 8 roles: navigation visibility + direct URL + table query scope + record action + Livewire request"
160,add_canvas_interiers,canvas_interiers,create,1|4|5|8,"admin|manager|Admin 2|seo_manager",4,"App\Filament\Clusters\Catalog\Resources\CanvasInteriersResource","Map exact legacy assignment to Policy/Action ability; canAccessPanel is an additional perimeter; deny unknown roles/actions",ready_for_role_matrix_test,"For each of 8 roles: navigation visibility + direct URL + table query scope + record action + Livewire request"
161,delete_canvas_interiers,canvas_interiers,delete,1|4|8,admin|manager|seo_manager,3,"App\Filament\Clusters\Catalog\Resources\CanvasInteriersResource","Map exact legacy assignment to Policy/Action ability; canAccessPanel is an additional perimeter; deny unknown roles/actions",ready_for_role_matrix_test,"For each of 8 roles: navigation visibility + direct URL + table query scope + record action + Livewire request"
167,browse_canvas_rams,canvas_rams,viewAny,1|4|5|8,"admin|manager|Admin 2|seo_manager",4,"App\Filament\Clusters\Catalog\Resources\CanvasRamsResource","Map exact legacy assignment to Policy/Action ability; canAccessPanel is an additional perimeter; deny unknown roles/actions",ready_for_role_matrix_test,"For each of 8 roles: navigation visibility + direct URL + table query scope + record action + Livewire request"
168,read_canvas_rams,canvas_rams,view,1|4|5|8,"admin|manager|Admin 2|seo_manager",4,"App\Filament\Clusters\Catalog\Resources\CanvasRamsResource","Map exact legacy assignment to Policy/Action ability; canAccessPanel is an additional perimeter; deny unknown roles/actions",ready_for_role_matrix_test,"For each of 8 roles: navigation visibility + direct URL + table query scope + record action + Livewire request"
169,edit_canvas_rams,canvas_rams,update,1|4|8,admin|manager|seo_manager,3,"App\Filament\Clusters\Catalog\Resources\CanvasRamsResource","Map exact legacy assignment to Policy/Action ability; canAccessPanel is an additional perimeter; deny unknown roles/actions",ready_for_role_matrix_test,"For each of 8 roles: navigation visibility + direct URL + table query scope + record action + Livewire request"
170,add_canvas_rams,canvas_rams,create,1|4|5|8,"admin|manager|Admin 2|seo_manager",4,"App\Filament\Clusters\Catalog\Resources\CanvasRamsResource","Map exact legacy assignment to Policy/Action ability; canAccessPanel is an additional perimeter; deny unknown roles/actions",ready_for_role_matrix_test,"For each of 8 roles: navigation visibility + direct URL + table query scope + record action + Livewire request"
171,delete_canvas_rams,canvas_rams,delete,1|4|8,admin|manager|seo_manager,3,"App\Filament\Clusters\Catalog\Resources\CanvasRamsResource","Map exact legacy assignment to Policy/Action ability; canAccessPanel is an additional perimeter; deny unknown roles/actions",ready_for_role_matrix_test,"For each of 8 roles: navigation visibility + direct URL + table query scope + record action + Livewire request"
172,browse_page_faq,page_faq,viewAny,1|4|5|8,"admin|manager|Admin 2|seo_manager",4,"App\Filament\Clusters\Content\Resources\PageFaqResource","Map exact legacy assignment to Policy/Action ability; canAccessPanel is an additional perimeter; deny unknown roles/actions",ready_for_role_matrix_test,"For each of 8 roles: navigation visibility + direct URL + table query scope + record action + Livewire request"
173,read_page_faq,page_faq,view,1|4|5|8,"admin|manager|Admin 2|seo_manager",4,"App\Filament\Clusters\Content\Resources\PageFaqResource","Map exact legacy assignment to Policy/Action ability; canAccessPanel is an additional perimeter; deny unknown roles/actions",ready_for_role_matrix_test,"For each of 8 roles: navigation visibility + direct URL + table query scope + record action + Livewire request"
174,edit_page_faq,page_faq,update,1|4|8,admin|manager|seo_manager,3,"App\Filament\Clusters\Content\Resources\PageFaqResource","Map exact legacy assignment to Policy/Action ability; canAccessPanel is an additional perimeter; deny unknown roles/actions",ready_for_role_matrix_test,"For each of 8 roles: navigation visibility + direct URL + table query scope + record action + Livewire request"
175,add_page_faq,page_faq,create,1|4|5|8,"admin|manager|Admin 2|seo_manager",4,"App\Filament\Clusters\Content\Resources\PageFaqResource","Map exact legacy assignment to Policy/Action ability; canAccessPanel is an additional perimeter; deny unknown roles/actions",ready_for_role_matrix_test,"For each of 8 roles: navigation visibility + direct URL + table query scope + record action + Livewire request"
176,delete_page_faq,page_faq,delete,1|4|8,admin|manager|seo_manager,3,"App\Filament\Clusters\Content\Resources\PageFaqResource","Map exact legacy assignment to Policy/Action ability; canAccessPanel is an additional perimeter; deny unknown roles/actions",ready_for_role_matrix_test,"For each of 8 roles: navigation visibility + direct URL + table query scope + record action + Livewire request"
177,browse_page_faq_desc,page_faq_desc,viewAny,1|4|5|8,"admin|manager|Admin 2|seo_manager",4,"App\Filament\Clusters\Content\Resources\PageFaqDescResource","Map exact legacy assignment to Policy/Action ability; canAccessPanel is an additional perimeter; deny unknown roles/actions",ready_for_role_matrix_test,"For each of 8 roles: navigation visibility + direct URL + table query scope + record action + Livewire request"
178,read_page_faq_desc,page_faq_desc,view,1|4|5|8,"admin|manager|Admin 2|seo_manager",4,"App\Filament\Clusters\Content\Resources\PageFaqDescResource","Map exact legacy assignment to Policy/Action ability; canAccessPanel is an additional perimeter; deny unknown roles/actions",ready_for_role_matrix_test,"For each of 8 roles: navigation visibility + direct URL + table query scope + record action + Livewire request"
179,edit_page_faq_desc,page_faq_desc,update,1|4|8,admin|manager|seo_manager,3,"App\Filament\Clusters\Content\Resources\PageFaqDescResource","Map exact legacy assignment to Policy/Action ability; canAccessPanel is an additional perimeter; deny unknown roles/actions",ready_for_role_matrix_test,"For each of 8 roles: navigation visibility + direct URL + table query scope + record action + Livewire request"
180,add_page_faq_desc,page_faq_desc,create,1|4|5|8,"admin|manager|Admin 2|seo_manager",4,"App\Filament\Clusters\Content\Resources\PageFaqDescResource","Map exact legacy assignment to Policy/Action ability; canAccessPanel is an additional perimeter; deny unknown roles/actions",ready_for_role_matrix_test,"For each of 8 roles: navigation visibility + direct URL + table query scope + record action + Livewire request"
181,delete_page_faq_desc,page_faq_desc,delete,1|4|8,admin|manager|seo_manager,3,"App\Filament\Clusters\Content\Resources\PageFaqDescResource","Map exact legacy assignment to Policy/Action ability; canAccessPanel is an additional perimeter; deny unknown roles/actions",ready_for_role_matrix_test,"For each of 8 roles: navigation visibility + direct URL + table query scope + record action + Livewire request"
182,browse_canvas_global,canvas_global,viewAny,1|4|5|8,"admin|manager|Admin 2|seo_manager",4,"App\Filament\Clusters\Content\Resources\CanvasGlobalResource","Map exact legacy assignment to Policy/Action ability; canAccessPanel is an additional perimeter; deny unknown roles/actions",ready_for_role_matrix_test,"For each of 8 roles: navigation visibility + direct URL + table query scope + record action + Livewire request"
183,read_canvas_global,canvas_global,view,1|4|5|8,"admin|manager|Admin 2|seo_manager",4,"App\Filament\Clusters\Content\Resources\CanvasGlobalResource","Map exact legacy assignment to Policy/Action ability; canAccessPanel is an additional perimeter; deny unknown roles/actions",ready_for_role_matrix_test,"For each of 8 roles: navigation visibility + direct URL + table query scope + record action + Livewire request"
184,edit_canvas_global,canvas_global,update,1|4|8,admin|manager|seo_manager,3,"App\Filament\Clusters\Content\Resources\CanvasGlobalResource","Map exact legacy assignment to Policy/Action ability; canAccessPanel is an additional perimeter; deny unknown roles/actions",ready_for_role_matrix_test,"For each of 8 roles: navigation visibility + direct URL + table query scope + record action + Livewire request"
185,add_canvas_global,canvas_global,create,1|4|5|8,"admin|manager|Admin 2|seo_manager",4,"App\Filament\Clusters\Content\Resources\CanvasGlobalResource","Map exact legacy assignment to Policy/Action ability; canAccessPanel is an additional perimeter; deny unknown roles/actions",ready_for_role_matrix_test,"For each of 8 roles: navigation visibility + direct URL + table query scope + record action + Livewire request"
186,delete_canvas_global,canvas_global,delete,1|4|8,admin|manager|seo_manager,3,"App\Filament\Clusters\Content\Resources\CanvasGlobalResource","Map exact legacy assignment to Policy/Action ability; canAccessPanel is an additional perimeter; deny unknown roles/actions",ready_for_role_matrix_test,"For each of 8 roles: navigation visibility + direct URL + table query scope + record action + Livewire request"
187,browse_canvas_comp_steps_arts_packs,canvas_comp_steps_arts_packs,viewAny,1|4|5|8,"admin|manager|Admin 2|seo_manager",4,"App\Filament\Clusters\Content\Resources\CanvasCompStepsArtsPacksResource","Map exact legacy assignment to Policy/Action ability; canAccessPanel is an additional perimeter; deny unknown roles/actions",ready_for_role_matrix_test,"For each of 8 roles: navigation visibility + direct URL + table query scope + record action + Livewire request"
188,read_canvas_comp_steps_arts_packs,canvas_comp_steps_arts_packs,view,1|4|5|8,"admin|manager|Admin 2|seo_manager",4,"App\Filament\Clusters\Content\Resources\CanvasCompStepsArtsPacksResource","Map exact legacy assignment to Policy/Action ability; canAccessPanel is an additional perimeter; deny unknown roles/actions",ready_for_role_matrix_test,"For each of 8 roles: navigation visibility + direct URL + table query scope + record action + Livewire request"
189,edit_canvas_comp_steps_arts_packs,canvas_comp_steps_arts_packs,update,1|4|8,admin|manager|seo_manager,3,"App\Filament\Clusters\Content\Resources\CanvasCompStepsArtsPacksResource","Map exact legacy assignment to Policy/Action ability; canAccessPanel is an additional perimeter; deny unknown roles/actions",ready_for_role_matrix_test,"For each of 8 roles: navigation visibility + direct URL + table query scope + record action + Livewire request"
190,add_canvas_comp_steps_arts_packs,canvas_comp_steps_arts_packs,create,4|5|8,"manager|Admin 2|seo_manager",3,"App\Filament\Clusters\Content\Resources\CanvasCompStepsArtsPacksResource","Map exact legacy assignment to Policy/Action ability; canAccessPanel is an additional perimeter; deny unknown roles/actions",ready_for_role_matrix_test,"For each of 8 roles: navigation visibility + direct URL + table query scope + record action + Livewire request"
191,delete_canvas_comp_steps_arts_packs,canvas_comp_steps_arts_packs,delete,4|8,manager|seo_manager,2,"App\Filament\Clusters\Content\Resources\CanvasCompStepsArtsPacksResource","Map exact legacy assignment to Policy/Action ability; canAccessPanel is an additional perimeter; deny unknown roles/actions",ready_for_role_matrix_test,"For each of 8 roles: navigation visibility + direct URL + table query scope + record action + Livewire request"
192,browse_our_works,our_works,viewAny,1|4|5|8,"admin|manager|Admin 2|seo_manager",4,"App\Filament\Clusters\Catalog\Resources\OurWorksResource","Map exact legacy assignment to Policy/Action ability; canAccessPanel is an additional perimeter; deny unknown roles/actions",ready_for_role_matrix_test,"For each of 8 roles: navigation visibility + direct URL + table query scope + record action + Livewire request"
193,read_our_works,our_works,view,1|4|5|8,"admin|manager|Admin 2|seo_manager",4,"App\Filament\Clusters\Catalog\Resources\OurWorksResource","Map exact legacy assignment to Policy/Action ability; canAccessPanel is an additional perimeter; deny unknown roles/actions",ready_for_role_matrix_test,"For each of 8 roles: navigation visibility + direct URL + table query scope + record action + Livewire request"
194,edit_our_works,our_works,update,1|4|8,admin|manager|seo_manager,3,"App\Filament\Clusters\Catalog\Resources\OurWorksResource","Map exact legacy assignment to Policy/Action ability; canAccessPanel is an additional perimeter; deny unknown roles/actions",ready_for_role_matrix_test,"For each of 8 roles: navigation visibility + direct URL + table query scope + record action + Livewire request"
195,add_our_works,our_works,create,1|4|5|8,"admin|manager|Admin 2|seo_manager",4,"App\Filament\Clusters\Catalog\Resources\OurWorksResource","Map exact legacy assignment to Policy/Action ability; canAccessPanel is an additional perimeter; deny unknown roles/actions",ready_for_role_matrix_test,"For each of 8 roles: navigation visibility + direct URL + table query scope + record action + Livewire request"
196,delete_our_works,our_works,delete,1|4|8,admin|manager|seo_manager,3,"App\Filament\Clusters\Catalog\Resources\OurWorksResource","Map exact legacy assignment to Policy/Action ability; canAccessPanel is an additional perimeter; deny unknown roles/actions",ready_for_role_matrix_test,"For each of 8 roles: navigation visibility + direct URL + table query scope + record action + Livewire request"
197,browse_blog_posts,blog_posts,viewAny,1|4|5|8,"admin|manager|Admin 2|seo_manager",4,"App\Filament\Clusters\Content\Resources\BlogPostsResource","Map exact legacy assignment to Policy/Action ability; canAccessPanel is an additional perimeter; deny unknown roles/actions",ready_for_role_matrix_test,"For each of 8 roles: navigation visibility + direct URL + table query scope + record action + Livewire request"
198,read_blog_posts,blog_posts,view,1|4|5|8,"admin|manager|Admin 2|seo_manager",4,"App\Filament\Clusters\Content\Resources\BlogPostsResource","Map exact legacy assignment to Policy/Action ability; canAccessPanel is an additional perimeter; deny unknown roles/actions",ready_for_role_matrix_test,"For each of 8 roles: navigation visibility + direct URL + table query scope + record action + Livewire request"
199,edit_blog_posts,blog_posts,update,1|4|8,admin|manager|seo_manager,3,"App\Filament\Clusters\Content\Resources\BlogPostsResource","Map exact legacy assignment to Policy/Action ability; canAccessPanel is an additional perimeter; deny unknown roles/actions",ready_for_role_matrix_test,"For each of 8 roles: navigation visibility + direct URL + table query scope + record action + Livewire request"
200,add_blog_posts,blog_posts,create,1|4|5|8,"admin|manager|Admin 2|seo_manager",4,"App\Filament\Clusters\Content\Resources\BlogPostsResource","Map exact legacy assignment to Policy/Action ability; canAccessPanel is an additional perimeter; deny unknown roles/actions",ready_for_role_matrix_test,"For each of 8 roles: navigation visibility + direct URL + table query scope + record action + Livewire request"
201,delete_blog_posts,blog_posts,delete,1|4|8,admin|manager|seo_manager,3,"App\Filament\Clusters\Content\Resources\BlogPostsResource","Map exact legacy assignment to Policy/Action ability; canAccessPanel is an additional perimeter; deny unknown roles/actions",ready_for_role_matrix_test,"For each of 8 roles: navigation visibility + direct URL + table query scope + record action + Livewire request"
202,browse_blog,blog,viewAny,1|4|5|8,"admin|manager|Admin 2|seo_manager",4,"App\Filament\Clusters\Content\Resources\BlogResource","Map exact legacy assignment to Policy/Action ability; canAccessPanel is an additional perimeter; deny unknown roles/actions",ready_for_role_matrix_test,"For each of 8 roles: navigation visibility + direct URL + table query scope + record action + Livewire request"
203,read_blog,blog,view,1|4|5|8,"admin|manager|Admin 2|seo_manager",4,"App\Filament\Clusters\Content\Resources\BlogResource","Map exact legacy assignment to Policy/Action ability; canAccessPanel is an additional perimeter; deny unknown roles/actions",ready_for_role_matrix_test,"For each of 8 roles: navigation visibility + direct URL + table query scope + record action + Livewire request"
204,edit_blog,blog,update,1|4|8,admin|manager|seo_manager,3,"App\Filament\Clusters\Content\Resources\BlogResource","Map exact legacy assignment to Policy/Action ability; canAccessPanel is an additional perimeter; deny unknown roles/actions",ready_for_role_matrix_test,"For each of 8 roles: navigation visibility + direct URL + table query scope + record action + Livewire request"
205,add_blog,blog,create,1|4|5|8,"admin|manager|Admin 2|seo_manager",4,"App\Filament\Clusters\Content\Resources\BlogResource","Map exact legacy assignment to Policy/Action ability; canAccessPanel is an additional perimeter; deny unknown roles/actions",ready_for_role_matrix_test,"For each of 8 roles: navigation visibility + direct URL + table query scope + record action + Livewire request"
206,delete_blog,blog,delete,1|4|8,admin|manager|seo_manager,3,"App\Filament\Clusters\Content\Resources\BlogResource","Map exact legacy assignment to Policy/Action ability; canAccessPanel is an additional perimeter; deny unknown roles/actions",ready_for_role_matrix_test,"For each of 8 roles: navigation visibility + direct URL + table query scope + record action + Livewire request"
207,browse_collage_header,collage_header,viewAny,1|4|5|8,"admin|manager|Admin 2|seo_manager",4,"App\Filament\Clusters\Content\Resources\CollageHeaderResource","Map exact legacy assignment to Policy/Action ability; canAccessPanel is an additional perimeter; deny unknown roles/actions",ready_for_role_matrix_test,"For each of 8 roles: navigation visibility + direct URL + table query scope + record action + Livewire request"
208,read_collage_header,collage_header,view,1|4|5|8,"admin|manager|Admin 2|seo_manager",4,"App\Filament\Clusters\Content\Resources\CollageHeaderResource","Map exact legacy assignment to Policy/Action ability; canAccessPanel is an additional perimeter; deny unknown roles/actions",ready_for_role_matrix_test,"For each of 8 roles: navigation visibility + direct URL + table query scope + record action + Livewire request"
209,edit_collage_header,collage_header,update,1|4|8,admin|manager|seo_manager,3,"App\Filament\Clusters\Content\Resources\CollageHeaderResource","Map exact legacy assignment to Policy/Action ability; canAccessPanel is an additional perimeter; deny unknown roles/actions",ready_for_role_matrix_test,"For each of 8 roles: navigation visibility + direct URL + table query scope + record action + Livewire request"
210,add_collage_header,collage_header,create,4|5|8,"manager|Admin 2|seo_manager",3,"App\Filament\Clusters\Content\Resources\CollageHeaderResource","Map exact legacy assignment to Policy/Action ability; canAccessPanel is an additional perimeter; deny unknown roles/actions",ready_for_role_matrix_test,"For each of 8 roles: navigation visibility + direct URL + table query scope + record action + Livewire request"
211,delete_collage_header,collage_header,delete,4|8,manager|seo_manager,2,"App\Filament\Clusters\Content\Resources\CollageHeaderResource","Map exact legacy assignment to Policy/Action ability; canAccessPanel is an additional perimeter; deny unknown roles/actions",ready_for_role_matrix_test,"For each of 8 roles: navigation visibility + direct URL + table query scope + record action + Livewire request"
217,browse_modular_pics_head,modular_pics_head,viewAny,1|4|5|8,"admin|manager|Admin 2|seo_manager",4,"App\Filament\Clusters\Content\Resources\ModularPicsHeadResource","Map exact legacy assignment to Policy/Action ability; canAccessPanel is an additional perimeter; deny unknown roles/actions",ready_for_role_matrix_test,"For each of 8 roles: navigation visibility + direct URL + table query scope + record action + Livewire request"
218,read_modular_pics_head,modular_pics_head,view,1|4|5|8,"admin|manager|Admin 2|seo_manager",4,"App\Filament\Clusters\Content\Resources\ModularPicsHeadResource","Map exact legacy assignment to Policy/Action ability; canAccessPanel is an additional perimeter; deny unknown roles/actions",ready_for_role_matrix_test,"For each of 8 roles: navigation visibility + direct URL + table query scope + record action + Livewire request"
219,edit_modular_pics_head,modular_pics_head,update,1|4|8,admin|manager|seo_manager,3,"App\Filament\Clusters\Content\Resources\ModularPicsHeadResource","Map exact legacy assignment to Policy/Action ability; canAccessPanel is an additional perimeter; deny unknown roles/actions",ready_for_role_matrix_test,"For each of 8 roles: navigation visibility + direct URL + table query scope + record action + Livewire request"
220,add_modular_pics_head,modular_pics_head,create,1|4|5|8,"admin|manager|Admin 2|seo_manager",4,"App\Filament\Clusters\Content\Resources\ModularPicsHeadResource","Map exact legacy assignment to Policy/Action ability; canAccessPanel is an additional perimeter; deny unknown roles/actions",ready_for_role_matrix_test,"For each of 8 roles: navigation visibility + direct URL + table query scope + record action + Livewire request"
221,delete_modular_pics_head,modular_pics_head,delete,1|4|8,admin|manager|seo_manager,3,"App\Filament\Clusters\Content\Resources\ModularPicsHeadResource","Map exact legacy assignment to Policy/Action ability; canAccessPanel is an additional perimeter; deny unknown roles/actions",ready_for_role_matrix_test,"For each of 8 roles: navigation visibility + direct URL + table query scope + record action + Livewire request"
222,browse_mod_gall_page,mod_gall_page,viewAny,1|4|5|8,"admin|manager|Admin 2|seo_manager",4,"App\Filament\Clusters\Content\Resources\ModGallPageResource","Map exact legacy assignment to Policy/Action ability; canAccessPanel is an additional perimeter; deny unknown roles/actions",ready_for_role_matrix_test,"For each of 8 roles: navigation visibility + direct URL + table query scope + record action + Livewire request"
223,read_mod_gall_page,mod_gall_page,view,1|4|5|8,"admin|manager|Admin 2|seo_manager",4,"App\Filament\Clusters\Content\Resources\ModGallPageResource","Map exact legacy assignment to Policy/Action ability; canAccessPanel is an additional perimeter; deny unknown roles/actions",ready_for_role_matrix_test,"For each of 8 roles: navigation visibility + direct URL + table query scope + record action + Livewire request"
224,edit_mod_gall_page,mod_gall_page,update,1|4|8,admin|manager|seo_manager,3,"App\Filament\Clusters\Content\Resources\ModGallPageResource","Map exact legacy assignment to Policy/Action ability; canAccessPanel is an additional perimeter; deny unknown roles/actions",ready_for_role_matrix_test,"For each of 8 roles: navigation visibility + direct URL + table query scope + record action + Livewire request"
225,add_mod_gall_page,mod_gall_page,create,1|4|5|8,"admin|manager|Admin 2|seo_manager",4,"App\Filament\Clusters\Content\Resources\ModGallPageResource","Map exact legacy assignment to Policy/Action ability; canAccessPanel is an additional perimeter; deny unknown roles/actions",ready_for_role_matrix_test,"For each of 8 roles: navigation visibility + direct URL + table query scope + record action + Livewire request"
226,delete_mod_gall_page,mod_gall_page,delete,1|4|8,admin|manager|seo_manager,3,"App\Filament\Clusters\Content\Resources\ModGallPageResource","Map exact legacy assignment to Policy/Action ability; canAccessPanel is an additional perimeter; deny unknown roles/actions",ready_for_role_matrix_test,"For each of 8 roles: navigation visibility + direct URL + table query scope + record action + Livewire request"
227,browse_mod_photo_page,mod_photo_page,viewAny,1|4|5|8,"admin|manager|Admin 2|seo_manager",4,"App\Filament\Clusters\Content\Resources\ModPhotoPageResource","Map exact legacy assignment to Policy/Action ability; canAccessPanel is an additional perimeter; deny unknown roles/actions",ready_for_role_matrix_test,"For each of 8 roles: navigation visibility + direct URL + table query scope + record action + Livewire request"
228,read_mod_photo_page,mod_photo_page,view,1|4|5|8,"admin|manager|Admin 2|seo_manager",4,"App\Filament\Clusters\Content\Resources\ModPhotoPageResource","Map exact legacy assignment to Policy/Action ability; canAccessPanel is an additional perimeter; deny unknown roles/actions",ready_for_role_matrix_test,"For each of 8 roles: navigation visibility + direct URL + table query scope + record action + Livewire request"
229,edit_mod_photo_page,mod_photo_page,update,1|4|8,admin|manager|seo_manager,3,"App\Filament\Clusters\Content\Resources\ModPhotoPageResource","Map exact legacy assignment to Policy/Action ability; canAccessPanel is an additional perimeter; deny unknown roles/actions",ready_for_role_matrix_test,"For each of 8 roles: navigation visibility + direct URL + table query scope + record action + Livewire request"
230,add_mod_photo_page,mod_photo_page,create,1|4|5|8,"admin|manager|Admin 2|seo_manager",4,"App\Filament\Clusters\Content\Resources\ModPhotoPageResource","Map exact legacy assignment to Policy/Action ability; canAccessPanel is an additional perimeter; deny unknown roles/actions",ready_for_role_matrix_test,"For each of 8 roles: navigation visibility + direct URL + table query scope + record action + Livewire request"
231,delete_mod_photo_page,mod_photo_page,delete,1|4|8,admin|manager|seo_manager,3,"App\Filament\Clusters\Content\Resources\ModPhotoPageResource","Map exact legacy assignment to Policy/Action ability; canAccessPanel is an additional perimeter; deny unknown roles/actions",ready_for_role_matrix_test,"For each of 8 roles: navigation visibility + direct URL + table query scope + record action + Livewire request"
232,browse_mod_repr_page,mod_repr_page,viewAny,1|4|5|8,"admin|manager|Admin 2|seo_manager",4,"App\Filament\Clusters\Content\Resources\ModReprPageResource","Map exact legacy assignment to Policy/Action ability; canAccessPanel is an additional perimeter; deny unknown roles/actions",ready_for_role_matrix_test,"For each of 8 roles: navigation visibility + direct URL + table query scope + record action + Livewire request"
233,read_mod_repr_page,mod_repr_page,view,1|4|5|8,"admin|manager|Admin 2|seo_manager",4,"App\Filament\Clusters\Content\Resources\ModReprPageResource","Map exact legacy assignment to Policy/Action ability; canAccessPanel is an additional perimeter; deny unknown roles/actions",ready_for_role_matrix_test,"For each of 8 roles: navigation visibility + direct URL + table query scope + record action + Livewire request"
234,edit_mod_repr_page,mod_repr_page,update,1|4|8,admin|manager|seo_manager,3,"App\Filament\Clusters\Content\Resources\ModReprPageResource","Map exact legacy assignment to Policy/Action ability; canAccessPanel is an additional perimeter; deny unknown roles/actions",ready_for_role_matrix_test,"For each of 8 roles: navigation visibility + direct URL + table query scope + record action + Livewire request"
235,add_mod_repr_page,mod_repr_page,create,1|4|5|8,"admin|manager|Admin 2|seo_manager",4,"App\Filament\Clusters\Content\Resources\ModReprPageResource","Map exact legacy assignment to Policy/Action ability; canAccessPanel is an additional perimeter; deny unknown roles/actions",ready_for_role_matrix_test,"For each of 8 roles: navigation visibility + direct URL + table query scope + record action + Livewire request"
236,delete_mod_repr_page,mod_repr_page,delete,1|4|8,admin|manager|seo_manager,3,"App\Filament\Clusters\Content\Resources\ModReprPageResource","Map exact legacy assignment to Policy/Action ability; canAccessPanel is an additional perimeter; deny unknown roles/actions",ready_for_role_matrix_test,"For each of 8 roles: navigation visibility + direct URL + table query scope + record action + Livewire request"
237,browse_gall_globs,gall_globs,viewAny,1|4|5|8,"admin|manager|Admin 2|seo_manager",4,"App\Filament\Clusters\Catalog\Resources\GallGlobsResource","Map exact legacy assignment to Policy/Action ability; canAccessPanel is an additional perimeter; deny unknown roles/actions",ready_for_role_matrix_test,"For each of 8 roles: navigation visibility + direct URL + table query scope + record action + Livewire request"
238,read_gall_globs,gall_globs,view,1|4|5|8,"admin|manager|Admin 2|seo_manager",4,"App\Filament\Clusters\Catalog\Resources\GallGlobsResource","Map exact legacy assignment to Policy/Action ability; canAccessPanel is an additional perimeter; deny unknown roles/actions",ready_for_role_matrix_test,"For each of 8 roles: navigation visibility + direct URL + table query scope + record action + Livewire request"
239,edit_gall_globs,gall_globs,update,1|4|8,admin|manager|seo_manager,3,"App\Filament\Clusters\Catalog\Resources\GallGlobsResource","Map exact legacy assignment to Policy/Action ability; canAccessPanel is an additional perimeter; deny unknown roles/actions",ready_for_role_matrix_test,"For each of 8 roles: navigation visibility + direct URL + table query scope + record action + Livewire request"
240,add_gall_globs,gall_globs,create,1|4|5|8,"admin|manager|Admin 2|seo_manager",4,"App\Filament\Clusters\Catalog\Resources\GallGlobsResource","Map exact legacy assignment to Policy/Action ability; canAccessPanel is an additional perimeter; deny unknown roles/actions",ready_for_role_matrix_test,"For each of 8 roles: navigation visibility + direct URL + table query scope + record action + Livewire request"
241,delete_gall_globs,gall_globs,delete,1|4|8,admin|manager|seo_manager,3,"App\Filament\Clusters\Catalog\Resources\GallGlobsResource","Map exact legacy assignment to Policy/Action ability; canAccessPanel is an additional perimeter; deny unknown roles/actions",ready_for_role_matrix_test,"For each of 8 roles: navigation visibility + direct URL + table query scope + record action + Livewire request"
242,browse_gallery_filters_page,gallery_filters_page,viewAny,1|4|5|8,"admin|manager|Admin 2|seo_manager",4,"App\Filament\Clusters\Catalog\Resources\GalleryFiltersPageResource","Map exact legacy assignment to Policy/Action ability; canAccessPanel is an additional perimeter; deny unknown roles/actions",ready_for_role_matrix_test,"For each of 8 roles: navigation visibility + direct URL + table query scope + record action + Livewire request"
243,read_gallery_filters_page,gallery_filters_page,view,1|4|5|8,"admin|manager|Admin 2|seo_manager",4,"App\Filament\Clusters\Catalog\Resources\GalleryFiltersPageResource","Map exact legacy assignment to Policy/Action ability; canAccessPanel is an additional perimeter; deny unknown roles/actions",ready_for_role_matrix_test,"For each of 8 roles: navigation visibility + direct URL + table query scope + record action + Livewire request"
244,edit_gallery_filters_page,gallery_filters_page,update,1|4|8,admin|manager|seo_manager,3,"App\Filament\Clusters\Catalog\Resources\GalleryFiltersPageResource","Map exact legacy assignment to Policy/Action ability; canAccessPanel is an additional perimeter; deny unknown roles/actions",ready_for_role_matrix_test,"For each of 8 roles: navigation visibility + direct URL + table query scope + record action + Livewire request"
245,add_gallery_filters_page,gallery_filters_page,create,1|4|5|8,"admin|manager|Admin 2|seo_manager",4,"App\Filament\Clusters\Catalog\Resources\GalleryFiltersPageResource","Map exact legacy assignment to Policy/Action ability; canAccessPanel is an additional perimeter; deny unknown roles/actions",ready_for_role_matrix_test,"For each of 8 roles: navigation visibility + direct URL + table query scope + record action + Livewire request"
246,delete_gallery_filters_page,gallery_filters_page,delete,1|4|8,admin|manager|seo_manager,3,"App\Filament\Clusters\Catalog\Resources\GalleryFiltersPageResource","Map exact legacy assignment to Policy/Action ability; canAccessPanel is an additional perimeter; deny unknown roles/actions",ready_for_role_matrix_test,"For each of 8 roles: navigation visibility + direct URL + table query scope + record action + Livewire request"
247,browse_graph_por_styl_page,graph_por_styl_page,viewAny,1|4|5|8,"admin|manager|Admin 2|seo_manager",4,"App\Filament\Clusters\Content\Resources\GraphPorStylPageResource","Map exact legacy assignment to Policy/Action ability; canAccessPanel is an additional perimeter; deny unknown roles/actions",ready_for_role_matrix_test,"For each of 8 roles: navigation visibility + direct URL + table query scope + record action + Livewire request"
248,read_graph_por_styl_page,graph_por_styl_page,view,1|4|5|8,"admin|manager|Admin 2|seo_manager",4,"App\Filament\Clusters\Content\Resources\GraphPorStylPageResource","Map exact legacy assignment to Policy/Action ability; canAccessPanel is an additional perimeter; deny unknown roles/actions",ready_for_role_matrix_test,"For each of 8 roles: navigation visibility + direct URL + table query scope + record action + Livewire request"
249,edit_graph_por_styl_page,graph_por_styl_page,update,1|4|8,admin|manager|seo_manager,3,"App\Filament\Clusters\Content\Resources\GraphPorStylPageResource","Map exact legacy assignment to Policy/Action ability; canAccessPanel is an additional perimeter; deny unknown roles/actions",ready_for_role_matrix_test,"For each of 8 roles: navigation visibility + direct URL + table query scope + record action + Livewire request"
250,add_graph_por_styl_page,graph_por_styl_page,create,4|5|8,"manager|Admin 2|seo_manager",3,"App\Filament\Clusters\Content\Resources\GraphPorStylPageResource","Map exact legacy assignment to Policy/Action ability; canAccessPanel is an additional perimeter; deny unknown roles/actions",ready_for_role_matrix_test,"For each of 8 roles: navigation visibility + direct URL + table query scope + record action + Livewire request"
251,delete_graph_por_styl_page,graph_por_styl_page,delete,4|8,manager|seo_manager,2,"App\Filament\Clusters\Content\Resources\GraphPorStylPageResource","Map exact legacy assignment to Policy/Action ability; canAccessPanel is an additional perimeter; deny unknown roles/actions",ready_for_role_matrix_test,"For each of 8 roles: navigation visibility + direct URL + table query scope + record action + Livewire request"
257,browse_oil_header,oil_header,viewAny,1|4|5|8,"admin|manager|Admin 2|seo_manager",4,"App\Filament\Clusters\Content\Resources\OilHeaderResource","Map exact legacy assignment to Policy/Action ability; canAccessPanel is an additional perimeter; deny unknown roles/actions",ready_for_role_matrix_test,"For each of 8 roles: navigation visibility + direct URL + table query scope + record action + Livewire request"
258,read_oil_header,oil_header,view,1|4|5|8,"admin|manager|Admin 2|seo_manager",4,"App\Filament\Clusters\Content\Resources\OilHeaderResource","Map exact legacy assignment to Policy/Action ability; canAccessPanel is an additional perimeter; deny unknown roles/actions",ready_for_role_matrix_test,"For each of 8 roles: navigation visibility + direct URL + table query scope + record action + Livewire request"
259,edit_oil_header,oil_header,update,1|4|8,admin|manager|seo_manager,3,"App\Filament\Clusters\Content\Resources\OilHeaderResource","Map exact legacy assignment to Policy/Action ability; canAccessPanel is an additional perimeter; deny unknown roles/actions",ready_for_role_matrix_test,"For each of 8 roles: navigation visibility + direct URL + table query scope + record action + Livewire request"
260,add_oil_header,oil_header,create,1|4|5|8,"admin|manager|Admin 2|seo_manager",4,"App\Filament\Clusters\Content\Resources\OilHeaderResource","Map exact legacy assignment to Policy/Action ability; canAccessPanel is an additional perimeter; deny unknown roles/actions",ready_for_role_matrix_test,"For each of 8 roles: navigation visibility + direct URL + table query scope + record action + Livewire request"
261,delete_oil_header,oil_header,delete,1|4|8,admin|manager|seo_manager,3,"App\Filament\Clusters\Content\Resources\OilHeaderResource","Map exact legacy assignment to Policy/Action ability; canAccessPanel is an additional perimeter; deny unknown roles/actions",ready_for_role_matrix_test,"For each of 8 roles: navigation visibility + direct URL + table query scope + record action + Livewire request"
262,browse_oil_what_req,oil_what_req,viewAny,1|4|5|8,"admin|manager|Admin 2|seo_manager",4,"App\Filament\Clusters\Content\Resources\OilWhatReqResource","Map exact legacy assignment to Policy/Action ability; canAccessPanel is an additional perimeter; deny unknown roles/actions",ready_for_role_matrix_test,"For each of 8 roles: navigation visibility + direct URL + table query scope + record action + Livewire request"
263,read_oil_what_req,oil_what_req,view,1|4|5|8,"admin|manager|Admin 2|seo_manager",4,"App\Filament\Clusters\Content\Resources\OilWhatReqResource","Map exact legacy assignment to Policy/Action ability; canAccessPanel is an additional perimeter; deny unknown roles/actions",ready_for_role_matrix_test,"For each of 8 roles: navigation visibility + direct URL + table query scope + record action + Livewire request"
264,edit_oil_what_req,oil_what_req,update,1|4|8,admin|manager|seo_manager,3,"App\Filament\Clusters\Content\Resources\OilWhatReqResource","Map exact legacy assignment to Policy/Action ability; canAccessPanel is an additional perimeter; deny unknown roles/actions",ready_for_role_matrix_test,"For each of 8 roles: navigation visibility + direct URL + table query scope + record action + Livewire request"
265,add_oil_what_req,oil_what_req,create,4|5|8,"manager|Admin 2|seo_manager",3,"App\Filament\Clusters\Content\Resources\OilWhatReqResource","Map exact legacy assignment to Policy/Action ability; canAccessPanel is an additional perimeter; deny unknown roles/actions",ready_for_role_matrix_test,"For each of 8 roles: navigation visibility + direct URL + table query scope + record action + Livewire request"
266,delete_oil_what_req,oil_what_req,delete,4|8,manager|seo_manager,2,"App\Filament\Clusters\Content\Resources\OilWhatReqResource","Map exact legacy assignment to Policy/Action ability; canAccessPanel is an additional perimeter; deny unknown roles/actions",ready_for_role_matrix_test,"For each of 8 roles: navigation visibility + direct URL + table query scope + record action + Livewire request"
267,browse_modular_pics_what_size_price,modular_pics_what_size_price,viewAny,1|4|5|8,"admin|manager|Admin 2|seo_manager",4,"App\Filament\Clusters\Content\Resources\ModularPicsWhatSizePriceResource","Map exact legacy assignment to Policy/Action ability; canAccessPanel is an additional perimeter; deny unknown roles/actions",ready_for_role_matrix_test,"For each of 8 roles: navigation visibility + direct URL + table query scope + record action + Livewire request"
268,read_modular_pics_what_size_price,modular_pics_what_size_price,view,1|4|5|8,"admin|manager|Admin 2|seo_manager",4,"App\Filament\Clusters\Content\Resources\ModularPicsWhatSizePriceResource","Map exact legacy assignment to Policy/Action ability; canAccessPanel is an additional perimeter; deny unknown roles/actions",ready_for_role_matrix_test,"For each of 8 roles: navigation visibility + direct URL + table query scope + record action + Livewire request"
269,edit_modular_pics_what_size_price,modular_pics_what_size_price,update,1|4|8,admin|manager|seo_manager,3,"App\Filament\Clusters\Content\Resources\ModularPicsWhatSizePriceResource","Map exact legacy assignment to Policy/Action ability; canAccessPanel is an additional perimeter; deny unknown roles/actions",ready_for_role_matrix_test,"For each of 8 roles: navigation visibility + direct URL + table query scope + record action + Livewire request"
270,add_modular_pics_what_size_price,modular_pics_what_size_price,create,1|4|5|8,"admin|manager|Admin 2|seo_manager",4,"App\Filament\Clusters\Content\Resources\ModularPicsWhatSizePriceResource","Map exact legacy assignment to Policy/Action ability; canAccessPanel is an additional perimeter; deny unknown roles/actions",ready_for_role_matrix_test,"For each of 8 roles: navigation visibility + direct URL + table query scope + record action + Livewire request"
271,delete_modular_pics_what_size_price,modular_pics_what_size_price,delete,1|4|8,admin|manager|seo_manager,3,"App\Filament\Clusters\Content\Resources\ModularPicsWhatSizePriceResource","Map exact legacy assignment to Policy/Action ability; canAccessPanel is an additional perimeter; deny unknown roles/actions",ready_for_role_matrix_test,"For each of 8 roles: navigation visibility + direct URL + table query scope + record action + Livewire request"
272,browse_string_tranlations,string_tranlations,viewAny,1|4|5|8,"admin|manager|Admin 2|seo_manager",4,"App\Filament\Clusters\Translations\Resources\StringTranlationsResource","Map exact legacy assignment to Policy/Action ability; canAccessPanel is an additional perimeter; deny unknown roles/actions",ready_for_role_matrix_test,"For each of 8 roles: navigation visibility + direct URL + table query scope + record action + Livewire request"
273,read_string_tranlations,string_tranlations,view,1|4|5|8,"admin|manager|Admin 2|seo_manager",4,"App\Filament\Clusters\Translations\Resources\StringTranlationsResource","Map exact legacy assignment to Policy/Action ability; canAccessPanel is an additional perimeter; deny unknown roles/actions",ready_for_role_matrix_test,"For each of 8 roles: navigation visibility + direct URL + table query scope + record action + Livewire request"
274,edit_string_tranlations,string_tranlations,update,1|4|8,admin|manager|seo_manager,3,"App\Filament\Clusters\Translations\Resources\StringTranlationsResource","Map exact legacy assignment to Policy/Action ability; canAccessPanel is an additional perimeter; deny unknown roles/actions",ready_for_role_matrix_test,"For each of 8 roles: navigation visibility + direct URL + table query scope + record action + Livewire request"
275,add_string_tranlations,string_tranlations,create,4|5|8,"manager|Admin 2|seo_manager",3,"App\Filament\Clusters\Translations\Resources\StringTranlationsResource","Map exact legacy assignment to Policy/Action ability; canAccessPanel is an additional perimeter; deny unknown roles/actions",ready_for_role_matrix_test,"For each of 8 roles: navigation visibility + direct URL + table query scope + record action + Livewire request"
276,delete_string_tranlations,string_tranlations,delete,4|8,manager|seo_manager,2,"App\Filament\Clusters\Translations\Resources\StringTranlationsResource","Map exact legacy assignment to Policy/Action ability; canAccessPanel is an additional perimeter; deny unknown roles/actions",ready_for_role_matrix_test,"For each of 8 roles: navigation visibility + direct URL + table query scope + record action + Livewire request"
277,browse_port_before_after,port_before_after,viewAny,1|4|5|8,"admin|manager|Admin 2|seo_manager",4,"App\Filament\Clusters\Content\Resources\PortBeforeAfterResource","Map exact legacy assignment to Policy/Action ability; canAccessPanel is an additional perimeter; deny unknown roles/actions",ready_for_role_matrix_test,"For each of 8 roles: navigation visibility + direct URL + table query scope + record action + Livewire request"
278,read_port_before_after,port_before_after,view,1|4|5|8,"admin|manager|Admin 2|seo_manager",4,"App\Filament\Clusters\Content\Resources\PortBeforeAfterResource","Map exact legacy assignment to Policy/Action ability; canAccessPanel is an additional perimeter; deny unknown roles/actions",ready_for_role_matrix_test,"For each of 8 roles: navigation visibility + direct URL + table query scope + record action + Livewire request"
279,edit_port_before_after,port_before_after,update,1|4|8,admin|manager|seo_manager,3,"App\Filament\Clusters\Content\Resources\PortBeforeAfterResource","Map exact legacy assignment to Policy/Action ability; canAccessPanel is an additional perimeter; deny unknown roles/actions",ready_for_role_matrix_test,"For each of 8 roles: navigation visibility + direct URL + table query scope + record action + Livewire request"
280,add_port_before_after,port_before_after,create,1|4|5|8,"admin|manager|Admin 2|seo_manager",4,"App\Filament\Clusters\Content\Resources\PortBeforeAfterResource","Map exact legacy assignment to Policy/Action ability; canAccessPanel is an additional perimeter; deny unknown roles/actions",ready_for_role_matrix_test,"For each of 8 roles: navigation visibility + direct URL + table query scope + record action + Livewire request"
281,delete_port_before_after,port_before_after,delete,1|4|8,admin|manager|seo_manager,3,"App\Filament\Clusters\Content\Resources\PortBeforeAfterResource","Map exact legacy assignment to Policy/Action ability; canAccessPanel is an additional perimeter; deny unknown roles/actions",ready_for_role_matrix_test,"For each of 8 roles: navigation visibility + direct URL + table query scope + record action + Livewire request"
282,browse_styl_page,styl_page,viewAny,1|4|5|8,"admin|manager|Admin 2|seo_manager",4,"App\Filament\Clusters\Content\Resources\StylPageResource","Map exact legacy assignment to Policy/Action ability; canAccessPanel is an additional perimeter; deny unknown roles/actions",ready_for_role_matrix_test,"For each of 8 roles: navigation visibility + direct URL + table query scope + record action + Livewire request"
283,read_styl_page,styl_page,view,1|4|5|8,"admin|manager|Admin 2|seo_manager",4,"App\Filament\Clusters\Content\Resources\StylPageResource","Map exact legacy assignment to Policy/Action ability; canAccessPanel is an additional perimeter; deny unknown roles/actions",ready_for_role_matrix_test,"For each of 8 roles: navigation visibility + direct URL + table query scope + record action + Livewire request"
284,edit_styl_page,styl_page,update,1|4|8,admin|manager|seo_manager,3,"App\Filament\Clusters\Content\Resources\StylPageResource","Map exact legacy assignment to Policy/Action ability; canAccessPanel is an additional perimeter; deny unknown roles/actions",ready_for_role_matrix_test,"For each of 8 roles: navigation visibility + direct URL + table query scope + record action + Livewire request"
285,add_styl_page,styl_page,create,4|5|8,"manager|Admin 2|seo_manager",3,"App\Filament\Clusters\Content\Resources\StylPageResource","Map exact legacy assignment to Policy/Action ability; canAccessPanel is an additional perimeter; deny unknown roles/actions",ready_for_role_matrix_test,"For each of 8 roles: navigation visibility + direct URL + table query scope + record action + Livewire request"
286,delete_styl_page,styl_page,delete,4|8,manager|seo_manager,2,"App\Filament\Clusters\Content\Resources\StylPageResource","Map exact legacy assignment to Policy/Action ability; canAccessPanel is an additional perimeter; deny unknown roles/actions",ready_for_role_matrix_test,"For each of 8 roles: navigation visibility + direct URL + table query scope + record action + Livewire request"
287,browse_styl_page_port_obr,styl_page_port_obr,viewAny,1|4|5|8,"admin|manager|Admin 2|seo_manager",4,"App\Filament\Clusters\Content\Resources\StylPagePortObrResource","Map exact legacy assignment to Policy/Action ability; canAccessPanel is an additional perimeter; deny unknown roles/actions",ready_for_role_matrix_test,"For each of 8 roles: navigation visibility + direct URL + table query scope + record action + Livewire request"
288,read_styl_page_port_obr,styl_page_port_obr,view,1|4|5|8,"admin|manager|Admin 2|seo_manager",4,"App\Filament\Clusters\Content\Resources\StylPagePortObrResource","Map exact legacy assignment to Policy/Action ability; canAccessPanel is an additional perimeter; deny unknown roles/actions",ready_for_role_matrix_test,"For each of 8 roles: navigation visibility + direct URL + table query scope + record action + Livewire request"
289,edit_styl_page_port_obr,styl_page_port_obr,update,1|4|8,admin|manager|seo_manager,3,"App\Filament\Clusters\Content\Resources\StylPagePortObrResource","Map exact legacy assignment to Policy/Action ability; canAccessPanel is an additional perimeter; deny unknown roles/actions",ready_for_role_matrix_test,"For each of 8 roles: navigation visibility + direct URL + table query scope + record action + Livewire request"
290,add_styl_page_port_obr,styl_page_port_obr,create,1|4|5|8,"admin|manager|Admin 2|seo_manager",4,"App\Filament\Clusters\Content\Resources\StylPagePortObrResource","Map exact legacy assignment to Policy/Action ability; canAccessPanel is an additional perimeter; deny unknown roles/actions",ready_for_role_matrix_test,"For each of 8 roles: navigation visibility + direct URL + table query scope + record action + Livewire request"
291,delete_styl_page_port_obr,styl_page_port_obr,delete,1|4|8,admin|manager|seo_manager,3,"App\Filament\Clusters\Content\Resources\StylPagePortObrResource","Map exact legacy assignment to Policy/Action ability; canAccessPanel is an additional perimeter; deny unknown roles/actions",ready_for_role_matrix_test,"For each of 8 roles: navigation visibility + direct URL + table query scope + record action + Livewire request"
292,browse_styl_page_port_goup_obr,styl_page_port_goup_obr,viewAny,1|4|5|8,"admin|manager|Admin 2|seo_manager",4,"App\Filament\Clusters\Content\Resources\StylPagePortGoupObrResource","Map exact legacy assignment to Policy/Action ability; canAccessPanel is an additional perimeter; deny unknown roles/actions",ready_for_role_matrix_test,"For each of 8 roles: navigation visibility + direct URL + table query scope + record action + Livewire request"
293,read_styl_page_port_goup_obr,styl_page_port_goup_obr,view,1|4|5|8,"admin|manager|Admin 2|seo_manager",4,"App\Filament\Clusters\Content\Resources\StylPagePortGoupObrResource","Map exact legacy assignment to Policy/Action ability; canAccessPanel is an additional perimeter; deny unknown roles/actions",ready_for_role_matrix_test,"For each of 8 roles: navigation visibility + direct URL + table query scope + record action + Livewire request"
294,edit_styl_page_port_goup_obr,styl_page_port_goup_obr,update,1|4|8,admin|manager|seo_manager,3,"App\Filament\Clusters\Content\Resources\StylPagePortGoupObrResource","Map exact legacy assignment to Policy/Action ability; canAccessPanel is an additional perimeter; deny unknown roles/actions",ready_for_role_matrix_test,"For each of 8 roles: navigation visibility + direct URL + table query scope + record action + Livewire request"
295,add_styl_page_port_goup_obr,styl_page_port_goup_obr,create,1|4|5|8,"admin|manager|Admin 2|seo_manager",4,"App\Filament\Clusters\Content\Resources\StylPagePortGoupObrResource","Map exact legacy assignment to Policy/Action ability; canAccessPanel is an additional perimeter; deny unknown roles/actions",ready_for_role_matrix_test,"For each of 8 roles: navigation visibility + direct URL + table query scope + record action + Livewire request"
296,delete_styl_page_port_goup_obr,styl_page_port_goup_obr,delete,1|4|8,admin|manager|seo_manager,3,"App\Filament\Clusters\Content\Resources\StylPagePortGoupObrResource","Map exact legacy assignment to Policy/Action ability; canAccessPanel is an additional perimeter; deny unknown roles/actions",ready_for_role_matrix_test,"For each of 8 roles: navigation visibility + direct URL + table query scope + record action + Livewire request"
297,browse_styl_page_info,styl_page_info,viewAny,1|4|5|8,"admin|manager|Admin 2|seo_manager",4,"App\Filament\Clusters\Content\Resources\StylPageInfoResource","Map exact legacy assignment to Policy/Action ability; canAccessPanel is an additional perimeter; deny unknown roles/actions",ready_for_role_matrix_test,"For each of 8 roles: navigation visibility + direct URL + table query scope + record action + Livewire request"
298,read_styl_page_info,styl_page_info,view,1|4|5|8,"admin|manager|Admin 2|seo_manager",4,"App\Filament\Clusters\Content\Resources\StylPageInfoResource","Map exact legacy assignment to Policy/Action ability; canAccessPanel is an additional perimeter; deny unknown roles/actions",ready_for_role_matrix_test,"For each of 8 roles: navigation visibility + direct URL + table query scope + record action + Livewire request"
299,edit_styl_page_info,styl_page_info,update,1|4|8,admin|manager|seo_manager,3,"App\Filament\Clusters\Content\Resources\StylPageInfoResource","Map exact legacy assignment to Policy/Action ability; canAccessPanel is an additional perimeter; deny unknown roles/actions",ready_for_role_matrix_test,"For each of 8 roles: navigation visibility + direct URL + table query scope + record action + Livewire request"
300,add_styl_page_info,styl_page_info,create,1|4|5|8,"admin|manager|Admin 2|seo_manager",4,"App\Filament\Clusters\Content\Resources\StylPageInfoResource","Map exact legacy assignment to Policy/Action ability; canAccessPanel is an additional perimeter; deny unknown roles/actions",ready_for_role_matrix_test,"For each of 8 roles: navigation visibility + direct URL + table query scope + record action + Livewire request"
301,delete_styl_page_info,styl_page_info,delete,1|4|8,admin|manager|seo_manager,3,"App\Filament\Clusters\Content\Resources\StylPageInfoResource","Map exact legacy assignment to Policy/Action ability; canAccessPanel is an additional perimeter; deny unknown roles/actions",ready_for_role_matrix_test,"For each of 8 roles: navigation visibility + direct URL + table query scope + record action + Livewire request"
302,browse_sharj_work_ex,sharj_work_ex,viewAny,1|4|5|8,"admin|manager|Admin 2|seo_manager",4,"App\Filament\Clusters\Content\Resources\SharjWorkExResource","Map exact legacy assignment to Policy/Action ability; canAccessPanel is an additional perimeter; deny unknown roles/actions",ready_for_role_matrix_test,"For each of 8 roles: navigation visibility + direct URL + table query scope + record action + Livewire request"
303,read_sharj_work_ex,sharj_work_ex,view,1|4|5|8,"admin|manager|Admin 2|seo_manager",4,"App\Filament\Clusters\Content\Resources\SharjWorkExResource","Map exact legacy assignment to Policy/Action ability; canAccessPanel is an additional perimeter; deny unknown roles/actions",ready_for_role_matrix_test,"For each of 8 roles: navigation visibility + direct URL + table query scope + record action + Livewire request"
304,edit_sharj_work_ex,sharj_work_ex,update,1|4|8,admin|manager|seo_manager,3,"App\Filament\Clusters\Content\Resources\SharjWorkExResource","Map exact legacy assignment to Policy/Action ability; canAccessPanel is an additional perimeter; deny unknown roles/actions",ready_for_role_matrix_test,"For each of 8 roles: navigation visibility + direct URL + table query scope + record action + Livewire request"
305,add_sharj_work_ex,sharj_work_ex,create,1|4|5|8,"admin|manager|Admin 2|seo_manager",4,"App\Filament\Clusters\Content\Resources\SharjWorkExResource","Map exact legacy assignment to Policy/Action ability; canAccessPanel is an additional perimeter; deny unknown roles/actions",ready_for_role_matrix_test,"For each of 8 roles: navigation visibility + direct URL + table query scope + record action + Livewire request"
306,delete_sharj_work_ex,sharj_work_ex,delete,1|4|8,admin|manager|seo_manager,3,"App\Filament\Clusters\Content\Resources\SharjWorkExResource","Map exact legacy assignment to Policy/Action ability; canAccessPanel is an additional perimeter; deny unknown roles/actions",ready_for_role_matrix_test,"For each of 8 roles: navigation visibility + direct URL + table query scope + record action + Livewire request"
307,browse_sharj_work_group_ex,sharj_work_group_ex,viewAny,1|4|5|8,"admin|manager|Admin 2|seo_manager",4,"App\Filament\Clusters\Content\Resources\SharjWorkGroupExResource","Map exact legacy assignment to Policy/Action ability; canAccessPanel is an additional perimeter; deny unknown roles/actions",ready_for_role_matrix_test,"For each of 8 roles: navigation visibility + direct URL + table query scope + record action + Livewire request"
308,read_sharj_work_group_ex,sharj_work_group_ex,view,1|4|5|8,"admin|manager|Admin 2|seo_manager",4,"App\Filament\Clusters\Content\Resources\SharjWorkGroupExResource","Map exact legacy assignment to Policy/Action ability; canAccessPanel is an additional perimeter; deny unknown roles/actions",ready_for_role_matrix_test,"For each of 8 roles: navigation visibility + direct URL + table query scope + record action + Livewire request"
309,edit_sharj_work_group_ex,sharj_work_group_ex,update,1|4|8,admin|manager|seo_manager,3,"App\Filament\Clusters\Content\Resources\SharjWorkGroupExResource","Map exact legacy assignment to Policy/Action ability; canAccessPanel is an additional perimeter; deny unknown roles/actions",ready_for_role_matrix_test,"For each of 8 roles: navigation visibility + direct URL + table query scope + record action + Livewire request"
310,add_sharj_work_group_ex,sharj_work_group_ex,create,1|4|5|8,"admin|manager|Admin 2|seo_manager",4,"App\Filament\Clusters\Content\Resources\SharjWorkGroupExResource","Map exact legacy assignment to Policy/Action ability; canAccessPanel is an additional perimeter; deny unknown roles/actions",ready_for_role_matrix_test,"For each of 8 roles: navigation visibility + direct URL + table query scope + record action + Livewire request"
311,delete_sharj_work_group_ex,sharj_work_group_ex,delete,1|4|8,admin|manager|seo_manager,3,"App\Filament\Clusters\Content\Resources\SharjWorkGroupExResource","Map exact legacy assignment to Policy/Action ability; canAccessPanel is an additional perimeter; deny unknown roles/actions",ready_for_role_matrix_test,"For each of 8 roles: navigation visibility + direct URL + table query scope + record action + Livewire request"
317,browse_portraits_hard,portraits_hard,viewAny,1|4|5|8,"admin|manager|Admin 2|seo_manager",4,"App\Filament\Clusters\Content\Resources\PortraitsHardResource","Map exact legacy assignment to Policy/Action ability; canAccessPanel is an additional perimeter; deny unknown roles/actions",ready_for_role_matrix_test,"For each of 8 roles: navigation visibility + direct URL + table query scope + record action + Livewire request"
318,read_portraits_hard,portraits_hard,view,1|4|5|8,"admin|manager|Admin 2|seo_manager",4,"App\Filament\Clusters\Content\Resources\PortraitsHardResource","Map exact legacy assignment to Policy/Action ability; canAccessPanel is an additional perimeter; deny unknown roles/actions",ready_for_role_matrix_test,"For each of 8 roles: navigation visibility + direct URL + table query scope + record action + Livewire request"
319,edit_portraits_hard,portraits_hard,update,1|4|8,admin|manager|seo_manager,3,"App\Filament\Clusters\Content\Resources\PortraitsHardResource","Map exact legacy assignment to Policy/Action ability; canAccessPanel is an additional perimeter; deny unknown roles/actions",ready_for_role_matrix_test,"For each of 8 roles: navigation visibility + direct URL + table query scope + record action + Livewire request"
320,add_portraits_hard,portraits_hard,create,1|4|5|8,"admin|manager|Admin 2|seo_manager",4,"App\Filament\Clusters\Content\Resources\PortraitsHardResource","Map exact legacy assignment to Policy/Action ability; canAccessPanel is an additional perimeter; deny unknown roles/actions",ready_for_role_matrix_test,"For each of 8 roles: navigation visibility + direct URL + table query scope + record action + Livewire request"
321,delete_portraits_hard,portraits_hard,delete,1|4|8,admin|manager|seo_manager,3,"App\Filament\Clusters\Content\Resources\PortraitsHardResource","Map exact legacy assignment to Policy/Action ability; canAccessPanel is an additional perimeter; deny unknown roles/actions",ready_for_role_matrix_test,"For each of 8 roles: navigation visibility + direct URL + table query scope + record action + Livewire request"
322,browse_port_prev_items,port_prev_items,viewAny,1|4|5|8,"admin|manager|Admin 2|seo_manager",4,"App\Filament\Clusters\Content\Resources\PortPrevItemsResource","Map exact legacy assignment to Policy/Action ability; canAccessPanel is an additional perimeter; deny unknown roles/actions",ready_for_role_matrix_test,"For each of 8 roles: navigation visibility + direct URL + table query scope + record action + Livewire request"
323,read_port_prev_items,port_prev_items,view,1|4|5|8,"admin|manager|Admin 2|seo_manager",4,"App\Filament\Clusters\Content\Resources\PortPrevItemsResource","Map exact legacy assignment to Policy/Action ability; canAccessPanel is an additional perimeter; deny unknown roles/actions",ready_for_role_matrix_test,"For each of 8 roles: navigation visibility + direct URL + table query scope + record action + Livewire request"
324,edit_port_prev_items,port_prev_items,update,1|4|8,admin|manager|seo_manager,3,"App\Filament\Clusters\Content\Resources\PortPrevItemsResource","Map exact legacy assignment to Policy/Action ability; canAccessPanel is an additional perimeter; deny unknown roles/actions",ready_for_role_matrix_test,"For each of 8 roles: navigation visibility + direct URL + table query scope + record action + Livewire request"
325,add_port_prev_items,port_prev_items,create,1|4|5|8,"admin|manager|Admin 2|seo_manager",4,"App\Filament\Clusters\Content\Resources\PortPrevItemsResource","Map exact legacy assignment to Policy/Action ability; canAccessPanel is an additional perimeter; deny unknown roles/actions",ready_for_role_matrix_test,"For each of 8 roles: navigation visibility + direct URL + table query scope + record action + Livewire request"
326,delete_port_prev_items,port_prev_items,delete,1|4|8,admin|manager|seo_manager,3,"App\Filament\Clusters\Content\Resources\PortPrevItemsResource","Map exact legacy assignment to Policy/Action ability; canAccessPanel is an additional perimeter; deny unknown roles/actions",ready_for_role_matrix_test,"For each of 8 roles: navigation visibility + direct URL + table query scope + record action + Livewire request"
327,browse_stocks,stocks,viewAny,1|4|5|8,"admin|manager|Admin 2|seo_manager",4,"App\Filament\Clusters\Catalog\Resources\StocksResource","Map exact legacy assignment to Policy/Action ability; canAccessPanel is an additional perimeter; deny unknown roles/actions",ready_for_role_matrix_test,"For each of 8 roles: navigation visibility + direct URL + table query scope + record action + Livewire request"
328,read_stocks,stocks,view,1|4|5|8,"admin|manager|Admin 2|seo_manager",4,"App\Filament\Clusters\Catalog\Resources\StocksResource","Map exact legacy assignment to Policy/Action ability; canAccessPanel is an additional perimeter; deny unknown roles/actions",ready_for_role_matrix_test,"For each of 8 roles: navigation visibility + direct URL + table query scope + record action + Livewire request"
329,edit_stocks,stocks,update,1|4|8,admin|manager|seo_manager,3,"App\Filament\Clusters\Catalog\Resources\StocksResource","Map exact legacy assignment to Policy/Action ability; canAccessPanel is an additional perimeter; deny unknown roles/actions",ready_for_role_matrix_test,"For each of 8 roles: navigation visibility + direct URL + table query scope + record action + Livewire request"
330,add_stocks,stocks,create,4|5|8,"manager|Admin 2|seo_manager",3,"App\Filament\Clusters\Catalog\Resources\StocksResource","Map exact legacy assignment to Policy/Action ability; canAccessPanel is an additional perimeter; deny unknown roles/actions",ready_for_role_matrix_test,"For each of 8 roles: navigation visibility + direct URL + table query scope + record action + Livewire request"
331,delete_stocks,stocks,delete,4|8,manager|seo_manager,2,"App\Filament\Clusters\Catalog\Resources\StocksResource","Map exact legacy assignment to Policy/Action ability; canAccessPanel is an additional perimeter; deny unknown roles/actions",ready_for_role_matrix_test,"For each of 8 roles: navigation visibility + direct URL + table query scope + record action + Livewire request"
332,browse_string_tranlations2,string_tranlations2,viewAny,1|4|5|8,"admin|manager|Admin 2|seo_manager",4,"App\Filament\Clusters\Translations\Resources\StringTranlations2Resource","Map exact legacy assignment to Policy/Action ability; canAccessPanel is an additional perimeter; deny unknown roles/actions",ready_for_role_matrix_test,"For each of 8 roles: navigation visibility + direct URL + table query scope + record action + Livewire request"
333,read_string_tranlations2,string_tranlations2,view,1|4|5|8,"admin|manager|Admin 2|seo_manager",4,"App\Filament\Clusters\Translations\Resources\StringTranlations2Resource","Map exact legacy assignment to Policy/Action ability; canAccessPanel is an additional perimeter; deny unknown roles/actions",ready_for_role_matrix_test,"For each of 8 roles: navigation visibility + direct URL + table query scope + record action + Livewire request"
334,edit_string_tranlations2,string_tranlations2,update,1|4|8,admin|manager|seo_manager,3,"App\Filament\Clusters\Translations\Resources\StringTranlations2Resource","Map exact legacy assignment to Policy/Action ability; canAccessPanel is an additional perimeter; deny unknown roles/actions",ready_for_role_matrix_test,"For each of 8 roles: navigation visibility + direct URL + table query scope + record action + Livewire request"
335,add_string_tranlations2,string_tranlations2,create,4|5|8,"manager|Admin 2|seo_manager",3,"App\Filament\Clusters\Translations\Resources\StringTranlations2Resource","Map exact legacy assignment to Policy/Action ability; canAccessPanel is an additional perimeter; deny unknown roles/actions",ready_for_role_matrix_test,"For each of 8 roles: navigation visibility + direct URL + table query scope + record action + Livewire request"
336,delete_string_tranlations2,string_tranlations2,delete,4|8,manager|seo_manager,2,"App\Filament\Clusters\Translations\Resources\StringTranlations2Resource","Map exact legacy assignment to Policy/Action ability; canAccessPanel is an additional perimeter; deny unknown roles/actions",ready_for_role_matrix_test,"For each of 8 roles: navigation visibility + direct URL + table query scope + record action + Livewire request"
337,browse_coupons,coupons,viewAny,1|4|5|8,"admin|manager|Admin 2|seo_manager",4,"App\Filament\Clusters\Catalog\Resources\CouponsResource","Map exact legacy assignment to Policy/Action ability; canAccessPanel is an additional perimeter; deny unknown roles/actions",ready_for_role_matrix_test,"For each of 8 roles: navigation visibility + direct URL + table query scope + record action + Livewire request"
338,read_coupons,coupons,view,1|4|5|8,"admin|manager|Admin 2|seo_manager",4,"App\Filament\Clusters\Catalog\Resources\CouponsResource","Map exact legacy assignment to Policy/Action ability; canAccessPanel is an additional perimeter; deny unknown roles/actions",ready_for_role_matrix_test,"For each of 8 roles: navigation visibility + direct URL + table query scope + record action + Livewire request"
339,edit_coupons,coupons,update,1|4|8,admin|manager|seo_manager,3,"App\Filament\Clusters\Catalog\Resources\CouponsResource","Map exact legacy assignment to Policy/Action ability; canAccessPanel is an additional perimeter; deny unknown roles/actions",ready_for_role_matrix_test,"For each of 8 roles: navigation visibility + direct URL + table query scope + record action + Livewire request"
340,add_coupons,coupons,create,1|4|5|8,"admin|manager|Admin 2|seo_manager",4,"App\Filament\Clusters\Catalog\Resources\CouponsResource","Map exact legacy assignment to Policy/Action ability; canAccessPanel is an additional perimeter; deny unknown roles/actions",ready_for_role_matrix_test,"For each of 8 roles: navigation visibility + direct URL + table query scope + record action + Livewire request"
341,delete_coupons,coupons,delete,1|4|8,admin|manager|seo_manager,3,"App\Filament\Clusters\Catalog\Resources\CouponsResource","Map exact legacy assignment to Policy/Action ability; canAccessPanel is an additional perimeter; deny unknown roles/actions",ready_for_role_matrix_test,"For each of 8 roles: navigation visibility + direct URL + table query scope + record action + Livewire request"
342,browse_order_action,order_action,viewAny,1|4|5|8,"admin|manager|Admin 2|seo_manager",4,"App\Filament\Clusters\Crm\Resources\OrderActionResource","Map exact legacy assignment to Policy/Action ability; canAccessPanel is an additional perimeter; deny unknown roles/actions",ready_for_role_matrix_test,"For each of 8 roles: navigation visibility + direct URL + table query scope + record action + Livewire request"
343,read_order_action,order_action,view,1|4|5|8,"admin|manager|Admin 2|seo_manager",4,"App\Filament\Clusters\Crm\Resources\OrderActionResource","Map exact legacy assignment to Policy/Action ability; canAccessPanel is an additional perimeter; deny unknown roles/actions",ready_for_role_matrix_test,"For each of 8 roles: navigation visibility + direct URL + table query scope + record action + Livewire request"
344,edit_order_action,order_action,update,1|4|8,admin|manager|seo_manager,3,"App\Filament\Clusters\Crm\Resources\OrderActionResource","Map exact legacy assignment to Policy/Action ability; canAccessPanel is an additional perimeter; deny unknown roles/actions",ready_for_role_matrix_test,"For each of 8 roles: navigation visibility + direct URL + table query scope + record action + Livewire request"
345,add_order_action,order_action,create,1|4|5|8,"admin|manager|Admin 2|seo_manager",4,"App\Filament\Clusters\Crm\Resources\OrderActionResource","Map exact legacy assignment to Policy/Action ability; canAccessPanel is an additional perimeter; deny unknown roles/actions",ready_for_role_matrix_test,"For each of 8 roles: navigation visibility + direct URL + table query scope + record action + Livewire request"
346,delete_order_action,order_action,delete,1|4|8,admin|manager|seo_manager,3,"App\Filament\Clusters\Crm\Resources\OrderActionResource","Map exact legacy assignment to Policy/Action ability; canAccessPanel is an additional perimeter; deny unknown roles/actions",ready_for_role_matrix_test,"For each of 8 roles: navigation visibility + direct URL + table query scope + record action + Livewire request"
347,browse_gift_card,gift_card,viewAny,1|4|5|8,"admin|manager|Admin 2|seo_manager",4,"App\Filament\Clusters\Commerce\Resources\GiftCardResource","Map exact legacy assignment to Policy/Action ability; canAccessPanel is an additional perimeter; deny unknown roles/actions",ready_for_role_matrix_test,"For each of 8 roles: navigation visibility + direct URL + table query scope + record action + Livewire request"
348,read_gift_card,gift_card,view,1|4|5|8,"admin|manager|Admin 2|seo_manager",4,"App\Filament\Clusters\Commerce\Resources\GiftCardResource","Map exact legacy assignment to Policy/Action ability; canAccessPanel is an additional perimeter; deny unknown roles/actions",ready_for_role_matrix_test,"For each of 8 roles: navigation visibility + direct URL + table query scope + record action + Livewire request"
349,edit_gift_card,gift_card,update,1|4|8,admin|manager|seo_manager,3,"App\Filament\Clusters\Commerce\Resources\GiftCardResource","Map exact legacy assignment to Policy/Action ability; canAccessPanel is an additional perimeter; deny unknown roles/actions",ready_for_role_matrix_test,"For each of 8 roles: navigation visibility + direct URL + table query scope + record action + Livewire request"
350,add_gift_card,gift_card,create,1|4|5|8,"admin|manager|Admin 2|seo_manager",4,"App\Filament\Clusters\Commerce\Resources\GiftCardResource","Map exact legacy assignment to Policy/Action ability; canAccessPanel is an additional perimeter; deny unknown roles/actions",ready_for_role_matrix_test,"For each of 8 roles: navigation visibility + direct URL + table query scope + record action + Livewire request"
351,delete_gift_card,gift_card,delete,1|4|8,admin|manager|seo_manager,3,"App\Filament\Clusters\Commerce\Resources\GiftCardResource","Map exact legacy assignment to Policy/Action ability; canAccessPanel is an additional perimeter; deny unknown roles/actions",ready_for_role_matrix_test,"For each of 8 roles: navigation visibility + direct URL + table query scope + record action + Livewire request"
352,browse_gift_card_noms,gift_card_noms,viewAny,1|4|5|8,"admin|manager|Admin 2|seo_manager",4,"App\Filament\Clusters\Commerce\Resources\GiftCardNomsResource","Map exact legacy assignment to Policy/Action ability; canAccessPanel is an additional perimeter; deny unknown roles/actions",ready_for_role_matrix_test,"For each of 8 roles: navigation visibility + direct URL + table query scope + record action + Livewire request"
353,read_gift_card_noms,gift_card_noms,view,1|4|5|8,"admin|manager|Admin 2|seo_manager",4,"App\Filament\Clusters\Commerce\Resources\GiftCardNomsResource","Map exact legacy assignment to Policy/Action ability; canAccessPanel is an additional perimeter; deny unknown roles/actions",ready_for_role_matrix_test,"For each of 8 roles: navigation visibility + direct URL + table query scope + record action + Livewire request"
354,edit_gift_card_noms,gift_card_noms,update,1|4|8,admin|manager|seo_manager,3,"App\Filament\Clusters\Commerce\Resources\GiftCardNomsResource","Map exact legacy assignment to Policy/Action ability; canAccessPanel is an additional perimeter; deny unknown roles/actions",ready_for_role_matrix_test,"For each of 8 roles: navigation visibility + direct URL + table query scope + record action + Livewire request"
355,add_gift_card_noms,gift_card_noms,create,1|4|5|8,"admin|manager|Admin 2|seo_manager",4,"App\Filament\Clusters\Commerce\Resources\GiftCardNomsResource","Map exact legacy assignment to Policy/Action ability; canAccessPanel is an additional perimeter; deny unknown roles/actions",ready_for_role_matrix_test,"For each of 8 roles: navigation visibility + direct URL + table query scope + record action + Livewire request"
356,delete_gift_card_noms,gift_card_noms,delete,1|4|8,admin|manager|seo_manager,3,"App\Filament\Clusters\Commerce\Resources\GiftCardNomsResource","Map exact legacy assignment to Policy/Action ability; canAccessPanel is an additional perimeter; deny unknown roles/actions",ready_for_role_matrix_test,"For each of 8 roles: navigation visibility + direct URL + table query scope + record action + Livewire request"
357,browse_basket_strings,basket_strings,viewAny,1|4|5|8,"admin|manager|Admin 2|seo_manager",4,"App\Filament\Clusters\Commerce\Resources\BasketStringsResource","Map exact legacy assignment to Policy/Action ability; canAccessPanel is an additional perimeter; deny unknown roles/actions",ready_for_role_matrix_test,"For each of 8 roles: navigation visibility + direct URL + table query scope + record action + Livewire request"
358,read_basket_strings,basket_strings,view,1|4|5|8,"admin|manager|Admin 2|seo_manager",4,"App\Filament\Clusters\Commerce\Resources\BasketStringsResource","Map exact legacy assignment to Policy/Action ability; canAccessPanel is an additional perimeter; deny unknown roles/actions",ready_for_role_matrix_test,"For each of 8 roles: navigation visibility + direct URL + table query scope + record action + Livewire request"
359,edit_basket_strings,basket_strings,update,1|4|8,admin|manager|seo_manager,3,"App\Filament\Clusters\Commerce\Resources\BasketStringsResource","Map exact legacy assignment to Policy/Action ability; canAccessPanel is an additional perimeter; deny unknown roles/actions",ready_for_role_matrix_test,"For each of 8 roles: navigation visibility + direct URL + table query scope + record action + Livewire request"
360,add_basket_strings,basket_strings,create,1|4|5|8,"admin|manager|Admin 2|seo_manager",4,"App\Filament\Clusters\Commerce\Resources\BasketStringsResource","Map exact legacy assignment to Policy/Action ability; canAccessPanel is an additional perimeter; deny unknown roles/actions",ready_for_role_matrix_test,"For each of 8 roles: navigation visibility + direct URL + table query scope + record action + Livewire request"
361,delete_basket_strings,basket_strings,delete,1|4|8,admin|manager|seo_manager,3,"App\Filament\Clusters\Commerce\Resources\BasketStringsResource","Map exact legacy assignment to Policy/Action ability; canAccessPanel is an additional perimeter; deny unknown roles/actions",ready_for_role_matrix_test,"For each of 8 roles: navigation visibility + direct URL + table query scope + record action + Livewire request"
362,browse_country_tels,country_tels,viewAny,1|4|5|8,"admin|manager|Admin 2|seo_manager",4,"App\Filament\Clusters\Content\Resources\CountryTelsResource","Map exact legacy assignment to Policy/Action ability; canAccessPanel is an additional perimeter; deny unknown roles/actions",ready_for_role_matrix_test,"For each of 8 roles: navigation visibility + direct URL + table query scope + record action + Livewire request"
363,read_country_tels,country_tels,view,1|4|5|8,"admin|manager|Admin 2|seo_manager",4,"App\Filament\Clusters\Content\Resources\CountryTelsResource","Map exact legacy assignment to Policy/Action ability; canAccessPanel is an additional perimeter; deny unknown roles/actions",ready_for_role_matrix_test,"For each of 8 roles: navigation visibility + direct URL + table query scope + record action + Livewire request"
364,edit_country_tels,country_tels,update,1|4|8,admin|manager|seo_manager,3,"App\Filament\Clusters\Content\Resources\CountryTelsResource","Map exact legacy assignment to Policy/Action ability; canAccessPanel is an additional perimeter; deny unknown roles/actions",ready_for_role_matrix_test,"For each of 8 roles: navigation visibility + direct URL + table query scope + record action + Livewire request"
365,add_country_tels,country_tels,create,1|4|5|8,"admin|manager|Admin 2|seo_manager",4,"App\Filament\Clusters\Content\Resources\CountryTelsResource","Map exact legacy assignment to Policy/Action ability; canAccessPanel is an additional perimeter; deny unknown roles/actions",ready_for_role_matrix_test,"For each of 8 roles: navigation visibility + direct URL + table query scope + record action + Livewire request"
366,delete_country_tels,country_tels,delete,1|4|8,admin|manager|seo_manager,3,"App\Filament\Clusters\Content\Resources\CountryTelsResource","Map exact legacy assignment to Policy/Action ability; canAccessPanel is an additional perimeter; deny unknown roles/actions",ready_for_role_matrix_test,"For each of 8 roles: navigation visibility + direct URL + table query scope + record action + Livewire request"
367,browse_collage_constructor,collage_constructor,viewAny,1|4|5|8,"admin|manager|Admin 2|seo_manager",4,"App\Filament\Clusters\Catalog\Resources\CollageConstructorResource","Map exact legacy assignment to Policy/Action ability; canAccessPanel is an additional perimeter; deny unknown roles/actions",ready_for_role_matrix_test,"For each of 8 roles: navigation visibility + direct URL + table query scope + record action + Livewire request"
368,read_collage_constructor,collage_constructor,view,1|4|5|8,"admin|manager|Admin 2|seo_manager",4,"App\Filament\Clusters\Catalog\Resources\CollageConstructorResource","Map exact legacy assignment to Policy/Action ability; canAccessPanel is an additional perimeter; deny unknown roles/actions",ready_for_role_matrix_test,"For each of 8 roles: navigation visibility + direct URL + table query scope + record action + Livewire request"
369,edit_collage_constructor,collage_constructor,update,1|4|8,admin|manager|seo_manager,3,"App\Filament\Clusters\Catalog\Resources\CollageConstructorResource","Map exact legacy assignment to Policy/Action ability; canAccessPanel is an additional perimeter; deny unknown roles/actions",ready_for_role_matrix_test,"For each of 8 roles: navigation visibility + direct URL + table query scope + record action + Livewire request"
370,add_collage_constructor,collage_constructor,create,1|4|5|8,"admin|manager|Admin 2|seo_manager",4,"App\Filament\Clusters\Catalog\Resources\CollageConstructorResource","Map exact legacy assignment to Policy/Action ability; canAccessPanel is an additional perimeter; deny unknown roles/actions",ready_for_role_matrix_test,"For each of 8 roles: navigation visibility + direct URL + table query scope + record action + Livewire request"
371,delete_collage_constructor,collage_constructor,delete,1|4|8,admin|manager|seo_manager,3,"App\Filament\Clusters\Catalog\Resources\CollageConstructorResource","Map exact legacy assignment to Policy/Action ability; canAccessPanel is an additional perimeter; deny unknown roles/actions",ready_for_role_matrix_test,"For each of 8 roles: navigation visibility + direct URL + table query scope + record action + Livewire request"
372,browse_order_strings,order_strings,viewAny,1|4|5|8,"admin|manager|Admin 2|seo_manager",4,"App\Filament\Clusters\Crm\Resources\OrderStringsResource","Map exact legacy assignment to Policy/Action ability; canAccessPanel is an additional perimeter; deny unknown roles/actions",ready_for_role_matrix_test,"For each of 8 roles: navigation visibility + direct URL + table query scope + record action + Livewire request"
373,read_order_strings,order_strings,view,1|4|5|8,"admin|manager|Admin 2|seo_manager",4,"App\Filament\Clusters\Crm\Resources\OrderStringsResource","Map exact legacy assignment to Policy/Action ability; canAccessPanel is an additional perimeter; deny unknown roles/actions",ready_for_role_matrix_test,"For each of 8 roles: navigation visibility + direct URL + table query scope + record action + Livewire request"
374,edit_order_strings,order_strings,update,1|4|8,admin|manager|seo_manager,3,"App\Filament\Clusters\Crm\Resources\OrderStringsResource","Map exact legacy assignment to Policy/Action ability; canAccessPanel is an additional perimeter; deny unknown roles/actions",ready_for_role_matrix_test,"For each of 8 roles: navigation visibility + direct URL + table query scope + record action + Livewire request"
375,add_order_strings,order_strings,create,1|4|5|8,"admin|manager|Admin 2|seo_manager",4,"App\Filament\Clusters\Crm\Resources\OrderStringsResource","Map exact legacy assignment to Policy/Action ability; canAccessPanel is an additional perimeter; deny unknown roles/actions",ready_for_role_matrix_test,"For each of 8 roles: navigation visibility + direct URL + table query scope + record action + Livewire request"
376,delete_order_strings,order_strings,delete,1|4|8,admin|manager|seo_manager,3,"App\Filament\Clusters\Crm\Resources\OrderStringsResource","Map exact legacy assignment to Policy/Action ability; canAccessPanel is an additional perimeter; deny unknown roles/actions",ready_for_role_matrix_test,"For each of 8 roles: navigation visibility + direct URL + table query scope + record action + Livewire request"
377,browse_family_constructor,family_constructor,viewAny,1|4|5|8,"admin|manager|Admin 2|seo_manager",4,"App\Filament\Clusters\Catalog\Resources\FamilyConstructorResource","Map exact legacy assignment to Policy/Action ability; canAccessPanel is an additional perimeter; deny unknown roles/actions",ready_for_role_matrix_test,"For each of 8 roles: navigation visibility + direct URL + table query scope + record action + Livewire request"
378,read_family_constructor,family_constructor,view,1|4|5|8,"admin|manager|Admin 2|seo_manager",4,"App\Filament\Clusters\Catalog\Resources\FamilyConstructorResource","Map exact legacy assignment to Policy/Action ability; canAccessPanel is an additional perimeter; deny unknown roles/actions",ready_for_role_matrix_test,"For each of 8 roles: navigation visibility + direct URL + table query scope + record action + Livewire request"
379,edit_family_constructor,family_constructor,update,1|4|8,admin|manager|seo_manager,3,"App\Filament\Clusters\Catalog\Resources\FamilyConstructorResource","Map exact legacy assignment to Policy/Action ability; canAccessPanel is an additional perimeter; deny unknown roles/actions",ready_for_role_matrix_test,"For each of 8 roles: navigation visibility + direct URL + table query scope + record action + Livewire request"
380,add_family_constructor,family_constructor,create,1|4|5|8,"admin|manager|Admin 2|seo_manager",4,"App\Filament\Clusters\Catalog\Resources\FamilyConstructorResource","Map exact legacy assignment to Policy/Action ability; canAccessPanel is an additional perimeter; deny unknown roles/actions",ready_for_role_matrix_test,"For each of 8 roles: navigation visibility + direct URL + table query scope + record action + Livewire request"
381,delete_family_constructor,family_constructor,delete,1|4|8,admin|manager|seo_manager,3,"App\Filament\Clusters\Catalog\Resources\FamilyConstructorResource","Map exact legacy assignment to Policy/Action ability; canAccessPanel is an additional perimeter; deny unknown roles/actions",ready_for_role_matrix_test,"For each of 8 roles: navigation visibility + direct URL + table query scope + record action + Livewire request"
382,browse_glob_config,glob_config,viewAny,1|4|5|8,"admin|manager|Admin 2|seo_manager",4,"App\Filament\Clusters\Content\Resources\GlobConfigResource","Map exact legacy assignment to Policy/Action ability; canAccessPanel is an additional perimeter; deny unknown roles/actions",ready_for_role_matrix_test,"For each of 8 roles: navigation visibility + direct URL + table query scope + record action + Livewire request"
383,read_glob_config,glob_config,view,1|4|5|8,"admin|manager|Admin 2|seo_manager",4,"App\Filament\Clusters\Content\Resources\GlobConfigResource","Map exact legacy assignment to Policy/Action ability; canAccessPanel is an additional perimeter; deny unknown roles/actions",ready_for_role_matrix_test,"For each of 8 roles: navigation visibility + direct URL + table query scope + record action + Livewire request"
384,edit_glob_config,glob_config,update,1|4|8,admin|manager|seo_manager,3,"App\Filament\Clusters\Content\Resources\GlobConfigResource","Map exact legacy assignment to Policy/Action ability; canAccessPanel is an additional perimeter; deny unknown roles/actions",ready_for_role_matrix_test,"For each of 8 roles: navigation visibility + direct URL + table query scope + record action + Livewire request"
385,add_glob_config,glob_config,create,4|5|8,"manager|Admin 2|seo_manager",3,"App\Filament\Clusters\Content\Resources\GlobConfigResource","Map exact legacy assignment to Policy/Action ability; canAccessPanel is an additional perimeter; deny unknown roles/actions",ready_for_role_matrix_test,"For each of 8 roles: navigation visibility + direct URL + table query scope + record action + Livewire request"
386,delete_glob_config,glob_config,delete,4|8,manager|seo_manager,2,"App\Filament\Clusters\Content\Resources\GlobConfigResource","Map exact legacy assignment to Policy/Action ability; canAccessPanel is an additional perimeter; deny unknown roles/actions",ready_for_role_matrix_test,"For each of 8 roles: navigation visibility + direct URL + table query scope + record action + Livewire request"
387,browse_slider_mod,slider_mod,viewAny,1|4|5|8,"admin|manager|Admin 2|seo_manager",4,"App\Filament\Clusters\Content\Resources\SliderModResource","Map exact legacy assignment to Policy/Action ability; canAccessPanel is an additional perimeter; deny unknown roles/actions",ready_for_role_matrix_test,"For each of 8 roles: navigation visibility + direct URL + table query scope + record action + Livewire request"
388,read_slider_mod,slider_mod,view,1|4|5|8,"admin|manager|Admin 2|seo_manager",4,"App\Filament\Clusters\Content\Resources\SliderModResource","Map exact legacy assignment to Policy/Action ability; canAccessPanel is an additional perimeter; deny unknown roles/actions",ready_for_role_matrix_test,"For each of 8 roles: navigation visibility + direct URL + table query scope + record action + Livewire request"
389,edit_slider_mod,slider_mod,update,1|4|8,admin|manager|seo_manager,3,"App\Filament\Clusters\Content\Resources\SliderModResource","Map exact legacy assignment to Policy/Action ability; canAccessPanel is an additional perimeter; deny unknown roles/actions",ready_for_role_matrix_test,"For each of 8 roles: navigation visibility + direct URL + table query scope + record action + Livewire request"
390,add_slider_mod,slider_mod,create,1|4|5|8,"admin|manager|Admin 2|seo_manager",4,"App\Filament\Clusters\Content\Resources\SliderModResource","Map exact legacy assignment to Policy/Action ability; canAccessPanel is an additional perimeter; deny unknown roles/actions",ready_for_role_matrix_test,"For each of 8 roles: navigation visibility + direct URL + table query scope + record action + Livewire request"
391,delete_slider_mod,slider_mod,delete,1|4|8,admin|manager|seo_manager,3,"App\Filament\Clusters\Content\Resources\SliderModResource","Map exact legacy assignment to Policy/Action ability; canAccessPanel is an additional perimeter; deny unknown roles/actions",ready_for_role_matrix_test,"For each of 8 roles: navigation visibility + direct URL + table query scope + record action + Livewire request"
392,browse_slider_photo,slider_photo,viewAny,1|4|5|8,"admin|manager|Admin 2|seo_manager",4,"App\Filament\Clusters\Content\Resources\SliderPhotoResource","Map exact legacy assignment to Policy/Action ability; canAccessPanel is an additional perimeter; deny unknown roles/actions",ready_for_role_matrix_test,"For each of 8 roles: navigation visibility + direct URL + table query scope + record action + Livewire request"
393,read_slider_photo,slider_photo,view,1|4|5|8,"admin|manager|Admin 2|seo_manager",4,"App\Filament\Clusters\Content\Resources\SliderPhotoResource","Map exact legacy assignment to Policy/Action ability; canAccessPanel is an additional perimeter; deny unknown roles/actions",ready_for_role_matrix_test,"For each of 8 roles: navigation visibility + direct URL + table query scope + record action + Livewire request"
394,edit_slider_photo,slider_photo,update,1|4|8,admin|manager|seo_manager,3,"App\Filament\Clusters\Content\Resources\SliderPhotoResource","Map exact legacy assignment to Policy/Action ability; canAccessPanel is an additional perimeter; deny unknown roles/actions",ready_for_role_matrix_test,"For each of 8 roles: navigation visibility + direct URL + table query scope + record action + Livewire request"
395,add_slider_photo,slider_photo,create,1|4|5|8,"admin|manager|Admin 2|seo_manager",4,"App\Filament\Clusters\Content\Resources\SliderPhotoResource","Map exact legacy assignment to Policy/Action ability; canAccessPanel is an additional perimeter; deny unknown roles/actions",ready_for_role_matrix_test,"For each of 8 roles: navigation visibility + direct URL + table query scope + record action + Livewire request"
396,delete_slider_photo,slider_photo,delete,1|4|8,admin|manager|seo_manager,3,"App\Filament\Clusters\Content\Resources\SliderPhotoResource","Map exact legacy assignment to Policy/Action ability; canAccessPanel is an additional perimeter; deny unknown roles/actions",ready_for_role_matrix_test,"For each of 8 roles: navigation visibility + direct URL + table query scope + record action + Livewire request"
397,browse_slider_repr,slider_repr,viewAny,1|4|5|8,"admin|manager|Admin 2|seo_manager",4,"App\Filament\Clusters\Content\Resources\SliderReprResource","Map exact legacy assignment to Policy/Action ability; canAccessPanel is an additional perimeter; deny unknown roles/actions",ready_for_role_matrix_test,"For each of 8 roles: navigation visibility + direct URL + table query scope + record action + Livewire request"
398,read_slider_repr,slider_repr,view,1|4|5|8,"admin|manager|Admin 2|seo_manager",4,"App\Filament\Clusters\Content\Resources\SliderReprResource","Map exact legacy assignment to Policy/Action ability; canAccessPanel is an additional perimeter; deny unknown roles/actions",ready_for_role_matrix_test,"For each of 8 roles: navigation visibility + direct URL + table query scope + record action + Livewire request"
399,edit_slider_repr,slider_repr,update,1|4|8,admin|manager|seo_manager,3,"App\Filament\Clusters\Content\Resources\SliderReprResource","Map exact legacy assignment to Policy/Action ability; canAccessPanel is an additional perimeter; deny unknown roles/actions",ready_for_role_matrix_test,"For each of 8 roles: navigation visibility + direct URL + table query scope + record action + Livewire request"
400,add_slider_repr,slider_repr,create,1|4|5|8,"admin|manager|Admin 2|seo_manager",4,"App\Filament\Clusters\Content\Resources\SliderReprResource","Map exact legacy assignment to Policy/Action ability; canAccessPanel is an additional perimeter; deny unknown roles/actions",ready_for_role_matrix_test,"For each of 8 roles: navigation visibility + direct URL + table query scope + record action + Livewire request"
401,delete_slider_repr,slider_repr,delete,1|4|8,admin|manager|seo_manager,3,"App\Filament\Clusters\Content\Resources\SliderReprResource","Map exact legacy assignment to Policy/Action ability; canAccessPanel is an additional perimeter; deny unknown roles/actions",ready_for_role_matrix_test,"For each of 8 roles: navigation visibility + direct URL + table query scope + record action + Livewire request"
402,browse_collage_popular_items,collage_popular_items,viewAny,1|4|5|8,"admin|manager|Admin 2|seo_manager",4,"App\Filament\Clusters\Catalog\Resources\CollagePopularItemsResource","Map exact legacy assignment to Policy/Action ability; canAccessPanel is an additional perimeter; deny unknown roles/actions",ready_for_role_matrix_test,"For each of 8 roles: navigation visibility + direct URL + table query scope + record action + Livewire request"
403,read_collage_popular_items,collage_popular_items,view,1|4|5|8,"admin|manager|Admin 2|seo_manager",4,"App\Filament\Clusters\Catalog\Resources\CollagePopularItemsResource","Map exact legacy assignment to Policy/Action ability; canAccessPanel is an additional perimeter; deny unknown roles/actions",ready_for_role_matrix_test,"For each of 8 roles: navigation visibility + direct URL + table query scope + record action + Livewire request"
404,edit_collage_popular_items,collage_popular_items,update,1|4|8,admin|manager|seo_manager,3,"App\Filament\Clusters\Catalog\Resources\CollagePopularItemsResource","Map exact legacy assignment to Policy/Action ability; canAccessPanel is an additional perimeter; deny unknown roles/actions",ready_for_role_matrix_test,"For each of 8 roles: navigation visibility + direct URL + table query scope + record action + Livewire request"
405,add_collage_popular_items,collage_popular_items,create,1|4|5|8,"admin|manager|Admin 2|seo_manager",4,"App\Filament\Clusters\Catalog\Resources\CollagePopularItemsResource","Map exact legacy assignment to Policy/Action ability; canAccessPanel is an additional perimeter; deny unknown roles/actions",ready_for_role_matrix_test,"For each of 8 roles: navigation visibility + direct URL + table query scope + record action + Livewire request"
406,delete_collage_popular_items,collage_popular_items,delete,1|4|8,admin|manager|seo_manager,3,"App\Filament\Clusters\Catalog\Resources\CollagePopularItemsResource","Map exact legacy assignment to Policy/Action ability; canAccessPanel is an additional perimeter; deny unknown roles/actions",ready_for_role_matrix_test,"For each of 8 roles: navigation visibility + direct URL + table query scope + record action + Livewire request"
407,browse_user_messages,user_messages,viewAny,1|4|5|8,"admin|manager|Admin 2|seo_manager",4,"App\Filament\Clusters\Crm\Resources\UserMessagesResource","Map exact legacy assignment to Policy/Action ability; canAccessPanel is an additional perimeter; deny unknown roles/actions",ready_for_role_matrix_test,"For each of 8 roles: navigation visibility + direct URL + table query scope + record action + Livewire request"
408,read_user_messages,user_messages,view,1|4|5|8,"admin|manager|Admin 2|seo_manager",4,"App\Filament\Clusters\Crm\Resources\UserMessagesResource","Map exact legacy assignment to Policy/Action ability; canAccessPanel is an additional perimeter; deny unknown roles/actions",ready_for_role_matrix_test,"For each of 8 roles: navigation visibility + direct URL + table query scope + record action + Livewire request"
409,edit_user_messages,user_messages,update,1|4|8,admin|manager|seo_manager,3,"App\Filament\Clusters\Crm\Resources\UserMessagesResource","Map exact legacy assignment to Policy/Action ability; canAccessPanel is an additional perimeter; deny unknown roles/actions",ready_for_role_matrix_test,"For each of 8 roles: navigation visibility + direct URL + table query scope + record action + Livewire request"
410,add_user_messages,user_messages,create,4|5|8,"manager|Admin 2|seo_manager",3,"App\Filament\Clusters\Crm\Resources\UserMessagesResource","Map exact legacy assignment to Policy/Action ability; canAccessPanel is an additional perimeter; deny unknown roles/actions",ready_for_role_matrix_test,"For each of 8 roles: navigation visibility + direct URL + table query scope + record action + Livewire request"
411,delete_user_messages,user_messages,delete,4|8,manager|seo_manager,2,"App\Filament\Clusters\Crm\Resources\UserMessagesResource","Map exact legacy assignment to Policy/Action ability; canAccessPanel is an additional perimeter; deny unknown roles/actions",ready_for_role_matrix_test,"For each of 8 roles: navigation visibility + direct URL + table query scope + record action + Livewire request"
412,browse_send_rev,send_rev,viewAny,1|4|5|8,"admin|manager|Admin 2|seo_manager",4,"App\Filament\Clusters\Crm\Resources\SendRevResource","Map exact legacy assignment to Policy/Action ability; canAccessPanel is an additional perimeter; deny unknown roles/actions",ready_for_role_matrix_test,"For each of 8 roles: navigation visibility + direct URL + table query scope + record action + Livewire request"
413,read_send_rev,send_rev,view,1|4|5|8,"admin|manager|Admin 2|seo_manager",4,"App\Filament\Clusters\Crm\Resources\SendRevResource","Map exact legacy assignment to Policy/Action ability; canAccessPanel is an additional perimeter; deny unknown roles/actions",ready_for_role_matrix_test,"For each of 8 roles: navigation visibility + direct URL + table query scope + record action + Livewire request"
414,edit_send_rev,send_rev,update,1|4|8,admin|manager|seo_manager,3,"App\Filament\Clusters\Crm\Resources\SendRevResource","Map exact legacy assignment to Policy/Action ability; canAccessPanel is an additional perimeter; deny unknown roles/actions",ready_for_role_matrix_test,"For each of 8 roles: navigation visibility + direct URL + table query scope + record action + Livewire request"
415,add_send_rev,send_rev,create,1|4|5|8,"admin|manager|Admin 2|seo_manager",4,"App\Filament\Clusters\Crm\Resources\SendRevResource","Map exact legacy assignment to Policy/Action ability; canAccessPanel is an additional perimeter; deny unknown roles/actions",ready_for_role_matrix_test,"For each of 8 roles: navigation visibility + direct URL + table query scope + record action + Livewire request"
416,delete_send_rev,send_rev,delete,1|4|8,admin|manager|seo_manager,3,"App\Filament\Clusters\Crm\Resources\SendRevResource","Map exact legacy assignment to Policy/Action ability; canAccessPanel is an additional perimeter; deny unknown roles/actions",ready_for_role_matrix_test,"For each of 8 roles: navigation visibility + direct URL + table query scope + record action + Livewire request"
417,browse_string_tranlations3,string_tranlations3,viewAny,1|4|5|8,"admin|manager|Admin 2|seo_manager",4,"App\Filament\Clusters\Translations\Resources\StringTranlations3Resource","Map exact legacy assignment to Policy/Action ability; canAccessPanel is an additional perimeter; deny unknown roles/actions",ready_for_role_matrix_test,"For each of 8 roles: navigation visibility + direct URL + table query scope + record action + Livewire request"
418,read_string_tranlations3,string_tranlations3,view,1|4|5|8,"admin|manager|Admin 2|seo_manager",4,"App\Filament\Clusters\Translations\Resources\StringTranlations3Resource","Map exact legacy assignment to Policy/Action ability; canAccessPanel is an additional perimeter; deny unknown roles/actions",ready_for_role_matrix_test,"For each of 8 roles: navigation visibility + direct URL + table query scope + record action + Livewire request"
419,edit_string_tranlations3,string_tranlations3,update,1|4|8,admin|manager|seo_manager,3,"App\Filament\Clusters\Translations\Resources\StringTranlations3Resource","Map exact legacy assignment to Policy/Action ability; canAccessPanel is an additional perimeter; deny unknown roles/actions",ready_for_role_matrix_test,"For each of 8 roles: navigation visibility + direct URL + table query scope + record action + Livewire request"
420,add_string_tranlations3,string_tranlations3,create,4|5|8,"manager|Admin 2|seo_manager",3,"App\Filament\Clusters\Translations\Resources\StringTranlations3Resource","Map exact legacy assignment to Policy/Action ability; canAccessPanel is an additional perimeter; deny unknown roles/actions",ready_for_role_matrix_test,"For each of 8 roles: navigation visibility + direct URL + table query scope + record action + Livewire request"
421,delete_string_tranlations3,string_tranlations3,delete,4|8,manager|seo_manager,2,"App\Filament\Clusters\Translations\Resources\StringTranlations3Resource","Map exact legacy assignment to Policy/Action ability; canAccessPanel is an additional perimeter; deny unknown roles/actions",ready_for_role_matrix_test,"For each of 8 roles: navigation visibility + direct URL + table query scope + record action + Livewire request"
422,browse_page_partnership,page_partnership,viewAny,1|4|5|8,"admin|manager|Admin 2|seo_manager",4,"App\Filament\Clusters\Content\Resources\PagePartnershipResource","Map exact legacy assignment to Policy/Action ability; canAccessPanel is an additional perimeter; deny unknown roles/actions",ready_for_role_matrix_test,"For each of 8 roles: navigation visibility + direct URL + table query scope + record action + Livewire request"
423,read_page_partnership,page_partnership,view,1|4|5|8,"admin|manager|Admin 2|seo_manager",4,"App\Filament\Clusters\Content\Resources\PagePartnershipResource","Map exact legacy assignment to Policy/Action ability; canAccessPanel is an additional perimeter; deny unknown roles/actions",ready_for_role_matrix_test,"For each of 8 roles: navigation visibility + direct URL + table query scope + record action + Livewire request"
424,edit_page_partnership,page_partnership,update,1|4|8,admin|manager|seo_manager,3,"App\Filament\Clusters\Content\Resources\PagePartnershipResource","Map exact legacy assignment to Policy/Action ability; canAccessPanel is an additional perimeter; deny unknown roles/actions",ready_for_role_matrix_test,"For each of 8 roles: navigation visibility + direct URL + table query scope + record action + Livewire request"
425,add_page_partnership,page_partnership,create,4|5|8,"manager|Admin 2|seo_manager",3,"App\Filament\Clusters\Content\Resources\PagePartnershipResource","Map exact legacy assignment to Policy/Action ability; canAccessPanel is an additional perimeter; deny unknown roles/actions",ready_for_role_matrix_test,"For each of 8 roles: navigation visibility + direct URL + table query scope + record action + Livewire request"
426,delete_page_partnership,page_partnership,delete,4|8,manager|seo_manager,2,"App\Filament\Clusters\Content\Resources\PagePartnershipResource","Map exact legacy assignment to Policy/Action ability; canAccessPanel is an additional perimeter; deny unknown roles/actions",ready_for_role_matrix_test,"For each of 8 roles: navigation visibility + direct URL + table query scope + record action + Livewire request"
427,browse_page_slugs,page_slugs,viewAny,1|4|5|8,"admin|manager|Admin 2|seo_manager",4,"App\Filament\Clusters\Seo\Resources\PageSlugsResource","Map exact legacy assignment to Policy/Action ability; canAccessPanel is an additional perimeter; deny unknown roles/actions",ready_for_role_matrix_test,"For each of 8 roles: navigation visibility + direct URL + table query scope + record action + Livewire request"
428,read_page_slugs,page_slugs,view,1|4|5|8,"admin|manager|Admin 2|seo_manager",4,"App\Filament\Clusters\Seo\Resources\PageSlugsResource","Map exact legacy assignment to Policy/Action ability; canAccessPanel is an additional perimeter; deny unknown roles/actions",ready_for_role_matrix_test,"For each of 8 roles: navigation visibility + direct URL + table query scope + record action + Livewire request"
429,edit_page_slugs,page_slugs,update,1|4|8,admin|manager|seo_manager,3,"App\Filament\Clusters\Seo\Resources\PageSlugsResource","Map exact legacy assignment to Policy/Action ability; canAccessPanel is an additional perimeter; deny unknown roles/actions",ready_for_role_matrix_test,"For each of 8 roles: navigation visibility + direct URL + table query scope + record action + Livewire request"
430,add_page_slugs,page_slugs,create,4|5|8,"manager|Admin 2|seo_manager",3,"App\Filament\Clusters\Seo\Resources\PageSlugsResource","Map exact legacy assignment to Policy/Action ability; canAccessPanel is an additional perimeter; deny unknown roles/actions",ready_for_role_matrix_test,"For each of 8 roles: navigation visibility + direct URL + table query scope + record action + Livewire request"
431,delete_page_slugs,page_slugs,delete,4|8,manager|seo_manager,2,"App\Filament\Clusters\Seo\Resources\PageSlugsResource","Map exact legacy assignment to Policy/Action ability; canAccessPanel is an additional perimeter; deny unknown roles/actions",ready_for_role_matrix_test,"For each of 8 roles: navigation visibility + direct URL + table query scope + record action + Livewire request"
432,browse_all_styles_page,all_styles_page,viewAny,1|4|5|8,"admin|manager|Admin 2|seo_manager",4,"App\Filament\Clusters\Content\Resources\AllStylesPageResource","Map exact legacy assignment to Policy/Action ability; canAccessPanel is an additional perimeter; deny unknown roles/actions",ready_for_role_matrix_test,"For each of 8 roles: navigation visibility + direct URL + table query scope + record action + Livewire request"
433,read_all_styles_page,all_styles_page,view,1|4|5|8,"admin|manager|Admin 2|seo_manager",4,"App\Filament\Clusters\Content\Resources\AllStylesPageResource","Map exact legacy assignment to Policy/Action ability; canAccessPanel is an additional perimeter; deny unknown roles/actions",ready_for_role_matrix_test,"For each of 8 roles: navigation visibility + direct URL + table query scope + record action + Livewire request"
434,edit_all_styles_page,all_styles_page,update,1|4|8,admin|manager|seo_manager,3,"App\Filament\Clusters\Content\Resources\AllStylesPageResource","Map exact legacy assignment to Policy/Action ability; canAccessPanel is an additional perimeter; deny unknown roles/actions",ready_for_role_matrix_test,"For each of 8 roles: navigation visibility + direct URL + table query scope + record action + Livewire request"
435,add_all_styles_page,all_styles_page,create,1|4|5|8,"admin|manager|Admin 2|seo_manager",4,"App\Filament\Clusters\Content\Resources\AllStylesPageResource","Map exact legacy assignment to Policy/Action ability; canAccessPanel is an additional perimeter; deny unknown roles/actions",ready_for_role_matrix_test,"For each of 8 roles: navigation visibility + direct URL + table query scope + record action + Livewire request"
436,delete_all_styles_page,all_styles_page,delete,1|4|8,admin|manager|seo_manager,3,"App\Filament\Clusters\Content\Resources\AllStylesPageResource","Map exact legacy assignment to Policy/Action ability; canAccessPanel is an additional perimeter; deny unknown roles/actions",ready_for_role_matrix_test,"For each of 8 roles: navigation visibility + direct URL + table query scope + record action + Livewire request"
437,browse_all_styles,all_styles,viewAny,1|4|5|8,"admin|manager|Admin 2|seo_manager",4,"App\Filament\Clusters\Catalog\Resources\AllStylesResource","Map exact legacy assignment to Policy/Action ability; canAccessPanel is an additional perimeter; deny unknown roles/actions",ready_for_role_matrix_test,"For each of 8 roles: navigation visibility + direct URL + table query scope + record action + Livewire request"
438,read_all_styles,all_styles,view,1|4|5|8,"admin|manager|Admin 2|seo_manager",4,"App\Filament\Clusters\Catalog\Resources\AllStylesResource","Map exact legacy assignment to Policy/Action ability; canAccessPanel is an additional perimeter; deny unknown roles/actions",ready_for_role_matrix_test,"For each of 8 roles: navigation visibility + direct URL + table query scope + record action + Livewire request"
439,edit_all_styles,all_styles,update,1|4|8,admin|manager|seo_manager,3,"App\Filament\Clusters\Catalog\Resources\AllStylesResource","Map exact legacy assignment to Policy/Action ability; canAccessPanel is an additional perimeter; deny unknown roles/actions",ready_for_role_matrix_test,"For each of 8 roles: navigation visibility + direct URL + table query scope + record action + Livewire request"
440,add_all_styles,all_styles,create,1|4|5|8,"admin|manager|Admin 2|seo_manager",4,"App\Filament\Clusters\Catalog\Resources\AllStylesResource","Map exact legacy assignment to Policy/Action ability; canAccessPanel is an additional perimeter; deny unknown roles/actions",ready_for_role_matrix_test,"For each of 8 roles: navigation visibility + direct URL + table query scope + record action + Livewire request"
441,delete_all_styles,all_styles,delete,1|4|8,admin|manager|seo_manager,3,"App\Filament\Clusters\Catalog\Resources\AllStylesResource","Map exact legacy assignment to Policy/Action ability; canAccessPanel is an additional perimeter; deny unknown roles/actions",ready_for_role_matrix_test,"For each of 8 roles: navigation visibility + direct URL + table query scope + record action + Livewire request"
442,browse_header_menu,header_menu,viewAny,1|4|5|8,"admin|manager|Admin 2|seo_manager",4,"App\Filament\Clusters\Content\Resources\HeaderMenuResource","Map exact legacy assignment to Policy/Action ability; canAccessPanel is an additional perimeter; deny unknown roles/actions",ready_for_role_matrix_test,"For each of 8 roles: navigation visibility + direct URL + table query scope + record action + Livewire request"
443,read_header_menu,header_menu,view,1|4|5|8,"admin|manager|Admin 2|seo_manager",4,"App\Filament\Clusters\Content\Resources\HeaderMenuResource","Map exact legacy assignment to Policy/Action ability; canAccessPanel is an additional perimeter; deny unknown roles/actions",ready_for_role_matrix_test,"For each of 8 roles: navigation visibility + direct URL + table query scope + record action + Livewire request"
444,edit_header_menu,header_menu,update,1|4|8,admin|manager|seo_manager,3,"App\Filament\Clusters\Content\Resources\HeaderMenuResource","Map exact legacy assignment to Policy/Action ability; canAccessPanel is an additional perimeter; deny unknown roles/actions",ready_for_role_matrix_test,"For each of 8 roles: navigation visibility + direct URL + table query scope + record action + Livewire request"
445,add_header_menu,header_menu,create,1|4|5|8,"admin|manager|Admin 2|seo_manager",4,"App\Filament\Clusters\Content\Resources\HeaderMenuResource","Map exact legacy assignment to Policy/Action ability; canAccessPanel is an additional perimeter; deny unknown roles/actions",ready_for_role_matrix_test,"For each of 8 roles: navigation visibility + direct URL + table query scope + record action + Livewire request"
446,delete_header_menu,header_menu,delete,1|4|8,admin|manager|seo_manager,3,"App\Filament\Clusters\Content\Resources\HeaderMenuResource","Map exact legacy assignment to Policy/Action ability; canAccessPanel is an additional perimeter; deny unknown roles/actions",ready_for_role_matrix_test,"For each of 8 roles: navigation visibility + direct URL + table query scope + record action + Livewire request"
447,browse_footer_menu,footer_menu,viewAny,1|4|5|8,"admin|manager|Admin 2|seo_manager",4,"App\Filament\Clusters\Content\Resources\FooterMenuResource","Map exact legacy assignment to Policy/Action ability; canAccessPanel is an additional perimeter; deny unknown roles/actions",ready_for_role_matrix_test,"For each of 8 roles: navigation visibility + direct URL + table query scope + record action + Livewire request"
448,read_footer_menu,footer_menu,view,1|4|5|8,"admin|manager|Admin 2|seo_manager",4,"App\Filament\Clusters\Content\Resources\FooterMenuResource","Map exact legacy assignment to Policy/Action ability; canAccessPanel is an additional perimeter; deny unknown roles/actions",ready_for_role_matrix_test,"For each of 8 roles: navigation visibility + direct URL + table query scope + record action + Livewire request"
449,edit_footer_menu,footer_menu,update,1|4|8,admin|manager|seo_manager,3,"App\Filament\Clusters\Content\Resources\FooterMenuResource","Map exact legacy assignment to Policy/Action ability; canAccessPanel is an additional perimeter; deny unknown roles/actions",ready_for_role_matrix_test,"For each of 8 roles: navigation visibility + direct URL + table query scope + record action + Livewire request"
450,add_footer_menu,footer_menu,create,1|4|5|8,"admin|manager|Admin 2|seo_manager",4,"App\Filament\Clusters\Content\Resources\FooterMenuResource","Map exact legacy assignment to Policy/Action ability; canAccessPanel is an additional perimeter; deny unknown roles/actions",ready_for_role_matrix_test,"For each of 8 roles: navigation visibility + direct URL + table query scope + record action + Livewire request"
451,delete_footer_menu,footer_menu,delete,1|4|8,admin|manager|seo_manager,3,"App\Filament\Clusters\Content\Resources\FooterMenuResource","Map exact legacy assignment to Policy/Action ability; canAccessPanel is an additional perimeter; deny unknown roles/actions",ready_for_role_matrix_test,"For each of 8 roles: navigation visibility + direct URL + table query scope + record action + Livewire request"
452,browse_all_style_form,all_style_form,viewAny,1|4|5|8,"admin|manager|Admin 2|seo_manager",4,"App\Filament\Clusters\Catalog\Resources\AllStyleFormResource","Map exact legacy assignment to Policy/Action ability; canAccessPanel is an additional perimeter; deny unknown roles/actions",ready_for_role_matrix_test,"For each of 8 roles: navigation visibility + direct URL + table query scope + record action + Livewire request"
453,read_all_style_form,all_style_form,view,1|4|5|8,"admin|manager|Admin 2|seo_manager",4,"App\Filament\Clusters\Catalog\Resources\AllStyleFormResource","Map exact legacy assignment to Policy/Action ability; canAccessPanel is an additional perimeter; deny unknown roles/actions",ready_for_role_matrix_test,"For each of 8 roles: navigation visibility + direct URL + table query scope + record action + Livewire request"
454,edit_all_style_form,all_style_form,update,1|4|8,admin|manager|seo_manager,3,"App\Filament\Clusters\Catalog\Resources\AllStyleFormResource","Map exact legacy assignment to Policy/Action ability; canAccessPanel is an additional perimeter; deny unknown roles/actions",ready_for_role_matrix_test,"For each of 8 roles: navigation visibility + direct URL + table query scope + record action + Livewire request"
455,add_all_style_form,all_style_form,create,1|4|5|8,"admin|manager|Admin 2|seo_manager",4,"App\Filament\Clusters\Catalog\Resources\AllStyleFormResource","Map exact legacy assignment to Policy/Action ability; canAccessPanel is an additional perimeter; deny unknown roles/actions",ready_for_role_matrix_test,"For each of 8 roles: navigation visibility + direct URL + table query scope + record action + Livewire request"
456,delete_all_style_form,all_style_form,delete,1|4|8,admin|manager|seo_manager,3,"App\Filament\Clusters\Catalog\Resources\AllStyleFormResource","Map exact legacy assignment to Policy/Action ability; canAccessPanel is an additional perimeter; deny unknown roles/actions",ready_for_role_matrix_test,"For each of 8 roles: navigation visibility + direct URL + table query scope + record action + Livewire request"
457,browse_all_style_form_step_items,all_style_form_step_items,viewAny,1|4|5|8,"admin|manager|Admin 2|seo_manager",4,"App\Filament\Clusters\Catalog\Resources\AllStyleFormStepItemsResource","Map exact legacy assignment to Policy/Action ability; canAccessPanel is an additional perimeter; deny unknown roles/actions",ready_for_role_matrix_test,"For each of 8 roles: navigation visibility + direct URL + table query scope + record action + Livewire request"
458,read_all_style_form_step_items,all_style_form_step_items,view,1|4|5|8,"admin|manager|Admin 2|seo_manager",4,"App\Filament\Clusters\Catalog\Resources\AllStyleFormStepItemsResource","Map exact legacy assignment to Policy/Action ability; canAccessPanel is an additional perimeter; deny unknown roles/actions",ready_for_role_matrix_test,"For each of 8 roles: navigation visibility + direct URL + table query scope + record action + Livewire request"
459,edit_all_style_form_step_items,all_style_form_step_items,update,1|4|8,admin|manager|seo_manager,3,"App\Filament\Clusters\Catalog\Resources\AllStyleFormStepItemsResource","Map exact legacy assignment to Policy/Action ability; canAccessPanel is an additional perimeter; deny unknown roles/actions",ready_for_role_matrix_test,"For each of 8 roles: navigation visibility + direct URL + table query scope + record action + Livewire request"
460,add_all_style_form_step_items,all_style_form_step_items,create,1|4|5|8,"admin|manager|Admin 2|seo_manager",4,"App\Filament\Clusters\Catalog\Resources\AllStyleFormStepItemsResource","Map exact legacy assignment to Policy/Action ability; canAccessPanel is an additional perimeter; deny unknown roles/actions",ready_for_role_matrix_test,"For each of 8 roles: navigation visibility + direct URL + table query scope + record action + Livewire request"
461,delete_all_style_form_step_items,all_style_form_step_items,delete,1|4|8,admin|manager|seo_manager,3,"App\Filament\Clusters\Catalog\Resources\AllStyleFormStepItemsResource","Map exact legacy assignment to Policy/Action ability; canAccessPanel is an additional perimeter; deny unknown roles/actions",ready_for_role_matrix_test,"For each of 8 roles: navigation visibility + direct URL + table query scope + record action + Livewire request"
462,browse_newhome_top_slider,newhome_top_slider,viewAny,1|4|5|8,"admin|manager|Admin 2|seo_manager",4,"App\Filament\Clusters\Content\Resources\NewhomeTopSliderResource","Map exact legacy assignment to Policy/Action ability; canAccessPanel is an additional perimeter; deny unknown roles/actions",ready_for_role_matrix_test,"For each of 8 roles: navigation visibility + direct URL + table query scope + record action + Livewire request"
463,read_newhome_top_slider,newhome_top_slider,view,1|4|5|8,"admin|manager|Admin 2|seo_manager",4,"App\Filament\Clusters\Content\Resources\NewhomeTopSliderResource","Map exact legacy assignment to Policy/Action ability; canAccessPanel is an additional perimeter; deny unknown roles/actions",ready_for_role_matrix_test,"For each of 8 roles: navigation visibility + direct URL + table query scope + record action + Livewire request"
464,edit_newhome_top_slider,newhome_top_slider,update,1|4|8,admin|manager|seo_manager,3,"App\Filament\Clusters\Content\Resources\NewhomeTopSliderResource","Map exact legacy assignment to Policy/Action ability; canAccessPanel is an additional perimeter; deny unknown roles/actions",ready_for_role_matrix_test,"For each of 8 roles: navigation visibility + direct URL + table query scope + record action + Livewire request"
465,add_newhome_top_slider,newhome_top_slider,create,1|4|5|8,"admin|manager|Admin 2|seo_manager",4,"App\Filament\Clusters\Content\Resources\NewhomeTopSliderResource","Map exact legacy assignment to Policy/Action ability; canAccessPanel is an additional perimeter; deny unknown roles/actions",ready_for_role_matrix_test,"For each of 8 roles: navigation visibility + direct URL + table query scope + record action + Livewire request"
466,delete_newhome_top_slider,newhome_top_slider,delete,1|4|8,admin|manager|seo_manager,3,"App\Filament\Clusters\Content\Resources\NewhomeTopSliderResource","Map exact legacy assignment to Policy/Action ability; canAccessPanel is an additional perimeter; deny unknown roles/actions",ready_for_role_matrix_test,"For each of 8 roles: navigation visibility + direct URL + table query scope + record action + Livewire request"
467,browse_newhome_services,newhome_services,viewAny,1|4|5|8,"admin|manager|Admin 2|seo_manager",4,"App\Filament\Clusters\Catalog\Resources\NewhomeServicesResource","Map exact legacy assignment to Policy/Action ability; canAccessPanel is an additional perimeter; deny unknown roles/actions",ready_for_role_matrix_test,"For each of 8 roles: navigation visibility + direct URL + table query scope + record action + Livewire request"
468,read_newhome_services,newhome_services,view,1|4|5|8,"admin|manager|Admin 2|seo_manager",4,"App\Filament\Clusters\Catalog\Resources\NewhomeServicesResource","Map exact legacy assignment to Policy/Action ability; canAccessPanel is an additional perimeter; deny unknown roles/actions",ready_for_role_matrix_test,"For each of 8 roles: navigation visibility + direct URL + table query scope + record action + Livewire request"
469,edit_newhome_services,newhome_services,update,1|4|8,admin|manager|seo_manager,3,"App\Filament\Clusters\Catalog\Resources\NewhomeServicesResource","Map exact legacy assignment to Policy/Action ability; canAccessPanel is an additional perimeter; deny unknown roles/actions",ready_for_role_matrix_test,"For each of 8 roles: navigation visibility + direct URL + table query scope + record action + Livewire request"
470,add_newhome_services,newhome_services,create,1|4|5|8,"admin|manager|Admin 2|seo_manager",4,"App\Filament\Clusters\Catalog\Resources\NewhomeServicesResource","Map exact legacy assignment to Policy/Action ability; canAccessPanel is an additional perimeter; deny unknown roles/actions",ready_for_role_matrix_test,"For each of 8 roles: navigation visibility + direct URL + table query scope + record action + Livewire request"
471,delete_newhome_services,newhome_services,delete,1|4|8,admin|manager|seo_manager,3,"App\Filament\Clusters\Catalog\Resources\NewhomeServicesResource","Map exact legacy assignment to Policy/Action ability; canAccessPanel is an additional perimeter; deny unknown roles/actions",ready_for_role_matrix_test,"For each of 8 roles: navigation visibility + direct URL + table query scope + record action + Livewire request"
472,browse_newhome_work_ex,newhome_work_ex,viewAny,1|4|5|8,"admin|manager|Admin 2|seo_manager",4,"App\Filament\Clusters\Content\Resources\NewhomeWorkExResource","Map exact legacy assignment to Policy/Action ability; canAccessPanel is an additional perimeter; deny unknown roles/actions",ready_for_role_matrix_test,"For each of 8 roles: navigation visibility + direct URL + table query scope + record action + Livewire request"
473,read_newhome_work_ex,newhome_work_ex,view,1|4|5|8,"admin|manager|Admin 2|seo_manager",4,"App\Filament\Clusters\Content\Resources\NewhomeWorkExResource","Map exact legacy assignment to Policy/Action ability; canAccessPanel is an additional perimeter; deny unknown roles/actions",ready_for_role_matrix_test,"For each of 8 roles: navigation visibility + direct URL + table query scope + record action + Livewire request"
474,edit_newhome_work_ex,newhome_work_ex,update,1|4|8,admin|manager|seo_manager,3,"App\Filament\Clusters\Content\Resources\NewhomeWorkExResource","Map exact legacy assignment to Policy/Action ability; canAccessPanel is an additional perimeter; deny unknown roles/actions",ready_for_role_matrix_test,"For each of 8 roles: navigation visibility + direct URL + table query scope + record action + Livewire request"
475,add_newhome_work_ex,newhome_work_ex,create,1|4|5|8,"admin|manager|Admin 2|seo_manager",4,"App\Filament\Clusters\Content\Resources\NewhomeWorkExResource","Map exact legacy assignment to Policy/Action ability; canAccessPanel is an additional perimeter; deny unknown roles/actions",ready_for_role_matrix_test,"For each of 8 roles: navigation visibility + direct URL + table query scope + record action + Livewire request"
476,delete_newhome_work_ex,newhome_work_ex,delete,1|4|8,admin|manager|seo_manager,3,"App\Filament\Clusters\Content\Resources\NewhomeWorkExResource","Map exact legacy assignment to Policy/Action ability; canAccessPanel is an additional perimeter; deny unknown roles/actions",ready_for_role_matrix_test,"For each of 8 roles: navigation visibility + direct URL + table query scope + record action + Livewire request"
477,browse_newhome_top_work_ex,newhome_top_work_ex,viewAny,1|4|5|8,"admin|manager|Admin 2|seo_manager",4,"App\Filament\Clusters\Content\Resources\NewhomeTopWorkExResource","Map exact legacy assignment to Policy/Action ability; canAccessPanel is an additional perimeter; deny unknown roles/actions",ready_for_role_matrix_test,"For each of 8 roles: navigation visibility + direct URL + table query scope + record action + Livewire request"
478,read_newhome_top_work_ex,newhome_top_work_ex,view,1|4|5|8,"admin|manager|Admin 2|seo_manager",4,"App\Filament\Clusters\Content\Resources\NewhomeTopWorkExResource","Map exact legacy assignment to Policy/Action ability; canAccessPanel is an additional perimeter; deny unknown roles/actions",ready_for_role_matrix_test,"For each of 8 roles: navigation visibility + direct URL + table query scope + record action + Livewire request"
479,edit_newhome_top_work_ex,newhome_top_work_ex,update,1|4|8,admin|manager|seo_manager,3,"App\Filament\Clusters\Content\Resources\NewhomeTopWorkExResource","Map exact legacy assignment to Policy/Action ability; canAccessPanel is an additional perimeter; deny unknown roles/actions",ready_for_role_matrix_test,"For each of 8 roles: navigation visibility + direct URL + table query scope + record action + Livewire request"
480,add_newhome_top_work_ex,newhome_top_work_ex,create,1|4|5|8,"admin|manager|Admin 2|seo_manager",4,"App\Filament\Clusters\Content\Resources\NewhomeTopWorkExResource","Map exact legacy assignment to Policy/Action ability; canAccessPanel is an additional perimeter; deny unknown roles/actions",ready_for_role_matrix_test,"For each of 8 roles: navigation visibility + direct URL + table query scope + record action + Livewire request"
481,delete_newhome_top_work_ex,newhome_top_work_ex,delete,1|4|8,admin|manager|seo_manager,3,"App\Filament\Clusters\Content\Resources\NewhomeTopWorkExResource","Map exact legacy assignment to Policy/Action ability; canAccessPanel is an additional perimeter; deny unknown roles/actions",ready_for_role_matrix_test,"For each of 8 roles: navigation visibility + direct URL + table query scope + record action + Livewire request"
482,browse_canvas_new,canvas_new,viewAny,1|4|5|8,"admin|manager|Admin 2|seo_manager",4,"App\Filament\Clusters\Catalog\Resources\CanvasNewResource","Map exact legacy assignment to Policy/Action ability; canAccessPanel is an additional perimeter; deny unknown roles/actions",ready_for_role_matrix_test,"For each of 8 roles: navigation visibility + direct URL + table query scope + record action + Livewire request"
483,read_canvas_new,canvas_new,view,1|4|5|8,"admin|manager|Admin 2|seo_manager",4,"App\Filament\Clusters\Catalog\Resources\CanvasNewResource","Map exact legacy assignment to Policy/Action ability; canAccessPanel is an additional perimeter; deny unknown roles/actions",ready_for_role_matrix_test,"For each of 8 roles: navigation visibility + direct URL + table query scope + record action + Livewire request"
484,edit_canvas_new,canvas_new,update,1|4|8,admin|manager|seo_manager,3,"App\Filament\Clusters\Catalog\Resources\CanvasNewResource","Map exact legacy assignment to Policy/Action ability; canAccessPanel is an additional perimeter; deny unknown roles/actions",ready_for_role_matrix_test,"For each of 8 roles: navigation visibility + direct URL + table query scope + record action + Livewire request"
485,add_canvas_new,canvas_new,create,4|5|8,"manager|Admin 2|seo_manager",3,"App\Filament\Clusters\Catalog\Resources\CanvasNewResource","Map exact legacy assignment to Policy/Action ability; canAccessPanel is an additional perimeter; deny unknown roles/actions",ready_for_role_matrix_test,"For each of 8 roles: navigation visibility + direct URL + table query scope + record action + Livewire request"
486,delete_canvas_new,canvas_new,delete,4|8,manager|seo_manager,2,"App\Filament\Clusters\Catalog\Resources\CanvasNewResource","Map exact legacy assignment to Policy/Action ability; canAccessPanel is an additional perimeter; deny unknown roles/actions",ready_for_role_matrix_test,"For each of 8 roles: navigation visibility + direct URL + table query scope + record action + Livewire request"
487,browse_a_order_from,a_order_from,viewAny,1|4|5|8,"admin|manager|Admin 2|seo_manager",4,"App\Filament\Clusters\Crm\Resources\AOrderFromResource","Map exact legacy assignment to Policy/Action ability; canAccessPanel is an additional perimeter; deny unknown roles/actions",ready_for_role_matrix_test,"For each of 8 roles: navigation visibility + direct URL + table query scope + record action + Livewire request"
488,read_a_order_from,a_order_from,view,1|4|5|8,"admin|manager|Admin 2|seo_manager",4,"App\Filament\Clusters\Crm\Resources\AOrderFromResource","Map exact legacy assignment to Policy/Action ability; canAccessPanel is an additional perimeter; deny unknown roles/actions",ready_for_role_matrix_test,"For each of 8 roles: navigation visibility + direct URL + table query scope + record action + Livewire request"
489,edit_a_order_from,a_order_from,update,1|4|8,admin|manager|seo_manager,3,"App\Filament\Clusters\Crm\Resources\AOrderFromResource","Map exact legacy assignment to Policy/Action ability; canAccessPanel is an additional perimeter; deny unknown roles/actions",ready_for_role_matrix_test,"For each of 8 roles: navigation visibility + direct URL + table query scope + record action + Livewire request"
490,add_a_order_from,a_order_from,create,1|4|5|8,"admin|manager|Admin 2|seo_manager",4,"App\Filament\Clusters\Crm\Resources\AOrderFromResource","Map exact legacy assignment to Policy/Action ability; canAccessPanel is an additional perimeter; deny unknown roles/actions",ready_for_role_matrix_test,"For each of 8 roles: navigation visibility + direct URL + table query scope + record action + Livewire request"
491,delete_a_order_from,a_order_from,delete,1|4|8,admin|manager|seo_manager,3,"App\Filament\Clusters\Crm\Resources\AOrderFromResource","Map exact legacy assignment to Policy/Action ability; canAccessPanel is an additional perimeter; deny unknown roles/actions",ready_for_role_matrix_test,"For each of 8 roles: navigation visibility + direct URL + table query scope + record action + Livewire request"
492,browse_user_types,user_types,viewAny,1|4|5|8,"admin|manager|Admin 2|seo_manager",4,"App\Filament\Clusters\Access\Resources\UserTypesResource","Map exact legacy assignment to Policy/Action ability; canAccessPanel is an additional perimeter; deny unknown roles/actions",ready_for_role_matrix_test,"For each of 8 roles: navigation visibility + direct URL + table query scope + record action + Livewire request"
493,read_user_types,user_types,view,1|4|5|8,"admin|manager|Admin 2|seo_manager",4,"App\Filament\Clusters\Access\Resources\UserTypesResource","Map exact legacy assignment to Policy/Action ability; canAccessPanel is an additional perimeter; deny unknown roles/actions",ready_for_role_matrix_test,"For each of 8 roles: navigation visibility + direct URL + table query scope + record action + Livewire request"
494,edit_user_types,user_types,update,1|4|8,admin|manager|seo_manager,3,"App\Filament\Clusters\Access\Resources\UserTypesResource","Map exact legacy assignment to Policy/Action ability; canAccessPanel is an additional perimeter; deny unknown roles/actions",ready_for_role_matrix_test,"For each of 8 roles: navigation visibility + direct URL + table query scope + record action + Livewire request"
495,add_user_types,user_types,create,1|4|5|8,"admin|manager|Admin 2|seo_manager",4,"App\Filament\Clusters\Access\Resources\UserTypesResource","Map exact legacy assignment to Policy/Action ability; canAccessPanel is an additional perimeter; deny unknown roles/actions",ready_for_role_matrix_test,"For each of 8 roles: navigation visibility + direct URL + table query scope + record action + Livewire request"
496,delete_user_types,user_types,delete,1|4|8,admin|manager|seo_manager,3,"App\Filament\Clusters\Access\Resources\UserTypesResource","Map exact legacy assignment to Policy/Action ability; canAccessPanel is an additional perimeter; deny unknown roles/actions",ready_for_role_matrix_test,"For each of 8 roles: navigation visibility + direct URL + table query scope + record action + Livewire request"
497,browse_a_painter_images_status,a_painter_images_status,viewAny,1|5|8,"admin|Admin 2|seo_manager",3,"App\Filament\Clusters\Crm\Resources\APainterImagesStatusResource","Map exact legacy assignment to Policy/Action ability; canAccessPanel is an additional perimeter; deny unknown roles/actions",ready_for_role_matrix_test,"For each of 8 roles: navigation visibility + direct URL + table query scope + record action + Livewire request"
498,read_a_painter_images_status,a_painter_images_status,view,1|5|8,"admin|Admin 2|seo_manager",3,"App\Filament\Clusters\Crm\Resources\APainterImagesStatusResource","Map exact legacy assignment to Policy/Action ability; canAccessPanel is an additional perimeter; deny unknown roles/actions",ready_for_role_matrix_test,"For each of 8 roles: navigation visibility + direct URL + table query scope + record action + Livewire request"
499,edit_a_painter_images_status,a_painter_images_status,update,1|8,admin|seo_manager,2,"App\Filament\Clusters\Crm\Resources\APainterImagesStatusResource","Map exact legacy assignment to Policy/Action ability; canAccessPanel is an additional perimeter; deny unknown roles/actions",ready_for_role_matrix_test,"For each of 8 roles: navigation visibility + direct URL + table query scope + record action + Livewire request"
500,add_a_painter_images_status,a_painter_images_status,create,1|5|8,"admin|Admin 2|seo_manager",3,"App\Filament\Clusters\Crm\Resources\APainterImagesStatusResource","Map exact legacy assignment to Policy/Action ability; canAccessPanel is an additional perimeter; deny unknown roles/actions",ready_for_role_matrix_test,"For each of 8 roles: navigation visibility + direct URL + table query scope + record action + Livewire request"
501,delete_a_painter_images_status,a_painter_images_status,delete,1|8,admin|seo_manager,2,"App\Filament\Clusters\Crm\Resources\APainterImagesStatusResource","Map exact legacy assignment to Policy/Action ability; canAccessPanel is an additional perimeter; deny unknown roles/actions",ready_for_role_matrix_test,"For each of 8 roles: navigation visibility + direct URL + table query scope + record action + Livewire request"
502,browse_a_mail_top_sale,a_mail_top_sale,viewAny,1|5|8,"admin|Admin 2|seo_manager",3,"App\Filament\Clusters\Content\Resources\AMailTopSaleResource","Map exact legacy assignment to Policy/Action ability; canAccessPanel is an additional perimeter; deny unknown roles/actions",ready_for_role_matrix_test,"For each of 8 roles: navigation visibility + direct URL + table query scope + record action + Livewire request"
503,read_a_mail_top_sale,a_mail_top_sale,view,1|5|8,"admin|Admin 2|seo_manager",3,"App\Filament\Clusters\Content\Resources\AMailTopSaleResource","Map exact legacy assignment to Policy/Action ability; canAccessPanel is an additional perimeter; deny unknown roles/actions",ready_for_role_matrix_test,"For each of 8 roles: navigation visibility + direct URL + table query scope + record action + Livewire request"
504,edit_a_mail_top_sale,a_mail_top_sale,update,1|8,admin|seo_manager,2,"App\Filament\Clusters\Content\Resources\AMailTopSaleResource","Map exact legacy assignment to Policy/Action ability; canAccessPanel is an additional perimeter; deny unknown roles/actions",ready_for_role_matrix_test,"For each of 8 roles: navigation visibility + direct URL + table query scope + record action + Livewire request"
505,add_a_mail_top_sale,a_mail_top_sale,create,1|5|8,"admin|Admin 2|seo_manager",3,"App\Filament\Clusters\Content\Resources\AMailTopSaleResource","Map exact legacy assignment to Policy/Action ability; canAccessPanel is an additional perimeter; deny unknown roles/actions",ready_for_role_matrix_test,"For each of 8 roles: navigation visibility + direct URL + table query scope + record action + Livewire request"
506,delete_a_mail_top_sale,a_mail_top_sale,delete,1|8,admin|seo_manager,2,"App\Filament\Clusters\Content\Resources\AMailTopSaleResource","Map exact legacy assignment to Policy/Action ability; canAccessPanel is an additional perimeter; deny unknown roles/actions",ready_for_role_matrix_test,"For each of 8 roles: navigation visibility + direct URL + table query scope + record action + Livewire request"
507,browse_a_collage_slider,a_collage_slider,viewAny,1|5|8,"admin|Admin 2|seo_manager",3,"App\Filament\Clusters\Content\Resources\ACollageSliderResource","Map exact legacy assignment to Policy/Action ability; canAccessPanel is an additional perimeter; deny unknown roles/actions",ready_for_role_matrix_test,"For each of 8 roles: navigation visibility + direct URL + table query scope + record action + Livewire request"
508,read_a_collage_slider,a_collage_slider,view,1|5|8,"admin|Admin 2|seo_manager",3,"App\Filament\Clusters\Content\Resources\ACollageSliderResource","Map exact legacy assignment to Policy/Action ability; canAccessPanel is an additional perimeter; deny unknown roles/actions",ready_for_role_matrix_test,"For each of 8 roles: navigation visibility + direct URL + table query scope + record action + Livewire request"
509,edit_a_collage_slider,a_collage_slider,update,1|8,admin|seo_manager,2,"App\Filament\Clusters\Content\Resources\ACollageSliderResource","Map exact legacy assignment to Policy/Action ability; canAccessPanel is an additional perimeter; deny unknown roles/actions",ready_for_role_matrix_test,"For each of 8 roles: navigation visibility + direct URL + table query scope + record action + Livewire request"
510,add_a_collage_slider,a_collage_slider,create,1|5|8,"admin|Admin 2|seo_manager",3,"App\Filament\Clusters\Content\Resources\ACollageSliderResource","Map exact legacy assignment to Policy/Action ability; canAccessPanel is an additional perimeter; deny unknown roles/actions",ready_for_role_matrix_test,"For each of 8 roles: navigation visibility + direct URL + table query scope + record action + Livewire request"
511,delete_a_collage_slider,a_collage_slider,delete,1|8,admin|seo_manager,2,"App\Filament\Clusters\Content\Resources\ACollageSliderResource","Map exact legacy assignment to Policy/Action ability; canAccessPanel is an additional perimeter; deny unknown roles/actions",ready_for_role_matrix_test,"For each of 8 roles: navigation visibility + direct URL + table query scope + record action + Livewire request"
512,browse_a_collage_advantage_screen,a_collage_advantage_screen,viewAny,1|5|8,"admin|Admin 2|seo_manager",3,"App\Filament\Clusters\Content\Resources\ACollageAdvantageScreenResource","Map exact legacy assignment to Policy/Action ability; canAccessPanel is an additional perimeter; deny unknown roles/actions",ready_for_role_matrix_test,"For each of 8 roles: navigation visibility + direct URL + table query scope + record action + Livewire request"
513,read_a_collage_advantage_screen,a_collage_advantage_screen,view,1|5|8,"admin|Admin 2|seo_manager",3,"App\Filament\Clusters\Content\Resources\ACollageAdvantageScreenResource","Map exact legacy assignment to Policy/Action ability; canAccessPanel is an additional perimeter; deny unknown roles/actions",ready_for_role_matrix_test,"For each of 8 roles: navigation visibility + direct URL + table query scope + record action + Livewire request"
514,edit_a_collage_advantage_screen,a_collage_advantage_screen,update,1|8,admin|seo_manager,2,"App\Filament\Clusters\Content\Resources\ACollageAdvantageScreenResource","Map exact legacy assignment to Policy/Action ability; canAccessPanel is an additional perimeter; deny unknown roles/actions",ready_for_role_matrix_test,"For each of 8 roles: navigation visibility + direct URL + table query scope + record action + Livewire request"
515,add_a_collage_advantage_screen,a_collage_advantage_screen,create,1|5|8,"admin|Admin 2|seo_manager",3,"App\Filament\Clusters\Content\Resources\ACollageAdvantageScreenResource","Map exact legacy assignment to Policy/Action ability; canAccessPanel is an additional perimeter; deny unknown roles/actions",ready_for_role_matrix_test,"For each of 8 roles: navigation visibility + direct URL + table query scope + record action + Livewire request"
516,delete_a_collage_advantage_screen,a_collage_advantage_screen,delete,1|8,admin|seo_manager,2,"App\Filament\Clusters\Content\Resources\ACollageAdvantageScreenResource","Map exact legacy assignment to Policy/Action ability; canAccessPanel is an additional perimeter; deny unknown roles/actions",ready_for_role_matrix_test,"For each of 8 roles: navigation visibility + direct URL + table query scope + record action + Livewire request"
517,browse_a_collage_popular_screen,a_collage_popular_screen,viewAny,1|5|8,"admin|Admin 2|seo_manager",3,"App\Filament\Clusters\Content\Resources\ACollagePopularScreenResource","Map exact legacy assignment to Policy/Action ability; canAccessPanel is an additional perimeter; deny unknown roles/actions",ready_for_role_matrix_test,"For each of 8 roles: navigation visibility + direct URL + table query scope + record action + Livewire request"
518,read_a_collage_popular_screen,a_collage_popular_screen,view,1|5|8,"admin|Admin 2|seo_manager",3,"App\Filament\Clusters\Content\Resources\ACollagePopularScreenResource","Map exact legacy assignment to Policy/Action ability; canAccessPanel is an additional perimeter; deny unknown roles/actions",ready_for_role_matrix_test,"For each of 8 roles: navigation visibility + direct URL + table query scope + record action + Livewire request"
519,edit_a_collage_popular_screen,a_collage_popular_screen,update,1|8,admin|seo_manager,2,"App\Filament\Clusters\Content\Resources\ACollagePopularScreenResource","Map exact legacy assignment to Policy/Action ability; canAccessPanel is an additional perimeter; deny unknown roles/actions",ready_for_role_matrix_test,"For each of 8 roles: navigation visibility + direct URL + table query scope + record action + Livewire request"
520,add_a_collage_popular_screen,a_collage_popular_screen,create,1|5|8,"admin|Admin 2|seo_manager",3,"App\Filament\Clusters\Content\Resources\ACollagePopularScreenResource","Map exact legacy assignment to Policy/Action ability; canAccessPanel is an additional perimeter; deny unknown roles/actions",ready_for_role_matrix_test,"For each of 8 roles: navigation visibility + direct URL + table query scope + record action + Livewire request"
521,delete_a_collage_popular_screen,a_collage_popular_screen,delete,1|8,admin|seo_manager,2,"App\Filament\Clusters\Content\Resources\ACollagePopularScreenResource","Map exact legacy assignment to Policy/Action ability; canAccessPanel is an additional perimeter; deny unknown roles/actions",ready_for_role_matrix_test,"For each of 8 roles: navigation visibility + direct URL + table query scope + record action + Livewire request"
522,browse_a_collage_order_screen,a_collage_order_screen,viewAny,1|5|8,"admin|Admin 2|seo_manager",3,"App\Filament\Clusters\Content\Resources\ACollageOrderScreenResource","Map exact legacy assignment to Policy/Action ability; canAccessPanel is an additional perimeter; deny unknown roles/actions",ready_for_role_matrix_test,"For each of 8 roles: navigation visibility + direct URL + table query scope + record action + Livewire request"
523,read_a_collage_order_screen,a_collage_order_screen,view,1|5|8,"admin|Admin 2|seo_manager",3,"App\Filament\Clusters\Content\Resources\ACollageOrderScreenResource","Map exact legacy assignment to Policy/Action ability; canAccessPanel is an additional perimeter; deny unknown roles/actions",ready_for_role_matrix_test,"For each of 8 roles: navigation visibility + direct URL + table query scope + record action + Livewire request"
524,edit_a_collage_order_screen,a_collage_order_screen,update,1|8,admin|seo_manager,2,"App\Filament\Clusters\Content\Resources\ACollageOrderScreenResource","Map exact legacy assignment to Policy/Action ability; canAccessPanel is an additional perimeter; deny unknown roles/actions",ready_for_role_matrix_test,"For each of 8 roles: navigation visibility + direct URL + table query scope + record action + Livewire request"
525,add_a_collage_order_screen,a_collage_order_screen,create,1|5|8,"admin|Admin 2|seo_manager",3,"App\Filament\Clusters\Content\Resources\ACollageOrderScreenResource","Map exact legacy assignment to Policy/Action ability; canAccessPanel is an additional perimeter; deny unknown roles/actions",ready_for_role_matrix_test,"For each of 8 roles: navigation visibility + direct URL + table query scope + record action + Livewire request"
526,delete_a_collage_order_screen,a_collage_order_screen,delete,1|8,admin|seo_manager,2,"App\Filament\Clusters\Content\Resources\ACollageOrderScreenResource","Map exact legacy assignment to Policy/Action ability; canAccessPanel is an additional perimeter; deny unknown roles/actions",ready_for_role_matrix_test,"For each of 8 roles: navigation visibility + direct URL + table query scope + record action + Livewire request"
527,browse_a_collag_faq,a_collag_faq,viewAny,1|5|8,"admin|Admin 2|seo_manager",3,"App\Filament\Clusters\Legacy\Pages\ACollagFaqEvidence","Map exact legacy assignment to Policy/Action ability; canAccessPanel is an additional perimeter; deny unknown roles/actions",ready_for_role_matrix_test,"For each of 8 roles: navigation visibility + direct URL + table query scope + record action + Livewire request"
528,read_a_collag_faq,a_collag_faq,view,1|5|8,"admin|Admin 2|seo_manager",3,"App\Filament\Clusters\Legacy\Pages\ACollagFaqEvidence","Map exact legacy assignment to Policy/Action ability; canAccessPanel is an additional perimeter; deny unknown roles/actions",ready_for_role_matrix_test,"For each of 8 roles: navigation visibility + direct URL + table query scope + record action + Livewire request"
529,edit_a_collag_faq,a_collag_faq,update,1|8,admin|seo_manager,2,"App\Filament\Clusters\Legacy\Pages\ACollagFaqEvidence","Map exact legacy assignment to Policy/Action ability; canAccessPanel is an additional perimeter; deny unknown roles/actions",ready_for_role_matrix_test,"For each of 8 roles: navigation visibility + direct URL + table query scope + record action + Livewire request"
530,add_a_collag_faq,a_collag_faq,create,1|5|8,"admin|Admin 2|seo_manager",3,"App\Filament\Clusters\Legacy\Pages\ACollagFaqEvidence","Map exact legacy assignment to Policy/Action ability; canAccessPanel is an additional perimeter; deny unknown roles/actions",ready_for_role_matrix_test,"For each of 8 roles: navigation visibility + direct URL + table query scope + record action + Livewire request"
531,delete_a_collag_faq,a_collag_faq,delete,1|8,admin|seo_manager,2,"App\Filament\Clusters\Legacy\Pages\ACollagFaqEvidence","Map exact legacy assignment to Policy/Action ability; canAccessPanel is an additional perimeter; deny unknown roles/actions",ready_for_role_matrix_test,"For each of 8 roles: navigation visibility + direct URL + table query scope + record action + Livewire request"
532,browse_a_collage_faq,a_collage_faq,viewAny,1|5|8,"admin|Admin 2|seo_manager",3,"App\Filament\Clusters\Content\Resources\ACollageFaqResource","Map exact legacy assignment to Policy/Action ability; canAccessPanel is an additional perimeter; deny unknown roles/actions",ready_for_role_matrix_test,"For each of 8 roles: navigation visibility + direct URL + table query scope + record action + Livewire request"
533,read_a_collage_faq,a_collage_faq,view,1|5|8,"admin|Admin 2|seo_manager",3,"App\Filament\Clusters\Content\Resources\ACollageFaqResource","Map exact legacy assignment to Policy/Action ability; canAccessPanel is an additional perimeter; deny unknown roles/actions",ready_for_role_matrix_test,"For each of 8 roles: navigation visibility + direct URL + table query scope + record action + Livewire request"
534,edit_a_collage_faq,a_collage_faq,update,1|8,admin|seo_manager,2,"App\Filament\Clusters\Content\Resources\ACollageFaqResource","Map exact legacy assignment to Policy/Action ability; canAccessPanel is an additional perimeter; deny unknown roles/actions",ready_for_role_matrix_test,"For each of 8 roles: navigation visibility + direct URL + table query scope + record action + Livewire request"
535,add_a_collage_faq,a_collage_faq,create,1|5|8,"admin|Admin 2|seo_manager",3,"App\Filament\Clusters\Content\Resources\ACollageFaqResource","Map exact legacy assignment to Policy/Action ability; canAccessPanel is an additional perimeter; deny unknown roles/actions",ready_for_role_matrix_test,"For each of 8 roles: navigation visibility + direct URL + table query scope + record action + Livewire request"
536,delete_a_collage_faq,a_collage_faq,delete,1|8,admin|seo_manager,2,"App\Filament\Clusters\Content\Resources\ACollageFaqResource","Map exact legacy assignment to Policy/Action ability; canAccessPanel is an additional perimeter; deny unknown roles/actions",ready_for_role_matrix_test,"For each of 8 roles: navigation visibility + direct URL + table query scope + record action + Livewire request"
542,browse_a_collage_why_screen,a_collage_why_screen,viewAny,1|5|8,"admin|Admin 2|seo_manager",3,"App\Filament\Clusters\Content\Resources\ACollageWhyScreenResource","Map exact legacy assignment to Policy/Action ability; canAccessPanel is an additional perimeter; deny unknown roles/actions",ready_for_role_matrix_test,"For each of 8 roles: navigation visibility + direct URL + table query scope + record action + Livewire request"
543,read_a_collage_why_screen,a_collage_why_screen,view,1|5|8,"admin|Admin 2|seo_manager",3,"App\Filament\Clusters\Content\Resources\ACollageWhyScreenResource","Map exact legacy assignment to Policy/Action ability; canAccessPanel is an additional perimeter; deny unknown roles/actions",ready_for_role_matrix_test,"For each of 8 roles: navigation visibility + direct URL + table query scope + record action + Livewire request"
544,edit_a_collage_why_screen,a_collage_why_screen,update,1|8,admin|seo_manager,2,"App\Filament\Clusters\Content\Resources\ACollageWhyScreenResource","Map exact legacy assignment to Policy/Action ability; canAccessPanel is an additional perimeter; deny unknown roles/actions",ready_for_role_matrix_test,"For each of 8 roles: navigation visibility + direct URL + table query scope + record action + Livewire request"
545,add_a_collage_why_screen,a_collage_why_screen,create,1|5|8,"admin|Admin 2|seo_manager",3,"App\Filament\Clusters\Content\Resources\ACollageWhyScreenResource","Map exact legacy assignment to Policy/Action ability; canAccessPanel is an additional perimeter; deny unknown roles/actions",ready_for_role_matrix_test,"For each of 8 roles: navigation visibility + direct URL + table query scope + record action + Livewire request"
546,delete_a_collage_why_screen,a_collage_why_screen,delete,1|8,admin|seo_manager,2,"App\Filament\Clusters\Content\Resources\ACollageWhyScreenResource","Map exact legacy assignment to Policy/Action ability; canAccessPanel is an additional perimeter; deny unknown roles/actions",ready_for_role_matrix_test,"For each of 8 roles: navigation visibility + direct URL + table query scope + record action + Livewire request"
547,browse_a_collage_generator_colors,a_collage_generator_colors,viewAny,1|5|8,"admin|Admin 2|seo_manager",3,"App\Filament\Clusters\Catalog\Resources\ACollageGeneratorColorsResource","Map exact legacy assignment to Policy/Action ability; canAccessPanel is an additional perimeter; deny unknown roles/actions",ready_for_role_matrix_test,"For each of 8 roles: navigation visibility + direct URL + table query scope + record action + Livewire request"
548,read_a_collage_generator_colors,a_collage_generator_colors,view,1|5|8,"admin|Admin 2|seo_manager",3,"App\Filament\Clusters\Catalog\Resources\ACollageGeneratorColorsResource","Map exact legacy assignment to Policy/Action ability; canAccessPanel is an additional perimeter; deny unknown roles/actions",ready_for_role_matrix_test,"For each of 8 roles: navigation visibility + direct URL + table query scope + record action + Livewire request"
549,edit_a_collage_generator_colors,a_collage_generator_colors,update,1|8,admin|seo_manager,2,"App\Filament\Clusters\Catalog\Resources\ACollageGeneratorColorsResource","Map exact legacy assignment to Policy/Action ability; canAccessPanel is an additional perimeter; deny unknown roles/actions",ready_for_role_matrix_test,"For each of 8 roles: navigation visibility + direct URL + table query scope + record action + Livewire request"
550,add_a_collage_generator_colors,a_collage_generator_colors,create,1|5|8,"admin|Admin 2|seo_manager",3,"App\Filament\Clusters\Catalog\Resources\ACollageGeneratorColorsResource","Map exact legacy assignment to Policy/Action ability; canAccessPanel is an additional perimeter; deny unknown roles/actions",ready_for_role_matrix_test,"For each of 8 roles: navigation visibility + direct URL + table query scope + record action + Livewire request"
551,delete_a_collage_generator_colors,a_collage_generator_colors,delete,1|8,admin|seo_manager,2,"App\Filament\Clusters\Catalog\Resources\ACollageGeneratorColorsResource","Map exact legacy assignment to Policy/Action ability; canAccessPanel is an additional perimeter; deny unknown roles/actions",ready_for_role_matrix_test,"For each of 8 roles: navigation visibility + direct URL + table query scope + record action + Livewire request"
552,browse_a_collage_fons,a_collage_fons,viewAny,1|5|8,"admin|Admin 2|seo_manager",3,"App\Filament\Clusters\Catalog\Resources\ACollageFonsResource","Map exact legacy assignment to Policy/Action ability; canAccessPanel is an additional perimeter; deny unknown roles/actions",ready_for_role_matrix_test,"For each of 8 roles: navigation visibility + direct URL + table query scope + record action + Livewire request"
553,read_a_collage_fons,a_collage_fons,view,1|5|8,"admin|Admin 2|seo_manager",3,"App\Filament\Clusters\Catalog\Resources\ACollageFonsResource","Map exact legacy assignment to Policy/Action ability; canAccessPanel is an additional perimeter; deny unknown roles/actions",ready_for_role_matrix_test,"For each of 8 roles: navigation visibility + direct URL + table query scope + record action + Livewire request"
554,edit_a_collage_fons,a_collage_fons,update,1|5|8,"admin|Admin 2|seo_manager",3,"App\Filament\Clusters\Catalog\Resources\ACollageFonsResource","Map exact legacy assignment to Policy/Action ability; canAccessPanel is an additional perimeter; deny unknown roles/actions",ready_for_role_matrix_test,"For each of 8 roles: navigation visibility + direct URL + table query scope + record action + Livewire request"
555,add_a_collage_fons,a_collage_fons,create,1|5|8,"admin|Admin 2|seo_manager",3,"App\Filament\Clusters\Catalog\Resources\ACollageFonsResource","Map exact legacy assignment to Policy/Action ability; canAccessPanel is an additional perimeter; deny unknown roles/actions",ready_for_role_matrix_test,"For each of 8 roles: navigation visibility + direct URL + table query scope + record action + Livewire request"
556,delete_a_collage_fons,a_collage_fons,delete,1|8,admin|seo_manager,2,"App\Filament\Clusters\Catalog\Resources\ACollageFonsResource","Map exact legacy assignment to Policy/Action ability; canAccessPanel is an additional perimeter; deny unknown roles/actions",ready_for_role_matrix_test,"For each of 8 roles: navigation visibility + direct URL + table query scope + record action + Livewire request"
557,browse_a_collage_sticker_group,a_collage_sticker_group,viewAny,1|5|8,"admin|Admin 2|seo_manager",3,"App\Filament\Clusters\Catalog\Resources\ACollageStickerGroupResource","Map exact legacy assignment to Policy/Action ability; canAccessPanel is an additional perimeter; deny unknown roles/actions",ready_for_role_matrix_test,"For each of 8 roles: navigation visibility + direct URL + table query scope + record action + Livewire request"
558,read_a_collage_sticker_group,a_collage_sticker_group,view,1|5|8,"admin|Admin 2|seo_manager",3,"App\Filament\Clusters\Catalog\Resources\ACollageStickerGroupResource","Map exact legacy assignment to Policy/Action ability; canAccessPanel is an additional perimeter; deny unknown roles/actions",ready_for_role_matrix_test,"For each of 8 roles: navigation visibility + direct URL + table query scope + record action + Livewire request"
559,edit_a_collage_sticker_group,a_collage_sticker_group,update,1|8,admin|seo_manager,2,"App\Filament\Clusters\Catalog\Resources\ACollageStickerGroupResource","Map exact legacy assignment to Policy/Action ability; canAccessPanel is an additional perimeter; deny unknown roles/actions",ready_for_role_matrix_test,"For each of 8 roles: navigation visibility + direct URL + table query scope + record action + Livewire request"
560,add_a_collage_sticker_group,a_collage_sticker_group,create,1|5|8,"admin|Admin 2|seo_manager",3,"App\Filament\Clusters\Catalog\Resources\ACollageStickerGroupResource","Map exact legacy assignment to Policy/Action ability; canAccessPanel is an additional perimeter; deny unknown roles/actions",ready_for_role_matrix_test,"For each of 8 roles: navigation visibility + direct URL + table query scope + record action + Livewire request"
561,delete_a_collage_sticker_group,a_collage_sticker_group,delete,1|8,admin|seo_manager,2,"App\Filament\Clusters\Catalog\Resources\ACollageStickerGroupResource","Map exact legacy assignment to Policy/Action ability; canAccessPanel is an additional perimeter; deny unknown roles/actions",ready_for_role_matrix_test,"For each of 8 roles: navigation visibility + direct URL + table query scope + record action + Livewire request"
562,browse_a_collage_stiker,a_collage_stiker,viewAny,1|5|8,"admin|Admin 2|seo_manager",3,"App\Filament\Clusters\Catalog\Resources\ACollageStikerResource","Map exact legacy assignment to Policy/Action ability; canAccessPanel is an additional perimeter; deny unknown roles/actions",ready_for_role_matrix_test,"For each of 8 roles: navigation visibility + direct URL + table query scope + record action + Livewire request"
563,read_a_collage_stiker,a_collage_stiker,view,1|5|8,"admin|Admin 2|seo_manager",3,"App\Filament\Clusters\Catalog\Resources\ACollageStikerResource","Map exact legacy assignment to Policy/Action ability; canAccessPanel is an additional perimeter; deny unknown roles/actions",ready_for_role_matrix_test,"For each of 8 roles: navigation visibility + direct URL + table query scope + record action + Livewire request"
564,edit_a_collage_stiker,a_collage_stiker,update,1|8,admin|seo_manager,2,"App\Filament\Clusters\Catalog\Resources\ACollageStikerResource","Map exact legacy assignment to Policy/Action ability; canAccessPanel is an additional perimeter; deny unknown roles/actions",ready_for_role_matrix_test,"For each of 8 roles: navigation visibility + direct URL + table query scope + record action + Livewire request"
565,add_a_collage_stiker,a_collage_stiker,create,1|5|8,"admin|Admin 2|seo_manager",3,"App\Filament\Clusters\Catalog\Resources\ACollageStikerResource","Map exact legacy assignment to Policy/Action ability; canAccessPanel is an additional perimeter; deny unknown roles/actions",ready_for_role_matrix_test,"For each of 8 roles: navigation visibility + direct URL + table query scope + record action + Livewire request"
566,delete_a_collage_stiker,a_collage_stiker,delete,1|8,admin|seo_manager,2,"App\Filament\Clusters\Catalog\Resources\ACollageStikerResource","Map exact legacy assignment to Policy/Action ability; canAccessPanel is an additional perimeter; deny unknown roles/actions",ready_for_role_matrix_test,"For each of 8 roles: navigation visibility + direct URL + table query scope + record action + Livewire request"
567,browse_a_collage_head,a_collage_head,viewAny,1|5|8,"admin|Admin 2|seo_manager",3,"App\Filament\Clusters\Content\Resources\ACollageHeadResource","Map exact legacy assignment to Policy/Action ability; canAccessPanel is an additional perimeter; deny unknown roles/actions",ready_for_role_matrix_test,"For each of 8 roles: navigation visibility + direct URL + table query scope + record action + Livewire request"
568,read_a_collage_head,a_collage_head,view,1|5|8,"admin|Admin 2|seo_manager",3,"App\Filament\Clusters\Content\Resources\ACollageHeadResource","Map exact legacy assignment to Policy/Action ability; canAccessPanel is an additional perimeter; deny unknown roles/actions",ready_for_role_matrix_test,"For each of 8 roles: navigation visibility + direct URL + table query scope + record action + Livewire request"
569,edit_a_collage_head,a_collage_head,update,1|8,admin|seo_manager,2,"App\Filament\Clusters\Content\Resources\ACollageHeadResource","Map exact legacy assignment to Policy/Action ability; canAccessPanel is an additional perimeter; deny unknown roles/actions",ready_for_role_matrix_test,"For each of 8 roles: navigation visibility + direct URL + table query scope + record action + Livewire request"
570,add_a_collage_head,a_collage_head,create,1|5|8,"admin|Admin 2|seo_manager",3,"App\Filament\Clusters\Content\Resources\ACollageHeadResource","Map exact legacy assignment to Policy/Action ability; canAccessPanel is an additional perimeter; deny unknown roles/actions",ready_for_role_matrix_test,"For each of 8 roles: navigation visibility + direct URL + table query scope + record action + Livewire request"
571,delete_a_collage_head,a_collage_head,delete,1|8,admin|seo_manager,2,"App\Filament\Clusters\Content\Resources\ACollageHeadResource","Map exact legacy assignment to Policy/Action ability; canAccessPanel is an additional perimeter; deny unknown roles/actions",ready_for_role_matrix_test,"For each of 8 roles: navigation visibility + direct URL + table query scope + record action + Livewire request"
592,browse_canvas_slider,canvas_slider,viewAny,1|5|8,"admin|Admin 2|seo_manager",3,"App\Filament\Clusters\Content\Resources\CanvasSliderResource","Map exact legacy assignment to Policy/Action ability; canAccessPanel is an additional perimeter; deny unknown roles/actions",ready_for_role_matrix_test,"For each of 8 roles: navigation visibility + direct URL + table query scope + record action + Livewire request"
593,read_canvas_slider,canvas_slider,view,1|5|8,"admin|Admin 2|seo_manager",3,"App\Filament\Clusters\Content\Resources\CanvasSliderResource","Map exact legacy assignment to Policy/Action ability; canAccessPanel is an additional perimeter; deny unknown roles/actions",ready_for_role_matrix_test,"For each of 8 roles: navigation visibility + direct URL + table query scope + record action + Livewire request"
594,edit_canvas_slider,canvas_slider,update,1|8,admin|seo_manager,2,"App\Filament\Clusters\Content\Resources\CanvasSliderResource","Map exact legacy assignment to Policy/Action ability; canAccessPanel is an additional perimeter; deny unknown roles/actions",ready_for_role_matrix_test,"For each of 8 roles: navigation visibility + direct URL + table query scope + record action + Livewire request"
595,add_canvas_slider,canvas_slider,create,1|5|8,"admin|Admin 2|seo_manager",3,"App\Filament\Clusters\Content\Resources\CanvasSliderResource","Map exact legacy assignment to Policy/Action ability; canAccessPanel is an additional perimeter; deny unknown roles/actions",ready_for_role_matrix_test,"For each of 8 roles: navigation visibility + direct URL + table query scope + record action + Livewire request"
596,delete_canvas_slider,canvas_slider,delete,1|8,admin|seo_manager,2,"App\Filament\Clusters\Content\Resources\CanvasSliderResource","Map exact legacy assignment to Policy/Action ability; canAccessPanel is an additional perimeter; deny unknown roles/actions",ready_for_role_matrix_test,"For each of 8 roles: navigation visibility + direct URL + table query scope + record action + Livewire request"
597,browse_why_are_you_leaving_questions,why_are_you_leaving_questions,viewAny,1|5|8,"admin|Admin 2|seo_manager",3,"App\Filament\Clusters\Crm\Resources\WhyAreYouLeavingQuestionsResource","Map exact legacy assignment to Policy/Action ability; canAccessPanel is an additional perimeter; deny unknown roles/actions",ready_for_role_matrix_test,"For each of 8 roles: navigation visibility + direct URL + table query scope + record action + Livewire request"
598,read_why_are_you_leaving_questions,why_are_you_leaving_questions,view,1|5|8,"admin|Admin 2|seo_manager",3,"App\Filament\Clusters\Crm\Resources\WhyAreYouLeavingQuestionsResource","Map exact legacy assignment to Policy/Action ability; canAccessPanel is an additional perimeter; deny unknown roles/actions",ready_for_role_matrix_test,"For each of 8 roles: navigation visibility + direct URL + table query scope + record action + Livewire request"
599,edit_why_are_you_leaving_questions,why_are_you_leaving_questions,update,1|8,admin|seo_manager,2,"App\Filament\Clusters\Crm\Resources\WhyAreYouLeavingQuestionsResource","Map exact legacy assignment to Policy/Action ability; canAccessPanel is an additional perimeter; deny unknown roles/actions",ready_for_role_matrix_test,"For each of 8 roles: navigation visibility + direct URL + table query scope + record action + Livewire request"
600,add_why_are_you_leaving_questions,why_are_you_leaving_questions,create,1|5|8,"admin|Admin 2|seo_manager",3,"App\Filament\Clusters\Crm\Resources\WhyAreYouLeavingQuestionsResource","Map exact legacy assignment to Policy/Action ability; canAccessPanel is an additional perimeter; deny unknown roles/actions",ready_for_role_matrix_test,"For each of 8 roles: navigation visibility + direct URL + table query scope + record action + Livewire request"
601,delete_why_are_you_leaving_questions,why_are_you_leaving_questions,delete,1|8,admin|seo_manager,2,"App\Filament\Clusters\Crm\Resources\WhyAreYouLeavingQuestionsResource","Map exact legacy assignment to Policy/Action ability; canAccessPanel is an additional perimeter; deny unknown roles/actions",ready_for_role_matrix_test,"For each of 8 roles: navigation visibility + direct URL + table query scope + record action + Livewire request"
602,browse_portrait_slider,portrait_slider,viewAny,1|5|8,"admin|Admin 2|seo_manager",3,"App\Filament\Clusters\Content\Resources\PortraitSliderResource","Map exact legacy assignment to Policy/Action ability; canAccessPanel is an additional perimeter; deny unknown roles/actions",ready_for_role_matrix_test,"For each of 8 roles: navigation visibility + direct URL + table query scope + record action + Livewire request"
603,read_portrait_slider,portrait_slider,view,1|5|8,"admin|Admin 2|seo_manager",3,"App\Filament\Clusters\Content\Resources\PortraitSliderResource","Map exact legacy assignment to Policy/Action ability; canAccessPanel is an additional perimeter; deny unknown roles/actions",ready_for_role_matrix_test,"For each of 8 roles: navigation visibility + direct URL + table query scope + record action + Livewire request"
604,edit_portrait_slider,portrait_slider,update,1|8,admin|seo_manager,2,"App\Filament\Clusters\Content\Resources\PortraitSliderResource","Map exact legacy assignment to Policy/Action ability; canAccessPanel is an additional perimeter; deny unknown roles/actions",ready_for_role_matrix_test,"For each of 8 roles: navigation visibility + direct URL + table query scope + record action + Livewire request"
605,add_portrait_slider,portrait_slider,create,1|5|8,"admin|Admin 2|seo_manager",3,"App\Filament\Clusters\Content\Resources\PortraitSliderResource","Map exact legacy assignment to Policy/Action ability; canAccessPanel is an additional perimeter; deny unknown roles/actions",ready_for_role_matrix_test,"For each of 8 roles: navigation visibility + direct URL + table query scope + record action + Livewire request"
606,delete_portrait_slider,portrait_slider,delete,1|8,admin|seo_manager,2,"App\Filament\Clusters\Content\Resources\PortraitSliderResource","Map exact legacy assignment to Policy/Action ability; canAccessPanel is an additional perimeter; deny unknown roles/actions",ready_for_role_matrix_test,"For each of 8 roles: navigation visibility + direct URL + table query scope + record action + Livewire request"
612,browse_delivery_pickup_at_viar_workshop,delivery_pickup_at_viar_workshop,viewAny,1|5|8,"admin|Admin 2|seo_manager",3,"App\Filament\Clusters\Commerce\Resources\DeliveryPickupAtViarWorkshopResource","Map exact legacy assignment to Policy/Action ability; canAccessPanel is an additional perimeter; deny unknown roles/actions",ready_for_role_matrix_test,"For each of 8 roles: navigation visibility + direct URL + table query scope + record action + Livewire request"
613,read_delivery_pickup_at_viar_workshop,delivery_pickup_at_viar_workshop,view,1|5|8,"admin|Admin 2|seo_manager",3,"App\Filament\Clusters\Commerce\Resources\DeliveryPickupAtViarWorkshopResource","Map exact legacy assignment to Policy/Action ability; canAccessPanel is an additional perimeter; deny unknown roles/actions",ready_for_role_matrix_test,"For each of 8 roles: navigation visibility + direct URL + table query scope + record action + Livewire request"
614,edit_delivery_pickup_at_viar_workshop,delivery_pickup_at_viar_workshop,update,1|8,admin|seo_manager,2,"App\Filament\Clusters\Commerce\Resources\DeliveryPickupAtViarWorkshopResource","Map exact legacy assignment to Policy/Action ability; canAccessPanel is an additional perimeter; deny unknown roles/actions",ready_for_role_matrix_test,"For each of 8 roles: navigation visibility + direct URL + table query scope + record action + Livewire request"
615,add_delivery_pickup_at_viar_workshop,delivery_pickup_at_viar_workshop,create,1|5|8,"admin|Admin 2|seo_manager",3,"App\Filament\Clusters\Commerce\Resources\DeliveryPickupAtViarWorkshopResource","Map exact legacy assignment to Policy/Action ability; canAccessPanel is an additional perimeter; deny unknown roles/actions",ready_for_role_matrix_test,"For each of 8 roles: navigation visibility + direct URL + table query scope + record action + Livewire request"
616,delete_delivery_pickup_at_viar_workshop,delivery_pickup_at_viar_workshop,delete,1|8,admin|seo_manager,2,"App\Filament\Clusters\Commerce\Resources\DeliveryPickupAtViarWorkshopResource","Map exact legacy assignment to Policy/Action ability; canAccessPanel is an additional perimeter; deny unknown roles/actions",ready_for_role_matrix_test,"For each of 8 roles: navigation visibility + direct URL + table query scope + record action + Livewire request"
622,browse_payment_Info,payment_Info,viewAny,1|8,admin|seo_manager,2,"App\Filament\Clusters\Legacy\Pages\PaymentInfoArchive","Map exact legacy assignment to Policy/Action ability; canAccessPanel is an additional perimeter; deny unknown roles/actions",ready_for_role_matrix_test,"For each of 8 roles: navigation visibility + direct URL + table query scope + record action + Livewire request"
623,read_payment_Info,payment_Info,view,1|8,admin|seo_manager,2,"App\Filament\Clusters\Legacy\Pages\PaymentInfoArchive","Map exact legacy assignment to Policy/Action ability; canAccessPanel is an additional perimeter; deny unknown roles/actions",ready_for_role_matrix_test,"For each of 8 roles: navigation visibility + direct URL + table query scope + record action + Livewire request"
624,edit_payment_Info,payment_Info,update,1|8,admin|seo_manager,2,"App\Filament\Clusters\Legacy\Pages\PaymentInfoArchive","Map exact legacy assignment to Policy/Action ability; canAccessPanel is an additional perimeter; deny unknown roles/actions",ready_for_role_matrix_test,"For each of 8 roles: navigation visibility + direct URL + table query scope + record action + Livewire request"
625,add_payment_Info,payment_Info,create,1|8,admin|seo_manager,2,"App\Filament\Clusters\Legacy\Pages\PaymentInfoArchive","Map exact legacy assignment to Policy/Action ability; canAccessPanel is an additional perimeter; deny unknown roles/actions",ready_for_role_matrix_test,"For each of 8 roles: navigation visibility + direct URL + table query scope + record action + Livewire request"
626,delete_payment_Info,payment_Info,delete,1|8,admin|seo_manager,2,"App\Filament\Clusters\Legacy\Pages\PaymentInfoArchive","Map exact legacy assignment to Policy/Action ability; canAccessPanel is an additional perimeter; deny unknown roles/actions",ready_for_role_matrix_test,"For each of 8 roles: navigation visibility + direct URL + table query scope + record action + Livewire request"
627,browse_blog_categories,blog_categories,viewAny,1|5|8,"admin|Admin 2|seo_manager",3,"App\Filament\Clusters\Content\Resources\BlogCategoriesResource","Map exact legacy assignment to Policy/Action ability; canAccessPanel is an additional perimeter; deny unknown roles/actions",ready_for_role_matrix_test,"For each of 8 roles: navigation visibility + direct URL + table query scope + record action + Livewire request"
628,read_blog_categories,blog_categories,view,1|5|8,"admin|Admin 2|seo_manager",3,"App\Filament\Clusters\Content\Resources\BlogCategoriesResource","Map exact legacy assignment to Policy/Action ability; canAccessPanel is an additional perimeter; deny unknown roles/actions",ready_for_role_matrix_test,"For each of 8 roles: navigation visibility + direct URL + table query scope + record action + Livewire request"
629,edit_blog_categories,blog_categories,update,1|8,admin|seo_manager,2,"App\Filament\Clusters\Content\Resources\BlogCategoriesResource","Map exact legacy assignment to Policy/Action ability; canAccessPanel is an additional perimeter; deny unknown roles/actions",ready_for_role_matrix_test,"For each of 8 roles: navigation visibility + direct URL + table query scope + record action + Livewire request"
630,add_blog_categories,blog_categories,create,1|5|8,"admin|Admin 2|seo_manager",3,"App\Filament\Clusters\Content\Resources\BlogCategoriesResource","Map exact legacy assignment to Policy/Action ability; canAccessPanel is an additional perimeter; deny unknown roles/actions",ready_for_role_matrix_test,"For each of 8 roles: navigation visibility + direct URL + table query scope + record action + Livewire request"
631,delete_blog_categories,blog_categories,delete,1|8,admin|seo_manager,2,"App\Filament\Clusters\Content\Resources\BlogCategoriesResource","Map exact legacy assignment to Policy/Action ability; canAccessPanel is an additional perimeter; deny unknown roles/actions",ready_for_role_matrix_test,"For each of 8 roles: navigation visibility + direct URL + table query scope + record action + Livewire request"
632,browse_blog_categories_short_blocks,blog_categories_short_blocks,viewAny,1|5|8,"admin|Admin 2|seo_manager",3,"App\Filament\Clusters\Content\Resources\BlogCategoriesShortBlocksResource","Map exact legacy assignment to Policy/Action ability; canAccessPanel is an additional perimeter; deny unknown roles/actions",ready_for_role_matrix_test,"For each of 8 roles: navigation visibility + direct URL + table query scope + record action + Livewire request"
633,read_blog_categories_short_blocks,blog_categories_short_blocks,view,1|5|8,"admin|Admin 2|seo_manager",3,"App\Filament\Clusters\Content\Resources\BlogCategoriesShortBlocksResource","Map exact legacy assignment to Policy/Action ability; canAccessPanel is an additional perimeter; deny unknown roles/actions",ready_for_role_matrix_test,"For each of 8 roles: navigation visibility + direct URL + table query scope + record action + Livewire request"
634,edit_blog_categories_short_blocks,blog_categories_short_blocks,update,1|8,admin|seo_manager,2,"App\Filament\Clusters\Content\Resources\BlogCategoriesShortBlocksResource","Map exact legacy assignment to Policy/Action ability; canAccessPanel is an additional perimeter; deny unknown roles/actions",ready_for_role_matrix_test,"For each of 8 roles: navigation visibility + direct URL + table query scope + record action + Livewire request"
635,add_blog_categories_short_blocks,blog_categories_short_blocks,create,1|5|8,"admin|Admin 2|seo_manager",3,"App\Filament\Clusters\Content\Resources\BlogCategoriesShortBlocksResource","Map exact legacy assignment to Policy/Action ability; canAccessPanel is an additional perimeter; deny unknown roles/actions",ready_for_role_matrix_test,"For each of 8 roles: navigation visibility + direct URL + table query scope + record action + Livewire request"
636,delete_blog_categories_short_blocks,blog_categories_short_blocks,delete,1|8,admin|seo_manager,2,"App\Filament\Clusters\Content\Resources\BlogCategoriesShortBlocksResource","Map exact legacy assignment to Policy/Action ability; canAccessPanel is an additional perimeter; deny unknown roles/actions",ready_for_role_matrix_test,"For each of 8 roles: navigation visibility + direct URL + table query scope + record action + Livewire request"
657,browse_blog_reklama_type,blog_reklama_type,viewAny,1|5|8,"admin|Admin 2|seo_manager",3,"App\Filament\Clusters\Content\Resources\BlogReklamaTypeResource","Map exact legacy assignment to Policy/Action ability; canAccessPanel is an additional perimeter; deny unknown roles/actions",ready_for_role_matrix_test,"For each of 8 roles: navigation visibility + direct URL + table query scope + record action + Livewire request"
658,read_blog_reklama_type,blog_reklama_type,view,1|5|8,"admin|Admin 2|seo_manager",3,"App\Filament\Clusters\Content\Resources\BlogReklamaTypeResource","Map exact legacy assignment to Policy/Action ability; canAccessPanel is an additional perimeter; deny unknown roles/actions",ready_for_role_matrix_test,"For each of 8 roles: navigation visibility + direct URL + table query scope + record action + Livewire request"
659,edit_blog_reklama_type,blog_reklama_type,update,1|5|8,"admin|Admin 2|seo_manager",3,"App\Filament\Clusters\Content\Resources\BlogReklamaTypeResource","Map exact legacy assignment to Policy/Action ability; canAccessPanel is an additional perimeter; deny unknown roles/actions",ready_for_role_matrix_test,"For each of 8 roles: navigation visibility + direct URL + table query scope + record action + Livewire request"
660,add_blog_reklama_type,blog_reklama_type,create,1|5|8,"admin|Admin 2|seo_manager",3,"App\Filament\Clusters\Content\Resources\BlogReklamaTypeResource","Map exact legacy assignment to Policy/Action ability; canAccessPanel is an additional perimeter; deny unknown roles/actions",ready_for_role_matrix_test,"For each of 8 roles: navigation visibility + direct URL + table query scope + record action + Livewire request"
661,delete_blog_reklama_type,blog_reklama_type,delete,1|8,admin|seo_manager,2,"App\Filament\Clusters\Content\Resources\BlogReklamaTypeResource","Map exact legacy assignment to Policy/Action ability; canAccessPanel is an additional perimeter; deny unknown roles/actions",ready_for_role_matrix_test,"For each of 8 roles: navigation visibility + direct URL + table query scope + record action + Livewire request"
667,browse_blog_reklama,blog_reklama,viewAny,1|5|8,"admin|Admin 2|seo_manager",3,"App\Filament\Clusters\Content\Resources\BlogReklamaResource","Map exact legacy assignment to Policy/Action ability; canAccessPanel is an additional perimeter; deny unknown roles/actions",ready_for_role_matrix_test,"For each of 8 roles: navigation visibility + direct URL + table query scope + record action + Livewire request"
668,read_blog_reklama,blog_reklama,view,1|5|8,"admin|Admin 2|seo_manager",3,"App\Filament\Clusters\Content\Resources\BlogReklamaResource","Map exact legacy assignment to Policy/Action ability; canAccessPanel is an additional perimeter; deny unknown roles/actions",ready_for_role_matrix_test,"For each of 8 roles: navigation visibility + direct URL + table query scope + record action + Livewire request"
669,edit_blog_reklama,blog_reklama,update,1|8,admin|seo_manager,2,"App\Filament\Clusters\Content\Resources\BlogReklamaResource","Map exact legacy assignment to Policy/Action ability; canAccessPanel is an additional perimeter; deny unknown roles/actions",ready_for_role_matrix_test,"For each of 8 roles: navigation visibility + direct URL + table query scope + record action + Livewire request"
670,add_blog_reklama,blog_reklama,create,1|5|8,"admin|Admin 2|seo_manager",3,"App\Filament\Clusters\Content\Resources\BlogReklamaResource","Map exact legacy assignment to Policy/Action ability; canAccessPanel is an additional perimeter; deny unknown roles/actions",ready_for_role_matrix_test,"For each of 8 roles: navigation visibility + direct URL + table query scope + record action + Livewire request"
671,delete_blog_reklama,blog_reklama,delete,1|8,admin|seo_manager,2,"App\Filament\Clusters\Content\Resources\BlogReklamaResource","Map exact legacy assignment to Policy/Action ability; canAccessPanel is an additional perimeter; deny unknown roles/actions",ready_for_role_matrix_test,"For each of 8 roles: navigation visibility + direct URL + table query scope + record action + Livewire request"
672,browse_blog_authors,blog_authors,viewAny,1|5|8,"admin|Admin 2|seo_manager",3,"App\Filament\Clusters\Content\Resources\BlogAuthorsResource","Map exact legacy assignment to Policy/Action ability; canAccessPanel is an additional perimeter; deny unknown roles/actions",ready_for_role_matrix_test,"For each of 8 roles: navigation visibility + direct URL + table query scope + record action + Livewire request"
673,read_blog_authors,blog_authors,view,1|5|8,"admin|Admin 2|seo_manager",3,"App\Filament\Clusters\Content\Resources\BlogAuthorsResource","Map exact legacy assignment to Policy/Action ability; canAccessPanel is an additional perimeter; deny unknown roles/actions",ready_for_role_matrix_test,"For each of 8 roles: navigation visibility + direct URL + table query scope + record action + Livewire request"
674,edit_blog_authors,blog_authors,update,1|8,admin|seo_manager,2,"App\Filament\Clusters\Content\Resources\BlogAuthorsResource","Map exact legacy assignment to Policy/Action ability; canAccessPanel is an additional perimeter; deny unknown roles/actions",ready_for_role_matrix_test,"For each of 8 roles: navigation visibility + direct URL + table query scope + record action + Livewire request"
675,add_blog_authors,blog_authors,create,1|5|8,"admin|Admin 2|seo_manager",3,"App\Filament\Clusters\Content\Resources\BlogAuthorsResource","Map exact legacy assignment to Policy/Action ability; canAccessPanel is an additional perimeter; deny unknown roles/actions",ready_for_role_matrix_test,"For each of 8 roles: navigation visibility + direct URL + table query scope + record action + Livewire request"
676,delete_blog_authors,blog_authors,delete,1|8,admin|seo_manager,2,"App\Filament\Clusters\Content\Resources\BlogAuthorsResource","Map exact legacy assignment to Policy/Action ability; canAccessPanel is an additional perimeter; deny unknown roles/actions",ready_for_role_matrix_test,"For each of 8 roles: navigation visibility + direct URL + table query scope + record action + Livewire request"
677,browse_a_production_time,a_production_time,viewAny,1|5|8,"admin|Admin 2|seo_manager",3,"App\Filament\Clusters\Commerce\Resources\AProductionTimeResource","Map exact legacy assignment to Policy/Action ability; canAccessPanel is an additional perimeter; deny unknown roles/actions",ready_for_role_matrix_test,"For each of 8 roles: navigation visibility + direct URL + table query scope + record action + Livewire request"
678,read_a_production_time,a_production_time,view,1|5|8,"admin|Admin 2|seo_manager",3,"App\Filament\Clusters\Commerce\Resources\AProductionTimeResource","Map exact legacy assignment to Policy/Action ability; canAccessPanel is an additional perimeter; deny unknown roles/actions",ready_for_role_matrix_test,"For each of 8 roles: navigation visibility + direct URL + table query scope + record action + Livewire request"
679,edit_a_production_time,a_production_time,update,1|8,admin|seo_manager,2,"App\Filament\Clusters\Commerce\Resources\AProductionTimeResource","Map exact legacy assignment to Policy/Action ability; canAccessPanel is an additional perimeter; deny unknown roles/actions",ready_for_role_matrix_test,"For each of 8 roles: navigation visibility + direct URL + table query scope + record action + Livewire request"
680,add_a_production_time,a_production_time,create,1|5|8,"admin|Admin 2|seo_manager",3,"App\Filament\Clusters\Commerce\Resources\AProductionTimeResource","Map exact legacy assignment to Policy/Action ability; canAccessPanel is an additional perimeter; deny unknown roles/actions",ready_for_role_matrix_test,"For each of 8 roles: navigation visibility + direct URL + table query scope + record action + Livewire request"
681,delete_a_production_time,a_production_time,delete,1|8,admin|seo_manager,2,"App\Filament\Clusters\Commerce\Resources\AProductionTimeResource","Map exact legacy assignment to Policy/Action ability; canAccessPanel is an additional perimeter; deny unknown roles/actions",ready_for_role_matrix_test,"For each of 8 roles: navigation visibility + direct URL + table query scope + record action + Livewire request"
682,browse_our_working_process,our_working_process,viewAny,1|8,admin|seo_manager,2,"App\Filament\Clusters\Content\Resources\OurWorkingProcessResource","Map exact legacy assignment to Policy/Action ability; canAccessPanel is an additional perimeter; deny unknown roles/actions",ready_for_role_matrix_test,"For each of 8 roles: navigation visibility + direct URL + table query scope + record action + Livewire request"
683,read_our_working_process,our_working_process,view,1|8,admin|seo_manager,2,"App\Filament\Clusters\Content\Resources\OurWorkingProcessResource","Map exact legacy assignment to Policy/Action ability; canAccessPanel is an additional perimeter; deny unknown roles/actions",ready_for_role_matrix_test,"For each of 8 roles: navigation visibility + direct URL + table query scope + record action + Livewire request"
684,edit_our_working_process,our_working_process,update,1|8,admin|seo_manager,2,"App\Filament\Clusters\Content\Resources\OurWorkingProcessResource","Map exact legacy assignment to Policy/Action ability; canAccessPanel is an additional perimeter; deny unknown roles/actions",ready_for_role_matrix_test,"For each of 8 roles: navigation visibility + direct URL + table query scope + record action + Livewire request"
685,add_our_working_process,our_working_process,create,1|8,admin|seo_manager,2,"App\Filament\Clusters\Content\Resources\OurWorkingProcessResource","Map exact legacy assignment to Policy/Action ability; canAccessPanel is an additional perimeter; deny unknown roles/actions",ready_for_role_matrix_test,"For each of 8 roles: navigation visibility + direct URL + table query scope + record action + Livewire request"
686,delete_our_working_process,our_working_process,delete,1|8,admin|seo_manager,2,"App\Filament\Clusters\Content\Resources\OurWorkingProcessResource","Map exact legacy assignment to Policy/Action ability; canAccessPanel is an additional perimeter; deny unknown roles/actions",ready_for_role_matrix_test,"For each of 8 roles: navigation visibility + direct URL + table query scope + record action + Livewire request"
697,browse_our_team,our_team,viewAny,1|8,admin|seo_manager,2,"App\Filament\Clusters\Content\Resources\OurTeamResource","Map exact legacy assignment to Policy/Action ability; canAccessPanel is an additional perimeter; deny unknown roles/actions",ready_for_role_matrix_test,"For each of 8 roles: navigation visibility + direct URL + table query scope + record action + Livewire request"
698,read_our_team,our_team,view,1|8,admin|seo_manager,2,"App\Filament\Clusters\Content\Resources\OurTeamResource","Map exact legacy assignment to Policy/Action ability; canAccessPanel is an additional perimeter; deny unknown roles/actions",ready_for_role_matrix_test,"For each of 8 roles: navigation visibility + direct URL + table query scope + record action + Livewire request"
699,edit_our_team,our_team,update,1|8,admin|seo_manager,2,"App\Filament\Clusters\Content\Resources\OurTeamResource","Map exact legacy assignment to Policy/Action ability; canAccessPanel is an additional perimeter; deny unknown roles/actions",ready_for_role_matrix_test,"For each of 8 roles: navigation visibility + direct URL + table query scope + record action + Livewire request"
700,add_our_team,our_team,create,1|8,admin|seo_manager,2,"App\Filament\Clusters\Content\Resources\OurTeamResource","Map exact legacy assignment to Policy/Action ability; canAccessPanel is an additional perimeter; deny unknown roles/actions",ready_for_role_matrix_test,"For each of 8 roles: navigation visibility + direct URL + table query scope + record action + Livewire request"
701,delete_our_team,our_team,delete,1|8,admin|seo_manager,2,"App\Filament\Clusters\Content\Resources\OurTeamResource","Map exact legacy assignment to Policy/Action ability; canAccessPanel is an additional perimeter; deny unknown roles/actions",ready_for_role_matrix_test,"For each of 8 roles: navigation visibility + direct URL + table query scope + record action + Livewire request"
702,browse_address,address,viewAny,1|8,admin|seo_manager,2,"App\Filament\Clusters\Content\Resources\AddressResource","Map exact legacy assignment to Policy/Action ability; canAccessPanel is an additional perimeter; deny unknown roles/actions",ready_for_role_matrix_test,"For each of 8 roles: navigation visibility + direct URL + table query scope + record action + Livewire request"
703,read_address,address,view,1|8,admin|seo_manager,2,"App\Filament\Clusters\Content\Resources\AddressResource","Map exact legacy assignment to Policy/Action ability; canAccessPanel is an additional perimeter; deny unknown roles/actions",ready_for_role_matrix_test,"For each of 8 roles: navigation visibility + direct URL + table query scope + record action + Livewire request"
704,edit_address,address,update,1|8,admin|seo_manager,2,"App\Filament\Clusters\Content\Resources\AddressResource","Map exact legacy assignment to Policy/Action ability; canAccessPanel is an additional perimeter; deny unknown roles/actions",ready_for_role_matrix_test,"For each of 8 roles: navigation visibility + direct URL + table query scope + record action + Livewire request"
705,add_address,address,create,1|8,admin|seo_manager,2,"App\Filament\Clusters\Content\Resources\AddressResource","Map exact legacy assignment to Policy/Action ability; canAccessPanel is an additional perimeter; deny unknown roles/actions",ready_for_role_matrix_test,"For each of 8 roles: navigation visibility + direct URL + table query scope + record action + Livewire request"
706,delete_address,address,delete,1|8,admin|seo_manager,2,"App\Filament\Clusters\Content\Resources\AddressResource","Map exact legacy assignment to Policy/Action ability; canAccessPanel is an additional perimeter; deny unknown roles/actions",ready_for_role_matrix_test,"For each of 8 roles: navigation visibility + direct URL + table query scope + record action + Livewire request"
707,browse_canvas_rams_colors,canvas_rams_colors,viewAny,1|8,admin|seo_manager,2,"App\Filament\Clusters\Catalog\Resources\CanvasRamsColorsResource","Map exact legacy assignment to Policy/Action ability; canAccessPanel is an additional perimeter; deny unknown roles/actions",ready_for_role_matrix_test,"For each of 8 roles: navigation visibility + direct URL + table query scope + record action + Livewire request"
708,read_canvas_rams_colors,canvas_rams_colors,view,1|8,admin|seo_manager,2,"App\Filament\Clusters\Catalog\Resources\CanvasRamsColorsResource","Map exact legacy assignment to Policy/Action ability; canAccessPanel is an additional perimeter; deny unknown roles/actions",ready_for_role_matrix_test,"For each of 8 roles: navigation visibility + direct URL + table query scope + record action + Livewire request"
709,edit_canvas_rams_colors,canvas_rams_colors,update,1|8,admin|seo_manager,2,"App\Filament\Clusters\Catalog\Resources\CanvasRamsColorsResource","Map exact legacy assignment to Policy/Action ability; canAccessPanel is an additional perimeter; deny unknown roles/actions",ready_for_role_matrix_test,"For each of 8 roles: navigation visibility + direct URL + table query scope + record action + Livewire request"
710,add_canvas_rams_colors,canvas_rams_colors,create,1|8,admin|seo_manager,2,"App\Filament\Clusters\Catalog\Resources\CanvasRamsColorsResource","Map exact legacy assignment to Policy/Action ability; canAccessPanel is an additional perimeter; deny unknown roles/actions",ready_for_role_matrix_test,"For each of 8 roles: navigation visibility + direct URL + table query scope + record action + Livewire request"
711,delete_canvas_rams_colors,canvas_rams_colors,delete,1|8,admin|seo_manager,2,"App\Filament\Clusters\Catalog\Resources\CanvasRamsColorsResource","Map exact legacy assignment to Policy/Action ability; canAccessPanel is an additional perimeter; deny unknown roles/actions",ready_for_role_matrix_test,"For each of 8 roles: navigation visibility + direct URL + table query scope + record action + Livewire request"
712,browse_canvas_rams_materials,canvas_rams_materials,viewAny,1|8,admin|seo_manager,2,"App\Filament\Clusters\Catalog\Resources\CanvasRamsMaterialsResource","Map exact legacy assignment to Policy/Action ability; canAccessPanel is an additional perimeter; deny unknown roles/actions",ready_for_role_matrix_test,"For each of 8 roles: navigation visibility + direct URL + table query scope + record action + Livewire request"
713,read_canvas_rams_materials,canvas_rams_materials,view,1|8,admin|seo_manager,2,"App\Filament\Clusters\Catalog\Resources\CanvasRamsMaterialsResource","Map exact legacy assignment to Policy/Action ability; canAccessPanel is an additional perimeter; deny unknown roles/actions",ready_for_role_matrix_test,"For each of 8 roles: navigation visibility + direct URL + table query scope + record action + Livewire request"
714,edit_canvas_rams_materials,canvas_rams_materials,update,1|8,admin|seo_manager,2,"App\Filament\Clusters\Catalog\Resources\CanvasRamsMaterialsResource","Map exact legacy assignment to Policy/Action ability; canAccessPanel is an additional perimeter; deny unknown roles/actions",ready_for_role_matrix_test,"For each of 8 roles: navigation visibility + direct URL + table query scope + record action + Livewire request"
715,add_canvas_rams_materials,canvas_rams_materials,create,1|8,admin|seo_manager,2,"App\Filament\Clusters\Catalog\Resources\CanvasRamsMaterialsResource","Map exact legacy assignment to Policy/Action ability; canAccessPanel is an additional perimeter; deny unknown roles/actions",ready_for_role_matrix_test,"For each of 8 roles: navigation visibility + direct URL + table query scope + record action + Livewire request"
716,delete_canvas_rams_materials,canvas_rams_materials,delete,1|8,admin|seo_manager,2,"App\Filament\Clusters\Catalog\Resources\CanvasRamsMaterialsResource","Map exact legacy assignment to Policy/Action ability; canAccessPanel is an additional perimeter; deny unknown roles/actions",ready_for_role_matrix_test,"For each of 8 roles: navigation visibility + direct URL + table query scope + record action + Livewire request"
722,browse_a_gallery_genre,a_gallery_genre,viewAny,1|8,admin|seo_manager,2,"App\Filament\Clusters\Catalog\Resources\AGalleryGenreResource","Map exact legacy assignment to Policy/Action ability; canAccessPanel is an additional perimeter; deny unknown roles/actions",ready_for_role_matrix_test,"For each of 8 roles: navigation visibility + direct URL + table query scope + record action + Livewire request"
723,read_a_gallery_genre,a_gallery_genre,view,1|8,admin|seo_manager,2,"App\Filament\Clusters\Catalog\Resources\AGalleryGenreResource","Map exact legacy assignment to Policy/Action ability; canAccessPanel is an additional perimeter; deny unknown roles/actions",ready_for_role_matrix_test,"For each of 8 roles: navigation visibility + direct URL + table query scope + record action + Livewire request"
724,edit_a_gallery_genre,a_gallery_genre,update,1|8,admin|seo_manager,2,"App\Filament\Clusters\Catalog\Resources\AGalleryGenreResource","Map exact legacy assignment to Policy/Action ability; canAccessPanel is an additional perimeter; deny unknown roles/actions",ready_for_role_matrix_test,"For each of 8 roles: navigation visibility + direct URL + table query scope + record action + Livewire request"
725,add_a_gallery_genre,a_gallery_genre,create,1|8,admin|seo_manager,2,"App\Filament\Clusters\Catalog\Resources\AGalleryGenreResource","Map exact legacy assignment to Policy/Action ability; canAccessPanel is an additional perimeter; deny unknown roles/actions",ready_for_role_matrix_test,"For each of 8 roles: navigation visibility + direct URL + table query scope + record action + Livewire request"
726,delete_a_gallery_genre,a_gallery_genre,delete,1|8,admin|seo_manager,2,"App\Filament\Clusters\Catalog\Resources\AGalleryGenreResource","Map exact legacy assignment to Policy/Action ability; canAccessPanel is an additional perimeter; deny unknown roles/actions",ready_for_role_matrix_test,"For each of 8 roles: navigation visibility + direct URL + table query scope + record action + Livewire request"
727,browse_a_gallery_style,a_gallery_style,viewAny,1|8,admin|seo_manager,2,"App\Filament\Clusters\Catalog\Resources\AGalleryStyleResource","Map exact legacy assignment to Policy/Action ability; canAccessPanel is an additional perimeter; deny unknown roles/actions",ready_for_role_matrix_test,"For each of 8 roles: navigation visibility + direct URL + table query scope + record action + Livewire request"
728,read_a_gallery_style,a_gallery_style,view,1|8,admin|seo_manager,2,"App\Filament\Clusters\Catalog\Resources\AGalleryStyleResource","Map exact legacy assignment to Policy/Action ability; canAccessPanel is an additional perimeter; deny unknown roles/actions",ready_for_role_matrix_test,"For each of 8 roles: navigation visibility + direct URL + table query scope + record action + Livewire request"
729,edit_a_gallery_style,a_gallery_style,update,1|8,admin|seo_manager,2,"App\Filament\Clusters\Catalog\Resources\AGalleryStyleResource","Map exact legacy assignment to Policy/Action ability; canAccessPanel is an additional perimeter; deny unknown roles/actions",ready_for_role_matrix_test,"For each of 8 roles: navigation visibility + direct URL + table query scope + record action + Livewire request"
730,add_a_gallery_style,a_gallery_style,create,1|8,admin|seo_manager,2,"App\Filament\Clusters\Catalog\Resources\AGalleryStyleResource","Map exact legacy assignment to Policy/Action ability; canAccessPanel is an additional perimeter; deny unknown roles/actions",ready_for_role_matrix_test,"For each of 8 roles: navigation visibility + direct URL + table query scope + record action + Livewire request"
731,delete_a_gallery_style,a_gallery_style,delete,1|8,admin|seo_manager,2,"App\Filament\Clusters\Catalog\Resources\AGalleryStyleResource","Map exact legacy assignment to Policy/Action ability; canAccessPanel is an additional perimeter; deny unknown roles/actions",ready_for_role_matrix_test,"For each of 8 roles: navigation visibility + direct URL + table query scope + record action + Livewire request"
732,browse_a_gallery_nationality,a_gallery_nationality,viewAny,1|8,admin|seo_manager,2,"App\Filament\Clusters\Catalog\Resources\AGalleryNationalityResource","Map exact legacy assignment to Policy/Action ability; canAccessPanel is an additional perimeter; deny unknown roles/actions",ready_for_role_matrix_test,"For each of 8 roles: navigation visibility + direct URL + table query scope + record action + Livewire request"
733,read_a_gallery_nationality,a_gallery_nationality,view,1|8,admin|seo_manager,2,"App\Filament\Clusters\Catalog\Resources\AGalleryNationalityResource","Map exact legacy assignment to Policy/Action ability; canAccessPanel is an additional perimeter; deny unknown roles/actions",ready_for_role_matrix_test,"For each of 8 roles: navigation visibility + direct URL + table query scope + record action + Livewire request"
734,edit_a_gallery_nationality,a_gallery_nationality,update,1|8,admin|seo_manager,2,"App\Filament\Clusters\Catalog\Resources\AGalleryNationalityResource","Map exact legacy assignment to Policy/Action ability; canAccessPanel is an additional perimeter; deny unknown roles/actions",ready_for_role_matrix_test,"For each of 8 roles: navigation visibility + direct URL + table query scope + record action + Livewire request"
735,add_a_gallery_nationality,a_gallery_nationality,create,1|8,admin|seo_manager,2,"App\Filament\Clusters\Catalog\Resources\AGalleryNationalityResource","Map exact legacy assignment to Policy/Action ability; canAccessPanel is an additional perimeter; deny unknown roles/actions",ready_for_role_matrix_test,"For each of 8 roles: navigation visibility + direct URL + table query scope + record action + Livewire request"
736,delete_a_gallery_nationality,a_gallery_nationality,delete,1|8,admin|seo_manager,2,"App\Filament\Clusters\Catalog\Resources\AGalleryNationalityResource","Map exact legacy assignment to Policy/Action ability; canAccessPanel is an additional perimeter; deny unknown roles/actions",ready_for_role_matrix_test,"For each of 8 roles: navigation visibility + direct URL + table query scope + record action + Livewire request"
737,browse_a_gallery_age,a_gallery_age,viewAny,1|8,admin|seo_manager,2,"App\Filament\Clusters\Catalog\Resources\AGalleryAgeResource","Map exact legacy assignment to Policy/Action ability; canAccessPanel is an additional perimeter; deny unknown roles/actions",ready_for_role_matrix_test,"For each of 8 roles: navigation visibility + direct URL + table query scope + record action + Livewire request"
738,read_a_gallery_age,a_gallery_age,view,1|8,admin|seo_manager,2,"App\Filament\Clusters\Catalog\Resources\AGalleryAgeResource","Map exact legacy assignment to Policy/Action ability; canAccessPanel is an additional perimeter; deny unknown roles/actions",ready_for_role_matrix_test,"For each of 8 roles: navigation visibility + direct URL + table query scope + record action + Livewire request"
739,edit_a_gallery_age,a_gallery_age,update,1|8,admin|seo_manager,2,"App\Filament\Clusters\Catalog\Resources\AGalleryAgeResource","Map exact legacy assignment to Policy/Action ability; canAccessPanel is an additional perimeter; deny unknown roles/actions",ready_for_role_matrix_test,"For each of 8 roles: navigation visibility + direct URL + table query scope + record action + Livewire request"
740,add_a_gallery_age,a_gallery_age,create,1|8,admin|seo_manager,2,"App\Filament\Clusters\Catalog\Resources\AGalleryAgeResource","Map exact legacy assignment to Policy/Action ability; canAccessPanel is an additional perimeter; deny unknown roles/actions",ready_for_role_matrix_test,"For each of 8 roles: navigation visibility + direct URL + table query scope + record action + Livewire request"
741,delete_a_gallery_age,a_gallery_age,delete,1|8,admin|seo_manager,2,"App\Filament\Clusters\Catalog\Resources\AGalleryAgeResource","Map exact legacy assignment to Policy/Action ability; canAccessPanel is an additional perimeter; deny unknown roles/actions",ready_for_role_matrix_test,"For each of 8 roles: navigation visibility + direct URL + table query scope + record action + Livewire request"
742,browse_a_delivery_towns,a_delivery_towns,viewAny,1|8,admin|seo_manager,2,"App\Filament\Clusters\Commerce\Resources\ADeliveryTownsResource","Map exact legacy assignment to Policy/Action ability; canAccessPanel is an additional perimeter; deny unknown roles/actions",ready_for_role_matrix_test,"For each of 8 roles: navigation visibility + direct URL + table query scope + record action + Livewire request"
743,read_a_delivery_towns,a_delivery_towns,view,1|8,admin|seo_manager,2,"App\Filament\Clusters\Commerce\Resources\ADeliveryTownsResource","Map exact legacy assignment to Policy/Action ability; canAccessPanel is an additional perimeter; deny unknown roles/actions",ready_for_role_matrix_test,"For each of 8 roles: navigation visibility + direct URL + table query scope + record action + Livewire request"
744,edit_a_delivery_towns,a_delivery_towns,update,1|8,admin|seo_manager,2,"App\Filament\Clusters\Commerce\Resources\ADeliveryTownsResource","Map exact legacy assignment to Policy/Action ability; canAccessPanel is an additional perimeter; deny unknown roles/actions",ready_for_role_matrix_test,"For each of 8 roles: navigation visibility + direct URL + table query scope + record action + Livewire request"
745,add_a_delivery_towns,a_delivery_towns,create,1|8,admin|seo_manager,2,"App\Filament\Clusters\Commerce\Resources\ADeliveryTownsResource","Map exact legacy assignment to Policy/Action ability; canAccessPanel is an additional perimeter; deny unknown roles/actions",ready_for_role_matrix_test,"For each of 8 roles: navigation visibility + direct URL + table query scope + record action + Livewire request"
746,delete_a_delivery_towns,a_delivery_towns,delete,1|8,admin|seo_manager,2,"App\Filament\Clusters\Commerce\Resources\ADeliveryTownsResource","Map exact legacy assignment to Policy/Action ability; canAccessPanel is an additional perimeter; deny unknown roles/actions",ready_for_role_matrix_test,"For each of 8 roles: navigation visibility + direct URL + table query scope + record action + Livewire request"
747,browse_creeping_line,creeping_line,viewAny,1,admin,1,"App\Filament\Clusters\Content\Resources\CreepingLineResource","Map exact legacy assignment to Policy/Action ability; canAccessPanel is an additional perimeter; deny unknown roles/actions",ready_for_role_matrix_test,"For each of 8 roles: navigation visibility + direct URL + table query scope + record action + Livewire request"
748,read_creeping_line,creeping_line,view,1,admin,1,"App\Filament\Clusters\Content\Resources\CreepingLineResource","Map exact legacy assignment to Policy/Action ability; canAccessPanel is an additional perimeter; deny unknown roles/actions",ready_for_role_matrix_test,"For each of 8 roles: navigation visibility + direct URL + table query scope + record action + Livewire request"
749,edit_creeping_line,creeping_line,update,1,admin,1,"App\Filament\Clusters\Content\Resources\CreepingLineResource","Map exact legacy assignment to Policy/Action ability; canAccessPanel is an additional perimeter; deny unknown roles/actions",ready_for_role_matrix_test,"For each of 8 roles: navigation visibility + direct URL + table query scope + record action + Livewire request"
750,add_creeping_line,creeping_line,create,1,admin,1,"App\Filament\Clusters\Content\Resources\CreepingLineResource","Map exact legacy assignment to Policy/Action ability; canAccessPanel is an additional perimeter; deny unknown roles/actions",ready_for_role_matrix_test,"For each of 8 roles: navigation visibility + direct URL + table query scope + record action + Livewire request"
751,delete_creeping_line,creeping_line,delete,1,admin,1,"App\Filament\Clusters\Content\Resources\CreepingLineResource","Map exact legacy assignment to Policy/Action ability; canAccessPanel is an additional perimeter; deny unknown roles/actions",ready_for_role_matrix_test,"For each of 8 roles: navigation visibility + direct URL + table query scope + record action + Livewire request"
752,browse_seo_city,seo_city,viewAny,1,admin,1,"App\Filament\Clusters\Seo\Resources\SeoCityResource","Map exact legacy assignment to Policy/Action ability; canAccessPanel is an additional perimeter; deny unknown roles/actions",ready_for_role_matrix_test,"For each of 8 roles: navigation visibility + direct URL + table query scope + record action + Livewire request"
753,read_seo_city,seo_city,view,1,admin,1,"App\Filament\Clusters\Seo\Resources\SeoCityResource","Map exact legacy assignment to Policy/Action ability; canAccessPanel is an additional perimeter; deny unknown roles/actions",ready_for_role_matrix_test,"For each of 8 roles: navigation visibility + direct URL + table query scope + record action + Livewire request"
754,edit_seo_city,seo_city,update,1,admin,1,"App\Filament\Clusters\Seo\Resources\SeoCityResource","Map exact legacy assignment to Policy/Action ability; canAccessPanel is an additional perimeter; deny unknown roles/actions",ready_for_role_matrix_test,"For each of 8 roles: navigation visibility + direct URL + table query scope + record action + Livewire request"
755,add_seo_city,seo_city,create,1,admin,1,"App\Filament\Clusters\Seo\Resources\SeoCityResource","Map exact legacy assignment to Policy/Action ability; canAccessPanel is an additional perimeter; deny unknown roles/actions",ready_for_role_matrix_test,"For each of 8 roles: navigation visibility + direct URL + table query scope + record action + Livewire request"
756,delete_seo_city,seo_city,delete,1,admin,1,"App\Filament\Clusters\Seo\Resources\SeoCityResource","Map exact legacy assignment to Policy/Action ability; canAccessPanel is an additional perimeter; deny unknown roles/actions",ready_for_role_matrix_test,"For each of 8 roles: navigation visibility + direct URL + table query scope + record action + Livewire request"
757,browse_abandoned_carts,abandoned_carts,viewAny,1,admin,1,"App\Filament\Clusters\Commerce\Resources\AbandonedCartsResource","Map exact legacy assignment to Policy/Action ability; canAccessPanel is an additional perimeter; deny unknown roles/actions",ready_for_role_matrix_test,"For each of 8 roles: navigation visibility + direct URL + table query scope + record action + Livewire request"
758,read_abandoned_carts,abandoned_carts,view,1,admin,1,"App\Filament\Clusters\Commerce\Resources\AbandonedCartsResource","Map exact legacy assignment to Policy/Action ability; canAccessPanel is an additional perimeter; deny unknown roles/actions",ready_for_role_matrix_test,"For each of 8 roles: navigation visibility + direct URL + table query scope + record action + Livewire request"
759,edit_abandoned_carts,abandoned_carts,update,1,admin,1,"App\Filament\Clusters\Commerce\Resources\AbandonedCartsResource","Map exact legacy assignment to Policy/Action ability; canAccessPanel is an additional perimeter; deny unknown roles/actions",ready_for_role_matrix_test,"For each of 8 roles: navigation visibility + direct URL + table query scope + record action + Livewire request"
760,add_abandoned_carts,abandoned_carts,create,1,admin,1,"App\Filament\Clusters\Commerce\Resources\AbandonedCartsResource","Map exact legacy assignment to Policy/Action ability; canAccessPanel is an additional perimeter; deny unknown roles/actions",ready_for_role_matrix_test,"For each of 8 roles: navigation visibility + direct URL + table query scope + record action + Livewire request"
761,delete_abandoned_carts,abandoned_carts,delete,1,admin,1,"App\Filament\Clusters\Commerce\Resources\AbandonedCartsResource","Map exact legacy assignment to Policy/Action ability; canAccessPanel is an additional perimeter; deny unknown roles/actions",ready_for_role_matrix_test,"For each of 8 roles: navigation visibility + direct URL + table query scope + record action + Livewire request"
762,browse_reviews,reviews,viewAny,1,admin,1,"App\Filament\Clusters\Content\Resources\ReviewsResource","Map exact legacy assignment to Policy/Action ability; canAccessPanel is an additional perimeter; deny unknown roles/actions",ready_for_role_matrix_test,"For each of 8 roles: navigation visibility + direct URL + table query scope + record action + Livewire request"
763,read_reviews,reviews,view,1,admin,1,"App\Filament\Clusters\Content\Resources\ReviewsResource","Map exact legacy assignment to Policy/Action ability; canAccessPanel is an additional perimeter; deny unknown roles/actions",ready_for_role_matrix_test,"For each of 8 roles: navigation visibility + direct URL + table query scope + record action + Livewire request"
764,edit_reviews,reviews,update,1,admin,1,"App\Filament\Clusters\Content\Resources\ReviewsResource","Map exact legacy assignment to Policy/Action ability; canAccessPanel is an additional perimeter; deny unknown roles/actions",ready_for_role_matrix_test,"For each of 8 roles: navigation visibility + direct URL + table query scope + record action + Livewire request"
765,add_reviews,reviews,create,1,admin,1,"App\Filament\Clusters\Content\Resources\ReviewsResource","Map exact legacy assignment to Policy/Action ability; canAccessPanel is an additional perimeter; deny unknown roles/actions",ready_for_role_matrix_test,"For each of 8 roles: navigation visibility + direct URL + table query scope + record action + Livewire request"
766,delete_reviews,reviews,delete,1,admin,1,"App\Filament\Clusters\Content\Resources\ReviewsResource","Map exact legacy assignment to Policy/Action ability; canAccessPanel is an additional perimeter; deny unknown roles/actions",ready_for_role_matrix_test,"For each of 8 roles: navigation visibility + direct URL + table query scope + record action + Livewire request"
767,browse_venipak_data,venipak_data,viewAny,1,admin,1,"App\Filament\Clusters\Commerce\Resources\VenipakDataResource","Map exact legacy assignment to Policy/Action ability; canAccessPanel is an additional perimeter; deny unknown roles/actions",ready_for_role_matrix_test,"For each of 8 roles: navigation visibility + direct URL + table query scope + record action + Livewire request"
768,read_venipak_data,venipak_data,view,1,admin,1,"App\Filament\Clusters\Commerce\Resources\VenipakDataResource","Map exact legacy assignment to Policy/Action ability; canAccessPanel is an additional perimeter; deny unknown roles/actions",ready_for_role_matrix_test,"For each of 8 roles: navigation visibility + direct URL + table query scope + record action + Livewire request"
769,edit_venipak_data,venipak_data,update,1,admin,1,"App\Filament\Clusters\Commerce\Resources\VenipakDataResource","Map exact legacy assignment to Policy/Action ability; canAccessPanel is an additional perimeter; deny unknown roles/actions",ready_for_role_matrix_test,"For each of 8 roles: navigation visibility + direct URL + table query scope + record action + Livewire request"
770,add_venipak_data,venipak_data,create,1,admin,1,"App\Filament\Clusters\Commerce\Resources\VenipakDataResource","Map exact legacy assignment to Policy/Action ability; canAccessPanel is an additional perimeter; deny unknown roles/actions",ready_for_role_matrix_test,"For each of 8 roles: navigation visibility + direct URL + table query scope + record action + Livewire request"
771,delete_venipak_data,venipak_data,delete,1,admin,1,"App\Filament\Clusters\Commerce\Resources\VenipakDataResource","Map exact legacy assignment to Policy/Action ability; canAccessPanel is an additional perimeter; deny unknown roles/actions",ready_for_role_matrix_test,"For each of 8 roles: navigation visibility + direct URL + table query scope + record action + Livewire request"
772,browse_site_images,site_images,viewAny,1,admin,1,"App\Filament\Clusters\Seo\Resources\SiteImagesResource","Map exact legacy assignment to Policy/Action ability; canAccessPanel is an additional perimeter; deny unknown roles/actions",ready_for_role_matrix_test,"For each of 8 roles: navigation visibility + direct URL + table query scope + record action + Livewire request"
773,read_site_images,site_images,view,1,admin,1,"App\Filament\Clusters\Seo\Resources\SiteImagesResource","Map exact legacy assignment to Policy/Action ability; canAccessPanel is an additional perimeter; deny unknown roles/actions",ready_for_role_matrix_test,"For each of 8 roles: navigation visibility + direct URL + table query scope + record action + Livewire request"
774,edit_site_images,site_images,update,1,admin,1,"App\Filament\Clusters\Seo\Resources\SiteImagesResource","Map exact legacy assignment to Policy/Action ability; canAccessPanel is an additional perimeter; deny unknown roles/actions",ready_for_role_matrix_test,"For each of 8 roles: navigation visibility + direct URL + table query scope + record action + Livewire request"
775,add_site_images,site_images,create,1,admin,1,"App\Filament\Clusters\Seo\Resources\SiteImagesResource","Map exact legacy assignment to Policy/Action ability; canAccessPanel is an additional perimeter; deny unknown roles/actions",ready_for_role_matrix_test,"For each of 8 roles: navigation visibility + direct URL + table query scope + record action + Livewire request"
776,delete_site_images,site_images,delete,1,admin,1,"App\Filament\Clusters\Seo\Resources\SiteImagesResource","Map exact legacy assignment to Policy/Action ability; canAccessPanel is an additional perimeter; deny unknown roles/actions",ready_for_role_matrix_test,"For each of 8 roles: navigation visibility + direct URL + table query scope + record action + Livewire request"
777,browse_canvas_photo_improvements,canvas_photo_improvements,viewAny,1,admin,1,"App\Filament\Clusters\Catalog\Resources\CanvasPhotoImprovementsResource","Map exact legacy assignment to Policy/Action ability; canAccessPanel is an additional perimeter; deny unknown roles/actions",ready_for_role_matrix_test,"For each of 8 roles: navigation visibility + direct URL + table query scope + record action + Livewire request"
778,read_canvas_photo_improvements,canvas_photo_improvements,view,1,admin,1,"App\Filament\Clusters\Catalog\Resources\CanvasPhotoImprovementsResource","Map exact legacy assignment to Policy/Action ability; canAccessPanel is an additional perimeter; deny unknown roles/actions",ready_for_role_matrix_test,"For each of 8 roles: navigation visibility + direct URL + table query scope + record action + Livewire request"
779,edit_canvas_photo_improvements,canvas_photo_improvements,update,1,admin,1,"App\Filament\Clusters\Catalog\Resources\CanvasPhotoImprovementsResource","Map exact legacy assignment to Policy/Action ability; canAccessPanel is an additional perimeter; deny unknown roles/actions",ready_for_role_matrix_test,"For each of 8 roles: navigation visibility + direct URL + table query scope + record action + Livewire request"
780,add_canvas_photo_improvements,canvas_photo_improvements,create,1,admin,1,"App\Filament\Clusters\Catalog\Resources\CanvasPhotoImprovementsResource","Map exact legacy assignment to Policy/Action ability; canAccessPanel is an additional perimeter; deny unknown roles/actions",ready_for_role_matrix_test,"For each of 8 roles: navigation visibility + direct URL + table query scope + record action + Livewire request"
781,delete_canvas_photo_improvements,canvas_photo_improvements,delete,1,admin,1,"App\Filament\Clusters\Catalog\Resources\CanvasPhotoImprovementsResource","Map exact legacy assignment to Policy/Action ability; canAccessPanel is an additional perimeter; deny unknown roles/actions",ready_for_role_matrix_test,"For each of 8 roles: navigation visibility + direct URL + table query scope + record action + Livewire request"
782,browse_alt_suggestions,alt_suggestions,viewAny,1,admin,1,"Custom action/page ability","Map exact legacy assignment to Policy/Action ability; canAccessPanel is an additional perimeter; deny unknown roles/actions",ready_for_role_matrix_test,"For each of 8 roles: navigation visibility + direct URL + table query scope + record action + Livewire request"
783,edit_alt_suggestions,alt_suggestions,update,1,admin,1,"Custom action/page ability","Map exact legacy assignment to Policy/Action ability; canAccessPanel is an additional perimeter; deny unknown roles/actions",ready_for_role_matrix_test,"For each of 8 roles: navigation visibility + direct URL + table query scope + record action + Livewire request"
784,browse_image_alt_suggestions,image_alt_suggestions,viewAny,1,admin,1,"App\Filament\Clusters\Seo\Resources\AltSuggestionResource","Map exact legacy assignment to Policy/Action ability; canAccessPanel is an additional perimeter; deny unknown roles/actions",ready_for_role_matrix_test,"For each of 8 roles: navigation visibility + direct URL + table query scope + record action + Livewire request"
785,edit_image_alt_suggestions,image_alt_suggestions,update,1,admin,1,"App\Filament\Clusters\Seo\Resources\AltSuggestionResource","Map exact legacy assignment to Policy/Action ability; canAccessPanel is an additional perimeter; deny unknown roles/actions",ready_for_role_matrix_test,"For each of 8 roles: navigation visibility + direct URL + table query scope + record action + Livewire request"
786,browse_seo_meta_suggestions,seo_meta_suggestions,viewAny,1,admin,1,"App\Filament\Clusters\Seo\Resources\SeoMetaSuggestionResource","Map exact legacy assignment to Policy/Action ability; canAccessPanel is an additional perimeter; deny unknown roles/actions",ready_for_role_matrix_test,"For each of 8 roles: navigation visibility + direct URL + table query scope + record action + Livewire request"
787,read_seo_meta_suggestions,seo_meta_suggestions,view,1,admin,1,"App\Filament\Clusters\Seo\Resources\SeoMetaSuggestionResource","Map exact legacy assignment to Policy/Action ability; canAccessPanel is an additional perimeter; deny unknown roles/actions",ready_for_role_matrix_test,"For each of 8 roles: navigation visibility + direct URL + table query scope + record action + Livewire request"
788,edit_seo_meta_suggestions,seo_meta_suggestions,update,1,admin,1,"App\Filament\Clusters\Seo\Resources\SeoMetaSuggestionResource","Map exact legacy assignment to Policy/Action ability; canAccessPanel is an additional perimeter; deny unknown roles/actions",ready_for_role_matrix_test,"For each of 8 roles: navigation visibility + direct URL + table query scope + record action + Livewire request"
789,add_seo_meta_suggestions,seo_meta_suggestions,create,1,admin,1,"App\Filament\Clusters\Seo\Resources\SeoMetaSuggestionResource","Map exact legacy assignment to Policy/Action ability; canAccessPanel is an additional perimeter; deny unknown roles/actions",ready_for_role_matrix_test,"For each of 8 roles: navigation visibility + direct URL + table query scope + record action + Livewire request"
790,delete_seo_meta_suggestions,seo_meta_suggestions,delete,1,admin,1,"App\Filament\Clusters\Seo\Resources\SeoMetaSuggestionResource","Map exact legacy assignment to Policy/Action ability; canAccessPanel is an additional perimeter; deny unknown roles/actions",ready_for_role_matrix_test,"For each of 8 roles: navigation visibility + direct URL + table query scope + record action + Livewire request"
